name,users_name,sequence,vector,x6x_his_tag_terminus,cut_sites,add_stop_codon,antibiotic,master_well,acc
Batch220_p003,WP_095301812.1_adenylate_cyclase_[Bacillus_sp._7586-K],attttgtttaactttaagaaggagatataccATGAACAAAGTCCGTTTATTGAAACATTATATACTAACAAAGTATGGCCGTAAATTTCATTCGCGTCATGAGATAGAGAACTATCAAAATAAAAAAATTAAGAAACATCTGGATTTTATCGTAGAGAAATCCCCTTTCTACCGGTCCCTTTATTCTGAATATGAAACCGAGCTGAAAACAAATCACTGGCGCAAACTGCCTATAATCGATAAAGCAATGATGATGGAACAGTTTGACCTGTTTAATACAGTTGGTATTAAAAAAGAAGAAGCTCTCAATCTCGCATTTTCTGCAGAAAAGACACGCGATTTCTCACCCAAGATTAATAATATTTCTATCGGACTGTCGTCAGGAACTAGCGGAAACCGTGGATTATTTCTGGTATCGGATAAAGAGTCGGAAATGTGGGCAGGAACGGTTCTGGCCAAACTTCTTCCGGGTTCGCTGCTGAATACGCACAGAATTGCGTTCTTTCTGCGCGCTAACAATAACCTGTATAGTTCAACTGAGAATGGTAAGATCACTTTTCACTATTTTGATCTGCTGGATGATTTTCAAAGTCATAAGACCCGGTTACAAGACATACAGCCTACGATCATGATCGGACCGCCGTCTATGTTAAGGAAAATCGCTGAATGGCAGGCTGAACACCAACTGCATATTTCACCGACTAAGCTGATTTCGGTAGCAGAGGTTTTGGAAGATATCGATAAGAAATTCATTGAGGCTGTCTTTAAGCAGCAGTTGCACCAGGTATATCAATGCACCGAAGGTTTCCTTGCCACAACATGCAAGCATGGGACACTCCATATTAATGAGGATCTGGTAGCAATACAGAAGGAGTATTTGGACCGTGAACGGGGTATATTCGTTCCTATCATAACAGATTTTACAAGGATTACGCAGCCAATTATAAGATATCGCCTGAACGATTTATTAATTGAACGGAAAACCCCATGCCCGTGCGGCAGCCAGTTTCTGGCCCTTGAAAGAATAGACGGTCGCTCTGATGATCTGTTTTACGGAGAGCGATATGGTGAGAAAGAAAAAAAAGTGCTGTTTCCTGATTTCATTCGACGGGCAGTAATGCTCGCATCGGAACACATCCTGGAATATAAGGTAATCCAAAAAGAACTGAATCTCATTGAAGTTAAAATTAAAGTCGAACAGAAGAATCACGAGCAGGAGGTCAAAGAACGTATCCGCATGGAGCTCATTAAACTGTGGAAATCCTTTCACTTAATAGAACCTACCATCATCTTTTCTGACTACAATATCCTCCCGTCTGATAAAAAGCTGAAACGTATTGAAAGTAGGCTGctcgagcaccaccaccaccaccactgagatccg,pET28b,N-term 6XHIS,Nde1/Xho1,before Xho1,Kanamycin,C1,WP_095301812
Batch220_p004,WP_097326008.1_long-chain_fatty_acid--CoA_ligase_[Actinoplanes_atraurantiacus],attttgtttaactttaagaaggagatataccATGTTAGCGGAACTTATAGAGAGTCTGCGTGAAGGTGATGATCGACCTGCCTTACCAGGTGCAACTCGTGGTGAATTAGCAGGTTTGGTAAGAGGATATGCGGTCGCTCTGGCGCACCTGACTCCGGGTGACACCATTGCCCTGGCGGTGCGCCCTGGACCGCGTAGTTTGGCAATTCTGCTGGCGGCGTATCATTTAGGTCTGAGAATAGCGGTACTGGATCCAACCGCTGGCCCTGATGTGCTACGCGCACGATTAGCGCTAGCCGCCCCCAAATTGGTACTCGCGGATGCCGCCGCCCAAGCAGTCGCAGGATGGGCAGCTCGGTTAGCTCGTAGAGCTCATTTAGCTCTTCCAGAATTGGGCGCAATTGCCCCCGTTCGTACAGTTGGAAGGCGGCTGCCGGGATCCCCACCAGCCTTACGGCCGCTTCCTGGAAGACTCCCTCAGCCCTATGAAGGTGAAGGAGACGCCGTGATTGTCTTTACGAGTGGCACCACATCGCGCCCGCGCGCTGTTGTTCACACTCGCCGCTCAATCAGCGCCGGAATGACCGCAGTGCGTGATCTGGTGCGGCCTGTGCCAGGTGCCCCAGTTCTGGGAGGTACCTTCTTTGTGCTGGTTCCAAGCCTGGCTGGTGGTGCACCGGTTGCATTTCCGAGTCGCCGAGCGTTAGCCAGACAGGTTCGTGAATTAAATCCACAGGCGACCTATCTGACACCGCCACAGGTACGCGCAGGCCTGGCAGCTGGGGCTCGGTTTACGGGCAGGGTATATAGTGGTTCTGCGCCGGTGTCAGCCTCCCTGTTGAGTGCAGTACGCCGTAGCGGGGCATCCGAGGCGTGGGGCGTATATGCATTGACCGAAGTATTCCCGGCTGCAGCGGTTGAAGAAAGCGCAAAAGCGAGCTTTACAGGTGACGGTGATCTGGTAGGTCCGCTTCTGCCGGGTGTGACCGCAAGAGTTGGAGACGACGGCGCGTTATTTCTGGCAGGCCCGACCGCTGCGGATCGGTATTTGGGCGAAGACCCTTTTGCATGGGTGGCCACCGGTGACATGGGCCGTGTCCTGGATGACCACTCTATCGTTCTGGGAGGCCGGGCAAAAGATATGATTCTGCGTCGCGCCGAGAATATCTACCCAGGGCTTTATGAGCCGAGTTTACACATTGCCGGTGTAGAACTCGCACTGCTAGTGGGCGTTCCTGCAGGTGACGGGGATGAACAGGTTGTGGCCGTTGTACAGACCTCAGCGGGTGCAGATCAACGTTCGGTTCGGGCCGCGCTGAGAGACCCACTTGCAAGGATGGGATCTGCACGTCCTGATCGCCTGGTATTTGCTGAGATTCCATTGGCGGGTCGGTCTCGCAAACCAGATCGACGCGCTACAGCCTTGCTGGCCGCGCGTCGTctcgagcaccaccaccaccaccactgagatccg,pET28b,N-term 6XHIS,Nde1/Xho1,before Xho1,Kanamycin,D1,WP_097326008
Batch220_p005,WP_073399364.1_long-chain_fatty_acid--CoA_ligase_[Bacteroides_luti],attttgtttaactttaagaaggagatataccATGACCATTGAAGAAATAATTTATCAGAACTCTCTTAATGAACCTAATAAAATCGCAGTGATTTCAGGAGAAATTTCTCTGTCTTACAGTGACCTGTGGCTTAAAATCGAGGAAGCTGCCTCCTATTTTCTGCTTCGTACGGACATCAATGCCGGTGATCGGATCATTATCTCCGCCTCCAAGAACGTTAATTTTATTTATTCCTACTTAGGTGCTCATTTAGCCAAGTTGATTTGCGTGCCGATCGATACGGAAACAAACGAAGTACGCCTTGAGCGCATTTACAACCAGTCTCAACCGAAACTGATTATAGGTGAACTGCGAGACTCCAAAGGCTTCGATGTGATACCGTTTGCCGAGGTTTCTTCTGAAACAAAACAGGTTTACTCATTTCCGGATGAAACAAGTATTGCAGATCTGTTGTTTACGACGGGTACTACAGGGTTACCCAAAGGTGTAGCCTTATCCTACAATAACTTATTAAGCGCGGCTAAGAACATCAACAGCTTTATCGGTAATAATTCATCTGACATAGAACTGCTGGCCCTGCCTATTAGCCATAGTTTTGGGTTGGGCCGCCTTCGTTGCACACTCGTTCAAGGAGCAACCTTAGTCCTCTTGGGATCTTTTGCGTCAATGAAAAAATTTTATAATGAAATAGAACGCTGCGGAGTCACGGGCTTCGGAATGGTTCCGGCCAGTTGGGCGTATATTAAGAAAATGTCGAGCGAGAGAATTGCTAAATACGCTGATCAGCTAAAGTATATCGAAATTGGCAGTGCTTTCATGCCAGTAGAAGATAAAAAACTGTTAATGAACCTGCTGCCAAAAACACGTATATGCATGCATTATGGTCTGACAGAAGCGTCACGCTCTGCTTTTATTTCTTTTCACGACGATATCGCACATCTGAATACCGTGGGGAAAAGCTCGCCTAACACGGAGATTGAAGTGTACTCGGAAAAAGGCGAACTCTTGGGGCCTAATAAAGAGGGTGAAATATGCGTGAAGGGGAATCATGTTTGTTCGGCCTACTGGGGGTTACCGAAATCAGATTTCGACAACGATTTTAACGGAGAGTTTTTCAAGACGGGTGATTGGGGCTATAAAAATTTCGAGGGTTACATTTACTTGAAAAGTCGTAAAAAAGAAATTATTAATGTAGGTGGGAAAAAAGTATCACCTATCGAAGTTGAGGAATTCATTAATAAAATTGATGGTATCCTTGAGAGCGCCTGTATTGGCGTGAAAGACAACGTATTCGGCGAGGTTGTTAAAGCCTTTATTGTATGCGATAACGAGATTAAAGATGCCGAGATCAAAGAAATTCTGAAATCACAGATTGAAAATTATAAGATACCTGTGTATATTGAAAAAATCTATGAAATTCCGAAGACGAATTCAGGAAAAATACAGCGACTGATGTTAAAActcgagcaccaccaccaccaccactgagatccg,pET28b,N-term 6XHIS,Nde1/Xho1,before Xho1,Kanamycin,E1,WP_073399364
Batch220_p006,WP_015101233.1_long-chain_fatty_acid--CoA_ligase_[Saccharothrix_espanaensis],attttgtttaactttaagaaggagatataccATGCCGGATGACCTTCTGCTTGAAGTCCTGAGAGCTGCACGTGAACATGGACCGAGACCTGCCCTGACAGATGCACGCGGCCGAACAAGTACGTATAGAGAACTGTCCGATAGAGTTTTGGGAACAGCGCATCGCTTAAGGGCGGAAGGTATGCGAACCGGCACCAGAATGCTGTTTTCGGTGAGACCTGGTCCAGACGCCATTGTGCTTGCATTAGGAACTGTTGCCGCAGGGGGCACGGTTGTGTTTATTGATCCGGGTGTTGGTCCTGAACTGTTTGCGTCGCGTTTTGCCTTGGCGGACCCGGGTTGGGCAGCAGCCGAAAGCCTGTTATATGCTGCGTCCGCCCCTGGTCCTCTTCGCGCTTTGGCAAGACGACGAGGCGTGCTGCTGCCAAACTACGGGAGACTGCCACTTAGACACATCCGTAGCGGGCCGTGGCTCCCTGGAGTTCCCGTGCGTGCGGTATCAACTCGCAGCCTCTTTCGAGCGGTCCCTGGCGCTGTCCCGCCAGATCCGGACCCCGATCAGGAAGCGGTTGTGGTTTTTACCTCAGGAACAACCGCCACGCCGAAGGCTGTCGTTCACACTCGGGGAAGTTTAGGAGCTGCATTACGCACCCTTGCTACTCGTTGTGAACTTGGTCCAGATACCAGAGTTCATACTGATCAGATGATGTTAGGTTTACCAGCATTAGTGGCCGGAGCGCATTGGACCATGCCACCGTACGGTTTCGCACCAAGCGCAGATCCAGCAGCTGTGGCAGCGGGTTTAGCGGGAGCGACCCATACATTCCTAGTACCGGCCGATCTAGCTGTGATATTAGACTCGGGTGTTGCTCTGCCGGGATCCCTAAGGCAAGTGCTTCTGGGGAGTGCTCCGGTACTTCCCCCCTTGTTAAAGCGAGCACAACGGGCATTGCCGGATGTAGAATTCCTAGCCGTTTATGGCATGACAGAAATCCTTCCGGTTGCCATCGCCACTGCAGATGAAAAAATAGGGCATGGCGGAGACCTGCTTGGGCGCCCGCTTCCGGGCGTTTCTGCACGTTTAGCACCCGATGGCGAGCTCCTGGTTTCCGGTCCGAATCTTTGCCGTGGGTACCTGGGTGAGCCGCCTTTGACGGAGCATGCGACAGGCGACTTAGCACGTTGGGATGACGACCGGCTGGTGTTAACAGGCCGTAAAAAAGATATGATCATCAGAGGTCGTACCAATGTGTACCCGGGGCTGTATGAGCCAGCTATTGCAGATTTACCTGGCGTGGCTGGCGCCGTAATGGTTGGTGTTCCGGATGCCATCGGCGATGAGAGAATTGTGCTGGTTCTGACAGCTTTACCCGGTACAAGCGCAGGATTAGCTCAGCGGGTGCGCGCTGCGTTGCCGGATCTTATCGACGCATCTGCACTGCCCGACGAGGTTGTGCTGGTAGATGAATTACCGCTTGCTGGACGCCTTCGTAAGATTGACAGAACGGCACTGCGTGAAAGATTCGCGAGActcgagcaccaccaccaccaccactgagatccg,pET28b,N-term 6XHIS,Nde1/Xho1,before Xho1,Kanamycin,F1,WP_015101233
Batch220_p007,WP_088206053.1_peptide_synthase_[Chlamydiales_bacterium_SCGC_AG-110-P3],attttgtttaactttaagaaggagatataccATGTCGACACTAGCTTTCAAAAGCATTACTTCCCACATAGATAGAATGGCGCTTGAAAACCCGGAAATGGATGCGTTAGTAGTACCTACTGGTAAACGTGTGGGTGGCGAGACCGAGTATACGCATCTGAGTTTTAAAGAGTTAAAAAGAGAAAGTGAAGTTATCGCGGCCGGTCTGATAAAAGCCGGGATTAGTAAGGGCTCCCGCACAGTGCTGATGCTGAAACCCTCCCTCGATTTCTTTGTTCTGACATTTGCCGCCCTCAAAGCGGGCATCGTGCCGATAATGATCGATCCGGGTCTTGGTGTTAAGAACTTGAAAACGTGTCTACAGGAAACCCACCCAGAGGCATTTATCGGTATAAGTAAGGCACACGTTGCTAGAATTTTATTTCGGTGGAGCAAAGATAGTATAAAAACCCTGGTTACCTCTGGGCGTCGTTATTTCTGGGGAGGTTATTCTCTTGAAGATATTAAAAAACTGGGCCGTATTGACGCAGGTCTTCAGGCACCACAGATTAGACCGGAGGACATCGCAGCGATCCTTTTCACGTCTGGAAGCACCGGCGTCCCAAAAGGCGTAGTATATCAGCACAAACATCTGGTTGCTCAGGTAGAAATGATTAAAAAAACTTATAATATCAAACCGGGGGAGATTGATCTTCCTACTTTCCCATTTTTTGCTCTGTTTGATCCCGCCTTAGGTATGACGGCGGTGATTCCTAATATGGATCCAACACGTCCGGCGAAAGTCGATCCGAGGAACCTCCTGGAACCAATCCGGCGTTTCAATATCACTAATATGTTTGGATCCCCAGCACTGCTGAATACTTTTGGCCGTTATTGTGAGAAACATACAATTACCTTGCCCAGCCTTAAGAGGATCATCTCTGCAGGCGAGGCTGTATCTCCGACGGTGCTGGATAGATTTAAACATGCCCTGAGTTCGACAACCGAGATATATACTCCTTATGGAGCAACAGAATCACTGCCGGTGTCCAGCATTGGTTCCCATGAAATACTTGAACACGCCAAGAAAAAGACTGAACAAGGAGCAGGAACTTGCGTTGGCAAAGCGGTTGACTCGATGGAAATCGCCATTATAGCTATCGATGATAAGCCAATCGAGTATTGGAATGAAACACTGCAGCTTCAGCAAGGCGAAATTGGTGAAATTGTCGTGAAAGGGCCGCCAGTCACAAGCAGCTACTATAACCGGACCGCATCGACTCAACTGGCTAAAATTAAGGACGGTAAGACGATCCGGCACCGTATGGGCGATCTGGGCTATTTTGATCGCGAAGGTAACCTGTGGTTCTGTGGTAGGAAAGGCCATCGAGTTGAAACCGAGAATAAATGCTACTATTCAGTACCGTGCGAAGGAATTTTTAATGTTCACCCTCTGGTGTATCGGAGCGCCCTTGTCAGTCTGACTAGCGATGGTGCAATAACACCAGGGGTGTGTATCGAACTCAAAAACGGTAAGAGGAGTGCTAAAAAAGATGAATTGTTCAAGGAACTACGAACAATCGGAAGCTCTTATGATCAAACGAAAGATATTCAATATTTTTTCATTCATCCTGGCTTCCCTGTGGATATCCGTCATAATTCGAAGATCTCCCGTGAAAGGCTGAGCCGCTGGGCACAGAAGGAACTTAGActcgagcaccaccaccaccaccactgagatccg,pET28b,N-term 6XHIS,Nde1/Xho1,before Xho1,Kanamycin,G1,WP_088206053
Batch220_p043,WP_052408244.1_hypothetical_protein_[Allokutzneria_albata],agcagcggcctggtgccgcgcggcagccatATGGTCTCACGTCACGCGCATGACTTCCTGGCGGCTTTTCAGGACTCTGTGGAGCATAGACCGGAATGCACAGCGGTGTGGTGGCCAGCAGGCGGGGGGGCATACTCAAGGATGAATTACGGGGAACTTGGTGCCCTTGGTGAGGAGTATACGCGTGCACTTTGGAACGCCGGGCTGCGCAGGGGCATGCGGGCGTGCGTGCTTGTGCCGCCTGGACCGGAGCTGGGGGCACTGTTTTTCGCCCTGGTTCGCATAGGGGTTGTGCCGGTCCTCATTGATCCGGGGATTGCAAAGACAGCTCTCCGTGCATGCATCGCCGAATCGGCCCCGGAAGCATTTATCGGTGTCCCTTTGGCCCATGCTGCGCGCGTGGTTCTTGGCTGGGGCCGTTCGAGCGTACGAGTCGCGATCACCGTAGGGCGCCGCTGGTTTTGGGGGGGACCTACCCTGAAATCGTTGTGTGATCAGGTAGGTGAAGAACCTCCGGAGTTTCATCCGGATCCGGACGCACTGGCGGGAATCGCATTTACTAGCGGTAGCACGGGTCCCCCTAAGGGCGTCGAATTCCGCGGACATCACCTGGGTGCACAAATGCGTCTGGCAGGCCAAGTCTTTCCTGTTCCCAGCGGTATGGTTGGTATGTCTACGTTTCCGCCGTTTTCATTGGCAGGACCAGCACTGGGCTTGAGCATGGTCGTTCCTGACATGGACCCGGTGCATCCTGCGGAGGCGGACCCCGCGACTTTAGTAACGGAGATTGACCGGTTTGGAGTAGGGGGACTTTTTGGCAGCCCTGCGCTTTTGGATCGCCTTTCGCGGTACTGCGTGACCAATGACATTGAGCTTTCTAGCCTGTCAGTGGTCACCTCAGCAGGGGCGTCCCTTGACCCGCGTATCGCTGAGAGGATGAGAAAATGCCTTCCACCGGATGCTCTGCTCTTTAGCGGGTATGGTGCAACGGAATGTCTTCCGGTGTCCGTTATAGAATCCAGAGATCTTCTGGGCGAAGTACGAGTTGCATCCGAGAACGGAGCCGGCACCTGTGTAGGTGTTCCGTTGCCGGATAACGATGTCCGTATAATCCGGGTGGATGACGGCCCGATAGCGGAATGGAGTGATGACTTACTGGTTCCGCAGGGCGATATCGGTGAGATAACCGTCGCCGGGCCCAGCGTCTCGGAACGATATCATGATCGCCCGGACGCGACCGCACTGCACAAAATTCGTGATGGGGAACGAATCGTGCATCGTGTTGGAGATCTGGGCTGGCTGGACGAACATGGCCGTTTGTGGTTTTGTGGCCGTAAATCACAGCGCGTCCGCACAGCCTGGGGTGACCTAAATACCGAACAGATCGAACCTATTGCGAATACTGTTCGCGGTGTGAGAAGATCTGCACTGGTAGGCGTAGGACCCGCCGGACAACAGCAGCCGGTGGTCTGCGTTGAGACCGAAAGAGGAGTTAGACAGTCCGGCAGGAACAGAATTGCGGCTGAAGTCTTACGGCTCGTCGCGGATCGCGGAGTCCGCACTGTGCTGTTCCATCCGAAATTTCCAGTCGACGTTCGTCATAATGCAAAAATTGGGCGTGAACGATTGGCCCGGTGGGCCTCACGCCGCGCTAGATAActcgagcaccaccaccaccaccactgagatccg,pET28b,N-term 6XHIS,Nde1/Xho1,before Xho1,Kanamycin,C6,WP_052408244
Batch220B_p024,WP_013563926.1 NAD-dependent epimerase/dehydratase family protein [Isosphaera pallida],cacagcagcggcctggtgccgcgcggcagccatATGAATGTGGCGGTCACGGGCGTGACAGGCTTTCTTGGCAGTGCTATTGCAGATCTGCTGAGAATGCGCGGGTATCGAGTAAGAGGCCTATCTCGTAGCGCAGGATCAGAATTGAGAGGAAGAGGCATCGAACCGTATGCCGTGGACTTATCTGACCGGGATCGCCTTACCGCCGTTTTTCATGGTTGTGATGCGGTGATTCATACTGCGGCAAAAACGGGCATTTGGGGAGCCGAATGCGATTATTATCGGGTGAATGTTTTGGGGACCGCACAAGTGGTAGCTGCCTGCCGCGCAGCTGGCGTAACTCGCTTAATCGTTACTTCTTCACCGTCCGTGGTTCATCATGGTGGCGATCTGGACGGAGTTAATGAGTCGATCCCATATCCTCGTCGGTTCTTGGCCCCCTATCCAAAAACTAAAGCGGAAGCAGAGCAGTTGGCCCTGGCAGCAAACGGACCCGGACTTGCGGTTGTCGCACTGCGCCCACATTTGGTATGGGGCGCCAATGACCCGCACCTGATCCCTCGGTTAGTACAGGGTCGACTGCGTGGTACGTTGCGTCGGATCGGCCATGACGATAAACTGGTTGACTCTACTTACATCGATAACGCTGCTTATGCACATTGGCTGGCGCTGGAAAGACTTAGCAACTACGACTCTCCACCTGCCGGCCGTGCGTATTTTATAGCACAGGGCGAACCAACACCATTATGGTCTCTAATAGATAGGTTTCTTGAGTCGGCGGGTGCACCTAGGCTCGATCAGACTAAGATGATCGGATATCGCGCCGCGCTAACTCTAGCAACTCTTTTGGAGACGGTGTATAAACTGCCGGGCTTTAAAAGCGAACCACCTTTGACTCGTTTTGTCGTTCATCAGCTTGCGACCGCACATTGGTTCGATCTGACAGCTGCCAGACGTGATCTGGGCTATAAACCAATAGTCACCCTAGACCAGGGCCTGGAACGTTTGCGTGCTGCACGTTGTGAATCAACTAGAGCCTCGGCCAGATTTGATCTGCCACTTGAAAGCAGCATTCATGCAGCAGAGACCAATCGCTGTCGGGCCGAAGGAAACCCTCCATTACGTCTCGGCGATGTACACCATCTGGCCGATCAGGCTTCAGCCTCGTAActcgagcaccaccaccaccaccactgagatccg,pET28b,N-term 6XHIS,Nde1/Xho1,before Xho1,Kanamycin,2-H3,WP_013563926
Batch220B_p082,C6W5A4_DYAFD_Acyl-CoA synthetase (AMP-forming)/AMP-acid ligase II-like protein,ctctagaaataattttgtttaactttaagaaggagatatacatATGATTTGGACAACGGGCAAAACTTTATGCAAAACTCAGAAACGTCCGCGTAATCCGTATTTTGCCCAGGCCTATGATTTTATGGAGAAGTGGCTAGGTGGAGCACGGGAGTTTGTGCTGCACACAAGTGGCAGCACGGGCATGCCGAAGCCGATTACAGTCACCCGCGCCCAGTTGGCAGCGAGCGCTGCAATGACAGGTAAAGCCTTATCTCTGGGCCCGGGAACCCGGGCCTTGGTATGCTTAAACGTAGGCTATATTGCTGGCCTGATGATGCTGGTACGCGGGATGGAGCTGGATTGGGAGCTGACAGTTACCGAACCGACCGCAAATCCACTCGCAGGCCTTGATCACGCCGACTTTGACTTTGTAGCAATGGTTCCGATGCAGCTACAATCTATCTTAGAGAATAGTGCCACGAGCGGTCAAGTGGATCGTCTGGGCAAAGTCCTTCTTGGCGGAGCTCCTGTGAATCACGCCCTTGCAATGCAAATCAGTGATCTGGCAATGCCTGTCTACCAGAGTTATGGTATGACGGAAACAGTGTCACACGTCGCATTGAAAGCACTGAATGGTCCGGAGGCAAGTGAACTGTACGTATTTCTGCCTGGAATTCAGTATGGAGTAGATGAGCGGGGTTGTCTGCATATTTCCGGGGCCGTTACCAATGGGCAGACGGTCCAGACGAATGATCTAGTCGAAATACATGGTAATGCATTTCAGTGGATTGGCAGAGCAGACAACGTAATTAATTCAGGGGGTGTTAAGATAGTATTGGATCAGATCGATCAGCGGATTGCCGCAGTATTTCACCACTTGAATATCGGCAACGCCTTTTTCTGCTGGTGGGAACCAGATGCGAAACTTGGGCAGAAGCTGGTTCTGGTCATTGAAAATGCGATGCCGGAAGCTTTGACGGAACGCTTGACCGCCGAAATTCGCTCTCGCGTTAGTACGTATGAGAATCCTAAGCATATCTACTTCGCCAAAGCATTCGCCAAGACTCAAACTGATAAAATTGATAAGAGGGCCACTTTTCAAAAACTCTCAGATAGTTCAAATGGTctcgagcaccaccaccaccaccactgagatc,pET30b,C-term 6XHIS,Nde1/Xho1,after C_terminal_His_tag,Kanamycin,2-B11,C6W5A4_DYAFD_Acyl-CoA synthetase (AMP-forming)/AMP-acid ligase II-like protein
Batch220B_p083,WP_084433636.1 long-chain fatty acid--CoA ligase [Kibdelosporangium aridum],ctctagaaataattttgtttaactttaagaaggagatatacatATGGCCGTGGTAAATCTAGCTGCTAACCTCGCTCGCACGGCAGCACAGTATCCGGACCGAGTTGCCATCCGCCTTGACGATACTATGTTGACTTACTCTGAACTGGACGACGCTACCAAACGTGCAGCGGGGCTGTTAGCCGAACACGGAGTGCAGCCCGGAGACCGGGTTGGTATTATGCTTCCGAATGTACCGCAGTTCGCAGTTTTGTATTATGCGACCCTACGAGCCGGAGCGGTGGTGGTACCAATGAACCCACTTTTCAAGGAACGGGAAGTAGCATATTATTTAAGCGACAGCGGAGCCAAAGTTCTTTTTGTTTGGGAAGATTTTCAGCCTGGGGCAAAAGCGGGTGCTAAATTAGCAGACACCGCCTGCGTCGTTGTGGATGGTTCTCTCACAGCGGCGCCGCCTATAGACCACGTGGTAGATCGCGCCGACGAAGACACAGCGGTTATTTTTTATACATCGGGGACTACCGGTCGTCCCAAAGGAGCAGAGTTTACTCATGCCAATTTGATGCGTAATGTGGAAATTGCGGTAAGAGATTTAATTCAGGCAACTGCGGAAGATGTTGTATTTGGTGCTCTACCGTTATTCCATGTGTTTGGCCAGACGGTTGGTTTGAACGTTGTAGTGGCAGTAGGTGGATGTCTGACGTTAATGTCACGCTTTGATGCCGCAAAAGCATTAAAGGTACTTCAACGGGATAAAGTCACCGTTTTCGAAGGCGTTCCGACAATGTATGTAGCGTTGGCGAACCATCCTGATCGTGCGAACCATGACCTGAGTTCGCTTCGCGTCTGTTTAGCTGGCGGGGCTCCTCTTCCGGCAGAGGTCATTACGGCCTTTGAGCAGGCATTTGGTTGCGTGATCATGGAAGGATACGGCCTAAGCGAAACATCTCCTATCGCGTCCTTTAATGTCCCCGGTAAGCGTCGACCCGGGTCCATTGGTACACCGGTATCTGGAGTTCGCTTTCGTATTGTTGATGATCACGGGGAAGATGTGCCTCCAGGAGAAATCGGGGAAATAACCATTAAAGGGCATAATGTTATGAAAGGATATCGTGGTAAACCTGAACAAACCGCCAAAGCTATACGCGATGGATGGTTTCATAGCGGAGACCTTGGACGCCAAGATGAGGATGGCTTCTATTATATCGTCGATCGTAAAAAAGACATGATAATACGCGGTGGTTACAATGTTTATCCGAGAGAGATCGAAGAAGTACTGTACGAACATCCTGCAGTAGGTGAAGCCGCTGTTATAGGCGTACCCCATACCGAATTAGGTGAAGAAGTAGCTGCCGTTGTAGCGTTGAAACCTCCGGCCACGGCAACGGCCGATGAACTTCGGGATTTCGTGAAAGGCAAGGTAGCGGCATATAAATATCCGCGCACAGTTCGGATCGTGGGCGAATTACCGAAAAATGCGACCGGCAAAATTTTGAAACGCGAACTGCGGATTAGTCATGATCGTCTGGATctcgagcaccaccaccaccaccactgagatc,pET30b,C-term 6XHIS,Nde1/Xho1,after C_terminal_His_tag,Kanamycin,2-C11,WP_084433636
Batch220B_p085,WP_069433349.1 long-chain fatty acid--CoA ligase [Mycobacterium gordonae],ctctagaaataattttgtttaactttaagaaggagatatacatATGGAACAGATAGTCAACGCACTATCTGCAAATCTGATTGCCTCTAAGGATAGACATGCTGATCGTATCGCCCTGCGGTGTGATGACATCGAGCTGACGTATGCAGAATTAGATGCTGCCGCCTCACGTGTTGCGACGCTGTTAGAACGCGCTGGCATTGGCCCTGGAGATAGGGTTGGTGTGATGTTGCCCAACACACCAGCGTTTGCTATTGCATTTTATGGGATACTTTACCGAGGTGCCATAGCAGTCCCGATGAACCCCTTACTGAAAAGCCGCGAAGTTGCCTATTATCTGTCCAATTCGGGGGCCCAAGCCCTGTTCGGGACCACGCTGTTTGCGGATGAAGCCACTGCCGGAGCTCAGGAGACCGGTGCACGCTGCTGGCTTGTAGATGATGCCGGCCTTGCACAGTTAACCGAAGATTTGCCTGCGCAGGATGAGCCGGTTGCCCGAGCAGACGATGATGTTGCGGTGATACTCCACACGTCCGGGACAACTGGAAAACCAAAAGGTGCAATGCTGACACACGGTAATCTGTCTAGAAACGCCGATATTTCAGTTAGAACGCTGATTAAGACCGGCCCAGATGACGTCGTTATGGGCTGTTTACCGTTATTCCACGTCTTTGGCCTTACATGCGGTCTTAATGGTTCCATTCTCGCCGGCGCAACTCTGACATTAATTCCTCGGTTTGACCCAAGAAAAGCTTTGGAGGTTATAGGGCGGGATGCTGTAACGGTATTTCAAGGTGTTCCGACGATGTACTCTGCTCTGCTGAGTCTTGCCGGTGATGTTGCTCCGGAAGCGATAGCATCATTGCGCACCTGTGTGTCTGGTGGCGCATCTCTGCCGGTCCAAGTCCTGTCAGATTTTGAAAATGCATACGGGTGTGCCATATTAGAAGGCTATGGTCTTTCGGAAACCTCCCCTGTTGCGTCATTTAATCATCCGGATCGACCGCGCAAAGCCGGGTCTATTGGCACTCCGGTACACGGAGTTGAGATGCGCGTGGTTGATCCTCATGGGGCTGAAGTGGCACAAGGTGAGCCGGGTGAAATCCAGATCAGGGGACATAACGTGATGAAAGGGTATTGGAATCTTCCTGACGCTACGGCAGCAGCAGTGTCCGCAGACGGTTGGTTTTCCACCGGGGATGTCGGTCGAGTCGACGAGGATGGTTATTTCTATATTGTGGACCGCACAAAGGACATGATTATCCGGGGTGGCTACAATGTGTATCCCCGTGAGATCGAGGAAGTACTGTACGAGCATCCTGCAGTAGCCGAGGCGGCTGTTGTCGGCGTGCCACATCCTGAGCTCGGAGAAGATGTAGGCGCAGCGGTGGCATTAAAGAATAATGCCTCTGTAGATCCCGATGAGCTCCGTGAATATGTGCGCGCTCGGGTGGCCGCATATAAATATCCACGCCAAATCTGGTTAGTAGACGCACTGCCAAAAGGCCCGACGGGAAAGATACTTAAACGGGAAATTTCAGTTCCAGCCAATGAATCTACActcgagcaccaccaccaccaccactgagatc,pET30b,C-term 6XHIS,Nde1/Xho1,after C_terminal_His_tag,Kanamycin,2-E11,WP_069433349
Batch220B_p086,WP_013453768.1 AMP-dependent synthetase [Marivirga tractuosa],ctctagaaataattttgtttaactttaagaaggagatatacatATGGAAGCAGGGCAATTCAATATTGTGTCGCTTTTTACGGAATCAGCTAAACACTTCCCGGATCGTATCGCGATTATAGAAAAGGAAACACAGATAACATACTCCGAACTGGCCAAAGAAATCGACATCACCGCGGCCTATTTCCAGCAAAAAGGCATCAGTAAGGGAGATCGGGTTTTGGTGTTTGTTCCGATGGGTATTGACCTTTATCGGATCGTGCTCGCACTATTCAAAATTGGTGCGACAGCAGTGTTCCTGGATGAGTGGGTGTCGTTTAAAAGGCTCAATCTTTGTTGCAAAATTGCCGACTGCACCGCCTTTATAGGTATCCTTAAAGCTCGCATTCTGACTTTTTTCTCTTCGGAGATTCGAAAGATCCCAGTCAAACTTGGCATAAACTATAAAGAGGTCAAAAACAGCTATCAATACATTACCACGGACCTCGACGACATCGCCCTAATAACGTTTACAACAGGATCTTCAGGTACCCCCAAGGCTGCAAAACGGACCCATGGGTTTCTGAGGGCGCAGTTCGAAGTGCTGGAGAAAAAAATTGACCCAGAAATCAGCAAAATAGATATGCCGGTACTACCGATTGTCCTTATGATTAACCTTGGGAAAGGCCTGACCAGTGTTATCGCAGACTTTAAGGCGTCCAAGCCTGAAAGTTTGAAAGCAGATAAAATTATTGCCCAAATAGAGAAGCATCAGGTCGAAAGCATCGCTAGCTCCCCGTACTTTGTATTGAATTTGGCGAAATACGCGTTGGAAAATGATCATCCAATTAAGAACATTAAGCGTATTTTTACGGGGGGTGCCGCCGTTTTTCCGGAGGAGGCACAGAGTTACGTTGACGGCTTCCCCAATAGTACTAGCAAAATTCTGTATGGCTCGACTGAAGCCGAACCCATTTCCTCAGTCAATGCGAAAGAACTGGCGCATCGTAATTTAACCAAAGATAAAGGTTTATTCGTGGGCCCCATTGACGCCTCAGCCACTGTGCTGATCATGCCTATTGAAGATCGTGCGCTAGAGTTTAACTCTTTAAATGATCTCCAGAATTTCAGCCTGGATGATGGAGAGATAGGCGAGATTATCGTATCCGGTCCGCATGTTTTAAAAGAATATGTTAATAATCCAGATGCCATGAAGCGTCAAAAGATCTGGGTTGAGGGCCGCTGCTGGCACCGTACTGGAGACTCAGGCTTTCGTATAGGCAATGAGCTTTTCCTGACAGGTCCTTGTAATGCCCTTATTCAAAATGAAGCTGGTTTTCTATCGCCTTTTCTCTATGAGGAAATCCTTAAATCTAATAATGGTGTAAAAGCAGGTACAATTATTAGAATCCGCAATAAAAACTATGCGGTAGTTGAAATAGAGACGAAGGCAGATAGTAACGCCATTACGAAAGAACTGCTGCGTATATACGCCATAGATGATGTGCATTTTATGGAAAAAATCCCACGCGATCCGCGTCACTTTAGCAAGATTGAGTATAAAAAGCTGAAACTTATCTTGAAGCAGAAACTTAAGctcgagcaccaccaccaccaccactgagatc,pET30b,C-term 6XHIS,Nde1/Xho1,after C_terminal_His_tag,Kanamycin,2-F11,WP_013453768
Batch220B_p087,WP_065302598.1 long-chain fatty acid--CoA ligase [Vibrio natriegens],ctctagaaataattttgtttaactttaagaaggagatatacatATGATGAACCTCGCGGCGGCGTTACAACGTAACGCCGCTAGCAAACCAGATAAAACGGCACTTATTTGCGGGGACCTGGAGATTTCTTATTCTCAGTTTGACGCTATCGCAGGTAAGATTGCAACCTCTCTTATTAACAGTGGTGTCAAACCCGGTGATAGGGTTGCGTTAAGCTGCCCTAACCTTCCTTTTTTTGCGTTCATATATTTTGCCGTACAGAAAGCAGGGGCGGTAGCAGTTCCGCTGAATGTGTTACTGAAAGCCCGGGAGATTAAATACCATCTGGAAGATTCCAACGCAAAATTTTTCTTCTGTTTTGAAGGAACACCTGAACTGCCGATGGCTCGCGAAGGGGTTAAAGCTTTTAAGGAGGTAGAAACATGCGAAAACATGATAGTCATGACCCAGTCTCAAGCCGATCTGGAATGGGGCGGCGTACCAACACTCAATGCGTTTATTCGCGATGTTGAACCACTGGCGGATTACGTGCCTCGAAACGCCGACGACACGTGCGTAGTACTATATACATCGGGGACTACCGGCATGCCTAAAGGCGCTGAACTGACCCAGCAGAATATTGTTATGAACGCGATCGTGGGCCAGAACATTATGGCTGCGCAAGGAGACGATGTCCATCTGGTGACCCTCCCGCTGTTTCACACCTTTGGCCAGACCGTTCACCTGAACGCAAGCGTTCTGAGCGGAGCAACTTTGGTATTAGTCCCGAGGTTTGAACCGAGCCACGTTCTGGAGTTGATCGAGAAACACAAGGTGACGATCTTTGCCGGAGTGCCAACGATGTATATTGGCATGCTGCATGCCGACGCCGATTACGACATCAGTAGTTTGCGAGTGGCAGCGTCGGGTGGAAGCTCGCTCCCAACTGAAGTTTTTCGGGCATTTGAAGAAAAATTTAATGTGCCAATCCTGGAAGGATATGGTCTGTCTGAAACTTCACCAATTGCCTGCTTTAACCACTTAGACCAAGAGCGAATCCCAGGCAGTGTGGGGCAGCCGATCCAAGGGGTTGAGGTGAAACTTGTCGATCTCGAAGGTAATCAGGTTCCTGTGGGCGAAGAAGGAGAGATTATTGTGAGGGGTCATAACGTTATGAAGGGGTATTTAGGCCGTCCTGAAGTTACGGAAAGTGTCCTTAAAAATGGATGGTTTCACACGGGCGATGTGGGCAGATTTGATGAGGCCGGGAATCTCTACATCGTAGATCGAATCAAGGATCTAATTATCAGAGGCGGGTTTAATGTATACCCGCGCGAGATTGAAGAAGTGTTTATGACGCATCCGGCGGTTGCAATGGTTGCTGTTATCGGAATACCCCATCAGGAGTATGGGGAAGAGATCAAGGCTTATGTGGTACTCAAACCGGACCAGGATCTGGAAGCTGCAGATCTGCAAGCCTGGGGGCGAGAACATCTCGCTGCATTCAAATACCCACGCTTTGTGGAGATCAGGGATCAGCTCCCGATGAGTGCAACTGGAAAAATTCTCAAACGTGAGCTGAAATCAGAATTGAAGGTCGCActcgagcaccaccaccaccaccactgagatc,pET30b,C-term 6XHIS,Nde1/Xho1,after C_terminal_His_tag,Kanamycin,2-G11,WP_065302598
Batch220B_p088,WP_029804406.1 long-chain fatty acid--CoA ligase [Vibrio parahaemolyticus],ctctagaaataattttgtttaactttaagaaggagatatacatATGATGAATCTGGCAGCCGCCCTGCAGAGAAACGCAGCTTCAAAGCCGAACAAGACTGCCTTGATCTGCGGAGACAAGAAGTTTACATACGCAGAATTTGACGCAATTGCAGGAAAAATTGCTACCTCAATGATTAAAGCCGGTGTTAAGCCAGGCGACCGCGTGGCTCTCAGCTGTCCTAATTTACCTTTCTTTCCATTTGTGTATTTCGCAGTTCAGAAAGCTGGCGCAGTGACAGTTCCGCTTAATGTTCTCTTAAAATCACGCGAGATTAAATATCATCTTGAAGATTCAAAAGCAAAATTCTATTTCTGCTTTGAGGGAACGCCGGAGTTACCAATGGCGAAAGAAGGGATGAAGGCCTTCAAGGAAGTCGATGCCTGTGAAACTATGATTGTGATGACCCAGGACCAGACTCAGAAAGAGTATCAGGGACTCCCCACCTTGACCTATTTTATAGAAGATATTGAACCCCTGGCGGATTATGTGGCGCGCGATGCTGACGATACCTGCGTCATTCTGTATACAAGTGGTACAACGGGTCTGCCTAAAGGGGCGGAGCTGACACAGCAGAATATTGTCATGAACGCTCTGGTTGCTCAGAACATCATGGCTAGTCAGGCGGATGATGTCCATCTGGTCACTTTACCACTCTTTCACACTTTTGGTCAAACCGTTCATCTGAATGCGAGCGTCCAATCTGGCGCCACCTTGGTTCTCGTGCCCCGCTTTGATCCGAAACATGTTTTAGAACTCATTGAAAAGCATAGAGTTACACTGTTTGCGGGTGTTCCAACGATGTACATAGGCCTACTGCACGTTGAGCACAACTGCGATATCTCCAGCTTGCGCGTAGCCGTGTCCGGCGGTTCTAGCCTGCCAACCGAAGTGTTTAAGACCTTTGAAGCTCGCTTCAATGTACCAATTCTAGAAGGTTACGGTTTGTCCGAGACAAGTCCGATTGCCTGCTTTAATCATTTGGATCAAGAACGGGTACCTGGATCGGTCGGCCAGCCGATTCAAGGGGTGGAAGTTAAAGTCGTGGACCTGGATGGGCATGCACTGCCCGTCGGCGAGGAAGGTGAAATCATCGTTCGCGGCCACAACGTGATGAAAGGGTATCTGGACCGCCCGGAAGTTACAGAATCCGTTCTGCAGAGTGGGTGGTTCCATACTGGTGACGTGGGTCGCTTTGATGAAAGTGGTAATCTATTTATCGTGGATAGAATGAAGGATTTAATTATTCGCGGAGGTTTTAATGTGTACCCACGCGAAATAGAAGAGGTGTTCATGACCCACCCGGCAGTTGCTATGGTGGCCGTTATAGGCATTCCACATCAAGAATATGGTGAGGAAATCAAAGCATACGTCGTACTGAAACCTAATCAGTTCGTTGAAGCGGATGAGCTGCAATTATGGGGTCGAGAGCAACTTGCTAACTTCAAATATCCGCGATTCGTCGAAATTCGCGAGCAATTACCGATGAGCGCCACCGGCAAAATTTTGAAACGAGAATTAAAATCGGAGCTGGAGGTGGCCctcgagcaccaccaccaccaccactgagatc,pET30b,C-term 6XHIS,Nde1/Xho1,after C_terminal_His_tag,Kanamycin,2-H11,WP_029804406
Batch220B_p089,WP_014198152.1 long-chain-fatty-acid--CoA ligase [Azospirillum brasilense],ctctagaaataattttgtttaactttaagaaggagatatacatATGGCGCACCTCCTGCACCAATTCCTGAGTGAGACCGCCGCACGCAGACCCCATCACACAGCATTGATTGCGGGCGAGAATGCCGTAACATTTGCAGAATTAGATCGTCAGAGCGATGCGGTGGCTTGTGCACTACAGAGTGCGGGCGTTGTCCGCGGCGATCGTGTCGCAGTAATGCTGGAAAATTCAATCGAATATGTTGCAGGTCTGTTTGGCGCACTGAAAGCAGGCGCCGTTTACGTGCCGGTAAACCCTAGCACGAAGGCGGATAAGTTAGCGTATATTTTAACGGATGCTGGAGTACGTGCGCTGATCGCTCCTAGTGCGCTCGCACGTCAGGTCGTTCCCGCCGCCGGTGAAGCATCACATCTTGCAACAACCCTGTGGGTAGGGCCAGCTGTACCGGCTGGTGCAGGAGGGCTGTCGTTTACTGACATCGTTGCGACTCATCCTGATCCGCAAAGTGGGGGGACGAAACCGCAGTCACGCGGTCTGATTGACCAAGATCTGGCCGCGATTCTGTATACCAGTGGCACCACTGGCCGCCCAAAAGGAGTGATGCTGAGCCACGCTGCCTTGGTTAACACAACGTGGTCCATAAGTACCTATTTGGAAAATACACCGGATGATGTTGTTATGTGTGTATTGCCGCTGACTTTCGGCTATGGATTATCGCAGATTCTGACGGGTGCACGCGTTGGTTTTACCGTCGTGCTGGAGCGCTCATTTGCGTTTCCAGCTGAAACTTTGGCCAGGATGGTCAAGCATAGAATTACCGGTCTGCCGGGCGTTCCGACTTTCTTTAGCACACTGCTTGGCATGGAAGCTTTGAAAACAGCAGATTTGAGCTCTTTGCGTTACTTGACTAACGCTGCCGCACCTTTACCAACTGCGCACATTGATCGCCTGAGGGAACGCTTCCCTGATGCAGCGTTTTATTCAATGTATGGTATGACAGAATGTTGTACTCGTATCTGCTACCTTGATCCCCGTGATTTGGGCACAAAAACCGCATCCGTTGGGCGTGCAATCCCTAATTGTGAAGCGTATGTGGTCGATGAACTGGGCAACCGCGCGGCACCAGGTGAGGTGGGAGAACTTGTCGTGCGAGGGGCTAATGTTATGCGGGGATATTGGAACCGTCCGGAAGAAACCGCGAAACGCCTGAGATCTGGACCGCAAGGCGAAACGTTGTTATATACCGGCGACTTGTTTACCATGGACGCGGACGGTTGCCTTTATTTCGTGTCACGTAAAGACGATGTATTTAAATGTCGGGGAGAAAAGGTGTCGCCTAAGGAGGTAGAAAACGCCCTATATGAATTGGAGGCCGTCGTAGAAGCCGCCGTTTTGGGCGTACCGGATAGTGCGGATGGCATGGCAGTAAAAGCATATCTGGTGGTACGGCCTGGCGCAACACTTACTGAAATGGCGATTAGACAGCATTGCCGTGGACGTTTGGAATCCCACTTAGTGCCGAAGTTTATCGAAATCAGGGATGAATTACCAAAAACAGAGTCCGGCAAAATTAAAAGGGCCATGCTTGCGGAAACGGCGctcgagcaccaccaccaccaccactgagatc,pET30b,C-term 6XHIS,Nde1/Xho1,after C_terminal_His_tag,Kanamycin,2-A12,WP_014198152
Batch220B_p090,WP_012861403.1 AMP-dependent ligase [Sebaldella termitidis],ctctagaaataattttgtttaactttaagaaggagatatacatATGAACATAAGCGACATACTCAAAGAACTCGCGGTGAAAATTCCGAACAAGACCGCTGTCATTGATACGAAAACATCAAGTCGGATCTCATTCAACTATCTGGAGAAAAATTCGTCTAAAATTGCCAACATGTTTAAAAAAGCGGGACTCCAAGAAGGTGATGGCGTGCTGATCTTTGTACCCATGTCGGTAGAATTATATTCAATCCTGGCAGCAGTGTTTAAGATGAAGCTTGTTGCGGTATTTATAGATCCGTACGCCGATTCCAAACATATCAAGAATTGTTGCCAGATATATACGTCGAAAGCACTAATAATTAGTGGGAAGAAAGCAGGGTTGCTGTGCTATATGAATTCAGAGATCAGAAAAATTCCGAACAAGTACATTATTAACGGTAAAATGCCCGGCTTCCGTAAATTTTCCGAATATGAAGACCAGTCTTTCGATTTTGCATGTACAGAAACAGCACCGGATACTAAAGCACTGGTTACGTTTACAAGTGGAAGTACCGGTAAACCGAAGGGCCTTGTACGCACTCACGGCTTCCTGGCAGCCCAACAGAAAGTATTGGAGAAATCCCTGGAAATTTCAGAGAATTCAAAAGTTCTGACGGCGTTTCCTGTATTTATTTTGTCAAACATGTACAGTGGTCTGACCTCGATTATTCCGAATACCGACCTTCGTAAAATCGGTGAGACCGATGGCGGGACGATCAGCGGTCAGATAATGTCAGAAAGCATAGATACTATTCTGGCACCGCCTTCGTTTTTTGATAACCTCGTGGAAATACACAAAAACACAGGTAGATCAATACATAGCATTAAAAAGATTATTACGGGGGGTGTTCCAGTGTTTCCCGAGATAATGGAAAACCTGAAAAAGTCTTTCCCTTATGCGGAGATCAAGGTAGTGTATGGGAGCTCTGAGGCCGAACCGATGTCAGAGTTGTGTTATAATGAGCTGAACGAAAATGATATACAAAAGATGAAAAACGGTAATGGGCTGCTGGCTGGTACGATAGTGGAGGATATAAACCTGAAGATAATCGAGAATGACCAGAAGCTGTCCCAGGGAGACCAGATTAAGATGTTGGAACAAGGCGAAAAAGGCGAGATCATTGTGTCCGGCGGCCACGTCCTTGACACATATTTAGAGGCCGAGGAAAACTCAAAAATCAAAATCACTGCCGATAACGAGAACTGGCACCGCACAGGTGACCTTGGCTACATTGATGCCTCGGGGCGCCTCTGGTTACTTGGTCGTGCGAAGGCGGAGATATCAAGAGGTAGTGAAAAAATTTATCCTTTCTCAATTGAGACCATGTTAAGTTTCGAGAAGGATATTAAACGTACAGCTATCATCTCAAAAAAGGGTAAGATACTGTTATTCATTGAAATTTTCTATACGGAAGATAAAGAGAAACAGCTGCAAATCCAAGATAAACTCGAAGAAAAAATCAAAGAACTAAAAATTACTGTGGACAAAGTCATTTTTGCGGATAAAATTCCAGTAGACAAACGTCATAACGGTAAAATTGATTATGGTTCTCTTGAAAGACTATCCGAAAAGTATATTctcgagcaccaccaccaccaccactgagatc,pET30b,C-term 6XHIS,Nde1/Xho1,after C_terminal_His_tag,Kanamycin,2-B12,WP_012861403
Batch220B_p091,WP_053141833.1 AMP-ligase [Streptomyces ambofaciens],ctctagaaataattttgtttaactttaagaaggagatatacatATGACTACTACTGCCGCGGATTTCGCCGGTCGCTTAGCCGAGCGCCCGGATGCAGTTGCGTTGGTGGAAAGCCGGAAGGGCATTTCCAGAACTACACGCCGGGGAGAGTTAGTGCGCCACTGTAGGCGGATAGCCCAAGATCTGAGGGAAGCCGGAGTTCGCCCAGGTCATAAAGCTGTGGTTATGACCCGTGACGCTCATGACCTTACAGCAGTGTCCTATGCTCTGGTTATGCTGGGCGCTGTGCCGGTGCTGATTGAGCCGCGCGCAGAGGTGGGACGTTGCCTCCAGGATATCGCCCCTGATGTTTTTATAGGTGAGCCGCTCGCCCACTTGGGACGGCGTGTATTAGGGTGGGGGCGACCGCATGTGCGCACTGCCCTAGTAACAGGTAGTGCCCCGTTATCCCCCGGCCGTCGGCTGGTCACGCGGACTCCGGCTGATGATGCCTCACCGCCTCAGGTACGTGAACCAGATGGCGATGAACCAGCACTTATTGCCTTTACAAGCGGTTCGACCGGTAGGCCGAAGGGCGCGGAATATCGACACAGCACCCTGGCGGGCCAACTTGACGCTCTTGCTACACTGATGGATCCCCGTTCGGAAGATGTTTTGCTGGCTGGCTTTCTGCCGGTTGCTCTGCTGGGTCCGCTGCTGGGCTTAGCGACTGTTGCTCCGGCTGTGAACCATCTGGCACCTGCCCGCACATCACCGCAGGAAGTGGTAGGACCCCTAAGAGAACACAGAGCTAGTATTGTATTAGCATCGCCGGCTGTTCTGGCACTGATTGCACGACATTGTGCACGACATGACTTAACTCTGCCGTCTGTACGCCAGATCCTGTCTTTCGGAGCTCCGCTGCGCGTTGGCTTAGCCGACGCGTTGCGCAAAGCAGTCCCAGACGATGCCGAGATACTTAGCGTGTATGGTGCAACGGAATGTCTGCCGGTCTCAGCAATTGGGGATCATGATCTGAGGGCATCCAGAACAGCACCACCTGCTGGTCATGCAGGAACCTGTTTGGGACGTCCTTTACCCGGTATACGAGCTAGAATTCTTGAAGCAGATGCTACAGGCCTGGGTGAAATTGCTGTAACAGGTCCGACCGTATCGCCGACATATCACGCTCGTCCGGTAGCGGACACATTTACCAAATCAGACACTGATCATGGAGTTCTCCACCGCACAGGTGACTTAGGTCGTCTTGATGATGAAGACCGTCTTTGGTTTTTGGGTAGGAAAGCGCACTTAATTACTGGTACGGGATTCACATTGACAACCGAGGATGTTGAAGCTGCGGCAGATACTGCTCCTGGCATTCGCAGAACTGCACTGGTCGGCGTGGGTACCGCAGTCTGCCAGTTACCAGTTTTGTGCGTGGAACCTATGCCTTCAACGCCTCGGGCACGGGCGTTGGAAGCTGTACGTGCAGTTCTCAAGGATCATCCAGATGGTTATAGAGTTGGCGCGGTACTGATCCATACTGCATTTCCGACAGATCCTCGCCATAACAGTAAAATAGATCGGATGCGGCTCGCTGGGTGGGCGGCCAAGAGACTGCGTGGGCGTGTTCGGctcgagcaccaccaccaccaccactgagatc,pET30b,C-term 6XHIS,Nde1/Xho1,after C_terminal_His_tag,Kanamycin,2-C12,WP_053141833
Batch220B_p092,WP_049585118.1 peptide synthase [Photorhabdus luminescens],ctctagaaataattttgtttaactttaagaaggagatatacatATGACGAATATCTGTCAACCTATTGTGGATGCGGCACAAAAACATCCCGAACATTTGGCCCTGCAAGCACCGCATTCCCGCGATCATGGACGCGGGCTGTCTTTTCAAGAGTTTTTCTCTCATGCTTCACATTTCCAGCACCAGCTGACCCAAGCGGGGTTTGTAGCAGGTGATCGCTTGCTGGTTATTATCCAACCGGGTCTTGTGCTGTATCCTCTGTTAATCGCAATTTTAGGTCTGGGTCTGGTGCCCGTTATGCTGGAACGTGGTCTCTCAAAGAAACAGCTCAGAGAGATCCTGCGACGCTCAAAACTAAGCGCTGTCATCACCCAGCCTACACTTGGAAAATTTTGGTTTCTGATTCCGGAACTTTGGAGAATGCGTCGCTTTGTTATTGGTCAACGGATCTGGGGTATGAAGGCATTGGAGGCACCGTCCCAACATCTGCCACTGAACAACTTTATTTGTCGAGATTTACCACCTGACACAACAGGCTTAATAACTTTTACCAGTGGCTCAACCGGAATACCGAAAGGTGCGAATCGTACTCATGACAGCCTTTTGGCTCAACTGTACGCTATCACCGCACTGTTTTCCGAAGGCAAATCTGAGATTGATTTGCATTCATTTCCTGTGATGGTACTGCACTCCTTATGCTGTGGTAACTCGTCAATTCTGCCGGACTTTGACTTCGCCCATCCGGCAACGGTTGATCCGCAAAAATTGGTGAGACAAGTTCAGGATAAAGGCGTGACTTGTTTAAGTGGGGCTCCAGCCTACATGGGAAAGGTGACTGGCTATGCTAAATCGAAAGGTCTGTCCTTTCCGAATGTGAGAACAGTTATCGTCGGCGGTGCACCTGCTAATAAGGCGCTGCTGGAAAATTGTTTGACTGTTTTTCCGCATGCACGCCACTTAGTGGTTTATGGTTCAACCGAAGTGGAGCCGATAAGCACCGTTGAAATGACAACTCAACTTAACCATTGGGCGACCCATGATGGTTATCTGGTCGGCAAACCTGTCACCCAGGCCGAGATATGTATTCGGGAAATTACAGCCAATCCACAGCAGATCACCCCGTTAGCAGCCGGCAACGCCGGCGAGGTTCTGGTGGCAGGCCCGCATGTCCTGAAGGACTATATCGACAACCCTCAAGCCACGAAGGAAAACAAGCTGCCACGCAAACAAGGCGGAATCTGGCACTGCACCGGTGACGTCGGCTATCTGGATACAACCGGTCAACTCTGGCTACTGGGTAGAGTAAAAGACAAGGTTGTACTAGATGATGGCCGCATTATCCATCCTTACGTACTAGAAAAGAGAATTAATGAACTTCCTGAAGTTACCCAGAATGCTTTCGTTCCACATCCGTTAGGCGGTGCCGCACTGATACTGGAATCAGCAACATTACCGACTGATCTGCCTGCCATTTTGGATGAGCTTGCGTTAACTTTAGTAACACGTATCTATTACGTTAACCCGATTCCTGTGGACATCCGACATAACTCAAAGATAAATCGCATTGCTCTGATTAACATGCTGGCGAAAGGTCAACTTAGCAGCATTCCGCATAAAGAAAAATTGctcgagcaccaccaccaccaccactgagatc,pET30b,C-term 6XHIS,Nde1/Xho1,after C_terminal_His_tag,Kanamycin,2-D12,WP_049585118
Batch220B_p093,WP_074958408.1 AMP-dependent synthetase [Myxococcus fulvus],ctctagaaataattttgtttaactttaagaaggagatatacatATGGGACAGACCCCTGAAGCAGTGTACAAACATATTAGTCGTGTATCGCTGGGCGACGTAATCAGACGTTCTGCTTTACGTTGGCCGGAACGCACAGCGCTGATCGATGGTGAGCTGGAGCTGTCCTATGCCGAGCTTGATCGACGCGCAAATGCCTTCGCCCATCATCTTCTGGGTCAAGGTTTAGCGCCGGGCGCCAGAGTAGCAATGCTTTGCGGCAACTCTGCTCAAATGGTGACAGCATTTTTTGGTATTTACAAAGCCGGGCTAGTCTGGGTGCCTATCAACACTGGTCTGTCGGTGGAGGCAATAGGATATATCTTAGAACATGCTGAAGTAAGTCGCGTAGTGATTGATTTAGAATTGCTGGCGAAGCCAGAGCTTCGAGCAATGCTGGATGCCCGCGGATTAGGACTGATCGTATGTGTTCCTGAAGGGCAGGCGGCTCCTGGTGGCGGAGCGGTAGCGTTTTTAGACACGTTAAAAGGCCAGCATGGGACACCGCCCGCGGTTGACATCGAATCTACACAGTTGGCTCAGATTATGTATACTAGTGGGACCACAGGTCAGCAGAAAGGTGTAATGCATAGCCATGCTTCGATACATAGCGCATTGTCTGGGAATTTATTTGAATTAGAGCTTCGGCCGTCTGACGTGACCTTATGTGTGCTGCCAATGTTCCATTGTGCACAGCACGCCGTAAGTGTTAGCTTTTTGATGGCCGGGGCTACAGTTATAGTGCGCCGTGTCTTCGAACCCGGCGCTATGTTAGCCACTATCGAACGCCGTGGAGTGACATTCTTACTGGGTCTGCCGATTATGTACGGCGCAATGCTCGCACATCCAGCTAGGCCTACCACTAAACTGTCTTCTTTGCGGATGTGCTTATACGTCATGGCTCCGATGGCAAGAACAATGCTTGTCGAACTGCTTGAGAAATTCTGTCCCGGAGGCTTTGCATTAGCATCAGGCCAAACGGAAATGTATCCTGCAACTACGATGTTCAAACCTGAGCAGCAGCTGAAGAGATTTGGCAGCTACTGGGGAGACAGTGTAGTCACTAACGAAACTGCCATCATGGATGACGAGGGTCGTTTGCTTGGCCGCGGTGAAGTGGGAGAAATAGTCCACCGTGGCCCGAATGTGATGCTGGGATACTACAAGGACCCAGAGGCTACAGAACGTGCACGTGCATTTGGCTGGCACCATACCGGTGACCTTGGTATGTTCGACGCGGATGGTCAGTTGCTGTTCGTAGACCGTAAGAAAGATATGATTAAAACCGGAGGCGAAAATGTTCCAAGTATTAAAGTTGAAGAGGTGTTGCTGCGCCATCCTGCTGTTTTACAGGTGGCTGTTGTGGGATTACCACATCCGCGTTGGGCGGAAGCTGTCACTGGCTTCGTCGTTTTAAAACCGGGCGCGAGCGCAACCGCCCCGGATTTAATTACGCATTGCAGGCAGCATTTGGGCGGCTTCGAAGTCCCGAAGTCGGTGGTACTGTTAGAAGCTATGCCTCAAACTTCTACAGGTAAAGCTCAGAAATTTGTTCTGCGTCAGCGCTTTGAACAGCATTACCAGGACGGTGCGGCCctcgagcaccaccaccaccaccactgagatc,pET30b,C-term 6XHIS,Nde1/Xho1,after C_terminal_His_tag,Kanamycin,2-E12,WP_074958408
Batch220B_p094,WP_010983718.1 fatty acid--CoA ligase [Streptomyces avermitilis],ctctagaaataattttgtttaactttaagaaggagatatacatATGACAACGACTGCCAACGGCAGTTGGACGCTTACTCATACTAGTCGAGCGCATGCCGGTTCCCGTCCGCATCACGCGGCAATTGTTTGTGAAGGGCGTATCACTACCTATGGCAAGCTGCATCGCGAAAGTAATCGTGCAGCCCACGCTTTACGGGTGAGCGGTGTGCAGCGGGGCGATCGTGTGGCGTACCTGGGTCGTGAATCCGAAAACTATTATCTTGTTATTCTTGCCTGCGCTAAGGCCGGGGCAGTCCTAGTTCCAGTTAATTGGCGCTTGACGCCAGACGAAGTTGACCATATACTGCGTGATTCTGGGGCAACGCTTGTCTTTGTGGACGATGAGTTTTGGGCGACCGCCACCAAAGTCCGGCCCCATTTGCCTGAGTTTCACACTATGATCCGGATCGATGGTACCGACGCAGAAGGCGAGCCTGCACGGGGTGCTGGTCTGCCGGCGTGGTACGCGGACCAGCCCGATGCTGACTTGGAACCTGGCACCGGCCCGGATGATGCGGTCGTGCAAATATATACCAGCGGAACTACCGGTTTACCCAAGGGCGCCGTTTTAGCGCACCGTTCGTTTTTTACGCTGCCACAGGCTATGCGTGATCACGATGTCGCATGGATTGATTGGTTACCGGATGACGTCGCCCTTATCTCTCTGCCGGGTTTCGGTATTGCAGGCATCGGATGGTTCATGCATACGTTTAATGCCGGTGGTACTTCCGTTATTATGCCACAATTTGACCCCCAGGAAGCAGTTCGTCTGATCCGCACTCATCGAGTGACAACTACGTTCGCTGCACCTGCAATGCTGCAGATGATGGCGGGGGAACGCACCGCAGGACCGGACGCTTTTGTAAGCTTGCGCAAGATTTGTTATGGCGCAGCTCCGATGTCGGAGACCCTGCTAAAACAGTGTTTGGAAACATTTGATTGTGAATTCGCCCAGATTTATGCCTCGACTGAAACCGGAAGTGTCGCGGTATGCCTTCCCCCCGAAGCCCACCATCCGGGCTCAACGGTATTAGAATCGGTGGGCAAACCCTGCCCGGGAAACGAAGTCAAGGTCGTTGGTCCTGATGGGGCAGAATTGCCACCGGGCGCCATAGGGCAGATCTGTGTTCGTGCGCCGAGTCGTATGCTTGGATATTGGAATCTGCCGGAGGCGACTGGCCGTACATTGGTTGGGGAATGGCTGCACATGGGTGATGCAGGCTACTTAGACGAAGATGGTTATATCTACCTCTGCGACAGAATGAACGATACCATTATCGTGGCGGGGCAAAACATTTATCCGGCAGAAGTAGAAAAAGCGTTGGCAGCTCACCCGGCAGTCGCAGACAGCGCTGTTGTTGGTCTGCCCGATCCCCGTTGGGGAGAAGCCGTTCATGCAGCAGTAGTTTTACGTCCTGGAGCACAAGCTTCTCCTCGTGAATTGCTGCTCAGCCTTAGAGGTCACTTAGCCGATTATAAAATTCCGGGGGCCTATCATTTCGTCGATACCTTACCGCGTAATCCATCAGGAAAAATATTACGCCGCGCAGTCCGTGAACGTTTGTCGGCTCCTGCTCGTGATCCTCTGACGTCAGCAGTACAActcgagcaccaccaccaccaccactgagatc,pET30b,C-term 6XHIS,Nde1/Xho1,after C_terminal_His_tag,Kanamycin,2-F12,WP_010983718
Batch220B_p095,WP_004088270.1 peptide synthase [Xylella fastidiosa],ctctagaaataattttgtttaactttaagaaggagatatacatATGAAAGAACCTTGTAATATAGCGGCAGCACTGCCGAGACTTGCGTCCGAACGACCGGAACAAATCGCGATACGGTGCCCTGGACGTCCTGGTAGTGGTGGCATGGCAGCATACGATCTGACACTTTCCTACCGTGAATTGGACAGCCGTTCCGACGCTATTGCCGCCGGGTTTATTGCTTATGGGATTGGTAGAGGTGTGCGAACAGTTGTTATGGTTCGCCCTTCACCGGAATTTTTTCTCCTGATGTTCGCATTGTTCAAAGTTGGCGCGGTCCCGGTGTTGGTCGATCCCGGCATTGACCGATCAGCCCTCAAACAGTGTCTCTCCGAAGCGGAGCCGCAAGCATTCATCGGTGTCTTTCTGGCCCAGTTAGCACGACGCCTACTGCGCTGGGCGCCAAGCGTTACACGGGTTGTGAGTGTAGGAACTCGCTGGGCATGGTGTGGCACCACACTGGCCCATTTGGAGCGAGCTGGTATCGGAGCATCCGCGCAGCTAGCTGATACGACTGCAGATGAAGTGGCGGCGATTCTGTTCACTTCGGGATCTACAGGTGTGCCAAAAGGGGTCGTCTACCGCCATCGACATTTTGTTGGTCAGATTGCTCTTCTGCGGGAAACTCTTGGTATTGTCCCGGGCGGAGTAGACCTGCCGACATTCCCGCCATTTGCTCTTTTTAATCCGGCCTTAGGACTGACTTCCATTATTCCCGACATGGATCCTCGGTGTCCAGCTAGGGCAGATCCCAGAAAGTTACATGATGCGATAGCACGTTTTGGTGTCAATCATCTGTTTGGTAGTCCAGCCCTGCTTCGTGTTCTGGCGGAATATGGTAAACCACTGCCGACTCTTCGTTGTGTGACCTCCGCAGGTGCCCCGGTTCCCCCGTACGTGGTTGCCCAGATACGTGCGCTGCTGTCGGATGAAGCGCAATTTCTGACACCGTATGGAGCAACAGAATGCCTGCCTATAGCAGTTATTGAAAGTAGAGAATTGGAAACCACGAGGGCAGCCACTGAACGGGGGGCGGGCACTTGCGTAGGCCATGTTATTGCTCCTAACCTTGTACGCATCATAGCTATCGACGACGAGGGAATAGCAGAGTGGGGTGGCGCGAGAGAGGTGGATTTAGGCGAGATTGGCGAAGTCACAGTTGTTGGACCATCAACTACCGACGCGTACTATAATCGTACTGCTGCCACCCGCCTAGCAAAGATCCGCGAGAGACTGGCGGATGGTAGCGAAAGAATCGTTCATCGCATGGGGGATCTGGGTTATTTCGATGCGCAGCGCCGGCTCTGGTTTTGTGGGCGGAAAACGCATCGAGTCGAAACGGTTCAGGGCCCACTTTATACCGAGCAAGTCGAACCGGTCTTTAATGTGATCGACGGGGTTAGGCGTACCGCTTTAGTTGGAATCGGAACGCTGGGGGCACAACGCCCGGTTCTATGTTACGAAGCTTTACCGGGTGTTGATGTTGCCGCATTGGAGCAGCGCCTGCGCGCGACTGCAAGAGCTTTCATTCATACCGTAGGCATCGTTGACGTACTGGGTCATCCCGGGTTTCCGGTGGACATTCGCCATAACGCGAAAATAGGGCGTGAAAGACTCGCGGTGTGGGCCGCACAGAGACTGCGTTGTctcgagcaccaccaccaccaccactgagatc,pET30b,C-term 6XHIS,Nde1/Xho1,after C_terminal_His_tag,Kanamycin,2-G12,WP_004088270
Batch220B_p096,WP_073456619.1 acyl-CoA synthetase [Pseudonocardia thermophila],ctctagaaataattttgtttaactttaagaaggagatatacatATGTCCGTCTATGATGAGAAGCCATGGCTGGCCCGGTATGATCAGGGTCAGCCAGCTGAAATTACACCGGAGTATCCCAACATGTTAGAATTATTTCGGGCGACCGTGGCCCGTAACGGCTCTGGTGACGCCATACGATATTTCGATCGCAAAATTAGTTTCGCAGAATTAGACGAGCTGACAGATGCATTCGCGGCAGGTTTGATCGCAGAGGGCTTCCAAAGGGGAGACAGAGTGGCGCTCTTTATGCAAAACGTTCCACAATTCGTAATTGCGCAGCTGGGTACTTGGAAGGCAGGAGGTATAGCGGTGAGCATCAATCCAATGAACAAAGAGCGTGAATTAACAGAACTACTGAAAGATAGTGAAGCCACTGTTCTAGTAGCACTGCAAAGTTTACATCGGGATGTAGCAAGCAAGGTTGTACCAGGTAGTACGGTGCGCACAGTTATTACTACCAGCGAACTCGATTTCCAAACACGTAATGAACCAGCAGTTTTCAGCGGTGTTGAGCGCATAGACTGTCCCGGGACTATAGACATGCTTGAGCTGTTAGAAAAACATAAAGGTTCGAAACCGCCGGCTGTTGACCTTAAACCGGAGGATGTTGCATTTTTAACCTACACATCCGGTACTACGGGTCCTCCCAAGGGCGCTATGACAACACATAGGAATGTTGTGTTCAATGCCCAGAGCTACCGTGATTGGATAGGTATTGGACCAGATGACGTCGTTCTTGGCGTTGCCCCTTTGTTTCATATTACCGGCCTGGTAGGGCACATAGCTATAAGCTTACTGGCAGGTGCTCCGCTTGTACTGATGTATCGTCTGGATCCAGCCTTGACTATAGAGACCATCGCAGCAGAGAAAGCAACATTTACTGTGGGTAGTATTACCGTCTTCATCGCTCTGATGAATGCGAAAAACGCCGAAAAAGATAAGCTGGCAAGTCTGACAAAGATCTACTCAGGGGGTGCCCCTATTCCGCCATCAACTGTGGAAGCGTTTAGGAGTACATTTGGCCACTATATCCACAACATCTACGGTCTGACAGAAACGACTTCACCGTCGCATGCCGTGCCACTCTCAGCGGAAGCACCAGTGGATCCTGCCAGCGGGGCATTAAGCGTTGGTGTACCTATTTATAACACAGTTGTTCGTATTGTGGATGAGGATGGTAAAGAACTGCCGCCTGGAGAGGTGGGAGAACTGGTGACCGAGGGACCACAGGTTGTCGCGGGATATTGGAACAAGCCAGCAGAAACGGAAAAAGCCTTGCCCGGCGGGCGCTTACATACAGGCGATGTTGGATATATGGATGAAAACGGTTGGTTCTACATCGTCGATCGCAAAAAAGATCAGATCAACGCGGGTGGCTATAAGATTTGGCCTCGTGAAGTTGAGGACGTATTGTATGAACATCCAGCCGTTCGGGAAGCGGCTGTCGTGGGAGTGCCGGACGAATATCGTGGCGAAACTGTCAAGGCCTTCGTTAGCTTAAAAGAAGGGGCGTCTGTTACTCCAGAAGAAATTATAGCTTTTACTAAAGAACGAATGGCTGCCTATAAGTATCCCCGGTTAGTCGAAATTATTGACGAAGTGCCAAAAAACGCGTCGGGTAAAATCTTAAGGCGCGAACTGAGAGCGCGCGGTctcgagcaccaccaccaccaccactgagatc,pET30b,C-term 6XHIS,Nde1/Xho1,after C_terminal_His_tag,Kanamycin,2-H12,WP_073456619
Batch220B_p097,WP_058441479.1 hypothetical protein [Legionella brunensis],ctctagaaataattttgtttaactttaagaaggagatatacatATGAGTGAGCCGTCTCCGATTGTGAATATCAGTGGATTTCTGAGCATCCTTGCGCAGAGGAAACCTGACAAGGTGGCCCTGTATGTCCAGACAAAAACGGGCCAGTATCTCAGCTACACTTACCAGGAACTCAATCAAGCATCCCATTGGATAGCCAAAGGTCTTCTGATACATGGGCTGAAGCCGAAAGACCGTGTGGTTTTGATGGTGAAACCAGGATTGATGTTTTTCTCTTTGGTATTCGGCCTGTTTAAAGCAGGTATTGTACCGGTCATTATTGATCCGGGCTTAGAAAAAGCGAAACTTAAACATGCGCTTGATCAGGTTGAGCCTATTGGTTTTATTGGAATTCCCCTGGCACAAATTGCTCGTATTCTGCTAAAGTGGGGGAAAAAAAGTATTCAACAGATTATTACTGTTGGCCCACGCTTATTTTGGGGAGGAACAACACTGGAACAGATCTGTCAGCAGGGTAAAGAGACACAGTCCCCGCTCGATTTACCGGTTACACACGGGAATGACATTGCTGCAATTCTCTTCACCTCAGGGAGCACTGGCATACCAAAAGGCGCTGTATATAAACACAGTAATTTCTTGGCGCAGGTAGAACTGATTAAAAAAAGCTTCCAAATCCAGCCTGGCGAGGTTGACGTGCCGACATTTCCTCTGTTTGCATTGTTTGACCCTGCACTTGAGATGACATCCGTGATTCCGAACATGGACTTTTCCAAGCCAGCCAAAGCAAACCCGGACACTATAATCCAGCTGGTCCACGAATTCAATGCAACTAACTTGTTTGCTTCTCCTGCGTTACTGGATCGTCTCTCGCGGTACGCGGCAACTAAAAAATTAAAAATGCCGACCCTAAAACGAACCATTAGCGCTGGCGCGGCTCTGCACCCTAAAATCGTTCAGCAGTTCAAGGATACTCTGAACCCAAATAGTGAACTTTTTACCGCTTATGGCGCCACTGAGTCCCTTCCGGTCAGTTTGATGGGTGGCAATGATATATTACAGGATACTCAAATAAAAACTCACCAAGGGTTTGGGATTTGCGTCGGGAAAACAGTCCCGCCTAGTGATGTTAAAATAATCCAAATTGATGATCGCCCGCTGAGAGAATGGAATAAACAGTTCGTTCTGCCTCCAGGAGAAATTGGTGAAATAGTCGTTCGGGGTCCGCAGGTTACTGAGTCCTATTTTCAAATGGAACGCGAAACCTTACTCGCGAAAATTCCGATCGACAATCATCGTGATTTCTATCATCGAATGGGTGATGTTGGCTATTTCGATGAATCCGGTCGCTTGTGGTATTGTGGGAGAAAATCACAGCGTGTAATCACGAAAGATCAAACTTACTTTACGGAAGTGTGCGAAGGGATTTTTAATCAGCACCCCATGGTTTTCCGCTCAGCATTGGTGGGTGTTCATGTCCAGGGGAGCATAGTCCCTGTAATTTGTATTGAACTCGAAAGCAATACCAAAGCCAGATTTACCAGCATACAACTTGAATTACGTCAGCTGGCGCAAAAGTTTCCTCAAACTCAGCGGATCTCGTACTTTTTGCATCATAAAAAGCTCCCCGTCGATATACGTCACAATGCCAAAATTATCAGAGAACAGGTGGCTAAGTGGGCGGCAAAAGAGATTAACAAActcgagcaccaccaccaccaccactgagatc,pET30b,C-term 6XHIS,Nde1/Xho1,after C_terminal_His_tag,Kanamycin,3-A1,WP_058441479
Batch220B_p098,WP_059384451.1 acyl-CoA synthetase [Rhodococcus rhodochrous],ctctagaaataattttgtttaactttaagaaggagatatacatATGACCATTTATGATGATAAGGTATGGTTATCGCAGTACGACGCAGCGCAAAGGCAACCCCGAACCATAGAGTTCGACGATGCCTTAGCCATGTTTCGTGCGACTGTCGAGAGAGACCCGGACGCGGACATTATAAGATATTTCGATGGGCGTATCACTGCGGGCGAACTGGATGAGTTGAGTGATGCATTTGCCGCGGGTATCCTAGATGCCGGCTTTCGCCCTGGCGAACGGGTTGCCATTTACGCACAGAATGTTCCACAGTTCGTTATCGCGCAACTGGGGACCTGGAAAGCTGGGGGAATTGCGGTTAGCGCAAATCCAATGTACAGAGAGAGAGAATTAGAAGAAATTCTCCGTGATAGTGGTGCGACGGTTCTTGTAGCCCTGCAGTCTTTGTATACCGATGTTGCCGCCAAAGTGGTTGAGAGCACGGATGTACGTACTGTAATTACAACAAGCGAGTTAGAATACCAGAGTGCTAATTCGGGCACTCTCGCAGGAGTTGAACGTATAGAGTGCGCAGGTACCACCGATATGGCAGAAATGCTGACCGCGTTCCGGGGACGCACCGTGCCTCCCGCCGAAATCGGACCAGAGACTGTTGCTTTCCTGACGTACACCAGCGGTACAACCGGGCCTCCTAAGGGAGCCATGACGACCCATCGTAATGTGGCATTCAATGCCCAAACCTACCGCGACTGGATCGATATCGGTCCGGATGACGTCGTACTGGGCGTGGCCCCCTTGTTTCATATCACAGGGTTAGTGGGACATATTGCCTTATCCCTCCTTACAGGAGCCCCTCTTGTTCTGATGTATCGCATGGATCCGGCGGACACGATTGATACAATTGAAAAGCAGAGAGCGACCTTTACAGTGGGGTCAATAACGGTTTTCATAGCCTTAATGAACGCGCCTAATGCTTCCAAAGAAGCCTTGGCCTCCCTGACCAAGATATATTCTGGTGGCGCACCGATTCCGCCTTCAACAATTGCCGCTTTTGAAGAGCGCTTCGGACATTATATTCATAATATATATGGACTTACAGAGACAACATCCCCTTCGCATGGCGTACCGCTGGGGCGTCGTGCGCCGGTCGACGAATTGACGGGTGCGACGAGCGTTGGAGTTCCGGTTTACGACACTGTGGTACGTATTGTCGATGACAACGGTAATGATCTGCCGCCGGGGGAAGTTGGGGAGTTGGTTACTGCTGGACCACAAGTAGTTGCCGGCTACTGGAATAATCCCGAAGCGACAGCCAACTCTATACCAAACGGTGTTCTGCATACTGGTGACGTTGGGTACATGGACAGTGATGGTTGGTTCTACATAATCGATAGAAAAAAAGATCAGATTAATGCTTCTGGATATAAAGTTTGGCCCCGTGAAGTAGAAGATGTACTGTACGAACACGATGCTGTGCGGGAGGCCGCCGTCGTAGGCGTCCCAGACGAATATCGGGGTGAAACAGTCAAGGCCTTTGTCAGCCTTCGCCCGGGTGCAACTGTTACACCGGACGAACTCATCGCATTTACCAAAAAAAGATTAGCCGCGTATAAATGCCCGAGGTTTGTCGAAATCATTAGTGATATTCCACAGACGGCCACGGGAAAGCTTTTACGTCGCGAACTTCGTACAGCCACTCAGTCGctcgagcaccaccaccaccaccactgagatc,pET30b,C-term 6XHIS,Nde1/Xho1,after C_terminal_His_tag,Kanamycin,3-B1,WP_059384451
Batch220B_p100,WP_002649035.1 peptide synthase [Gimesia maris],ctctagaaataattttgtttaactttaagaaggagatatacatATGTCGGATTCTCAAAGGAATATTGCCGACCGTCTGAAACAGAGCGCCCAAGCATGGCCATTTCAGAAAGCTGTGGTGTTCCCGGCGGGGCAGGATAAACAAGGACGATATACCTACAGCTCTCTCACTTTTCAGCAGCTCGATCAGGAATCGGATCGTTTAGCCCGGGGTCTTATACAGTTAGGGGTGCAGCCGGGTACGCGTATGGCACTGATGGTCCGTCCATCTCTGGAATTTATCGCGTTAACATTTGCTCTTTTCAAAGCTGGTGCCGTTATCATTCTGATTGATCCCGGGATGGGTCGCAAGAATATCATGCGTTGTTTAGCAGAAGTAGAACCTGAAGGTTTTGTGGCAATCCCCTTGGCGCAGCTCATTCGCAAACTCAAGCATCGCAGCTTTCCAAAGGCGCATTTGAATGTGACCGTCGGTAAACCAGTGCTGACGTCTGGTATAGATTATGAATGGCTGTTGGGTGGCGAATGGGAACCTTTTGAGATCGTACAGCGATCCGTCACGGATCCAGCGGCTGTAATTTTTACATCAGGCAGTACGGGCCCGCCTAAGGGCGTTGCCTATGAGCATGGTATGTTCTGGTCACAGGTGGATTTGCTGCGCGACTATTATCAAATCCAGCCAGGTGAGGTGGACCTTCCAGGATTTCCTCTGTTCGCCTTGTTCAATAGTGCGATGGGTGTCACGACAGTAGTCCCAGACATGGATCCTACCAAGCCGGCGCAGGTGGATCCAGAAAAAATTATTCGCCAGATCAATGATCAGGGTGTGACACAGGCGTTTGGAAGTCCTGCGATGTGGAACCGGATTGGGAGGTATTGTGAACAGCATCAGATACAGCTCCCCTCACTCAAACGAGTCTTGTCGGCAGGGGCTCCCGTGCCTGTTCACGTTATCCAGCGCATGCGCCAGACATTCACGAACAGCGAGACCGATATTAATACACCTTATGGCGCGACGGAGAGCCTTCCTGTTGCTTCTATTTGCGGCAGAGACGTCCTGGAAAAAACCTCTGAGCAAACACAGAGTGGTGCGGGAACCTGCGTTGGCACCCCCTTTCCTGGGGTTCAGGTCAAGATAATTCAGATTCACAACGAGCCTATACGCTCAATAGAACATGCTGTCGAATTACCGGTTGGCGAAATTGGCGAAATAATTGTACAGGGTCCGATGGCTACACGAGAGTATTTCCAGCGCCCGGAAGCTACCCAACTGGCTAAAATCCCTGACGGGGATCGCTTCTGGCATCGTATGGGTGATGTTGGGTATCGCGATGCGGAAGGCAAACTGTGGTTTTGTGGCCGTAAAGCACACATGCTGGAAACTTCCCTTGGTGCCATGTTTACCATCTGCTGCGAAGCGATATTCAATCAGCATCCAAGAGTATATCGTTCCGCCCTTGTGGGGGTCGGGTCAAAACCGAACCAGAAACCCGTGATCATTGTAGAGCCGGAACAAGGGGATTATCCGGAAAACCAGGCCGTGCGTGATCAATTTACACATGAGCTATTGACGCTGGGTCGAGCCAATGCCCTAACCGAGAGTATTGAAACGGTGCTGTTTCATAGATCCTTACCGGTTGATATCCGTCATAATGTAAAGATTTTCAGAGAGAAACTTACCCCTTGGGCTGAAAAACAGGTGAAActcgagcaccaccaccaccaccactgagatc,pET30b,C-term 6XHIS,Nde1/Xho1,after C_terminal_His_tag,Kanamycin,3-D1,WP_002649035
Batch220B_p101,WP_029720995.1 acyl-CoA synthetase [Saccharopolyspora rectivirgula],ctctagaaataattttgtttaactttaagaaggagatatacatATGTCGGCGTATAGTAGCAAACCGTGGTTAGCACGCTATGCACCGGGCCAGCCGGCTGAGATTACTCCGGAGTTTGCAAACGCCCTTGAAATGTTTACCGCCAGCGTGCGCAGAAACCCTGATGGAGATATAATTAGATATTTCGATGGCAGAATAACACTGAGAGAGTTGGACGAATTAACTGATGCGTTCGCGGCTGGGATCACAGATGCCGGTTTTAGTCCTGGAGAACGTGTTGCAATTTATGCGCAGAATGTCCCGCAATTTTTAATCGCCCAGATTGGCACTTGGAAAGCGGGCGGTATTGCAGTCTCAGTGAATCCCATGAATCGCCAGCGCGAACTGGAACTTATCCTACAGGATAGTGGCGCGTCCGTGCTGGTCTGTCTGGAATCCCTGCATCGTGACGTTGCTCGTGAAGTCCTTCCTCGAACGCAAGTGCGTACTGTGATCACTACGAGTGAATTGGAATATCAAACCCGGAACGATGAAAGGCTGTTTGCAGGTGTGGAACGTATTCCTTGCGATGGCACTGTTGACATGGGGGAAATGTTGCGAGAACATCGGGGGCGTGCGGCGCCTCCTGTTAGCCTTGCTCCCGACGATGTGGCTCTCCTGACCTATACAAGCGGCACCACTGGCCCGCCAAAAGGTGCAATGACGACGCATCGCAATATAGTATTTAACGCACAGACATATCGCGACTGGATCGGCTTGTCGGGCGATGATGTGATTCTGGGCGTTGCGCCACTGTTTCATATTACGGGATTGATAGGCCACGCTGCTCTGGCAATGCTGACCGGCGCACCTTTGGTCCTTATGTATCGTCTGCATCCTTCAGTAACAATTGAAACTATACAGGCTGAACAGGCAACATTCACCGTGGGAGCTATTACCGTTTTCATTGCGTTGATGAATGCACCAAATGCATCTAAGGAAGCTCTGACGAGTCTAACAAAAATATATTCAGGCGGCGCTCCTATTCCGCCGAGTACAGTTAGGGCCTTCCAGGAGGCATTTGGCCATTATATTCACAATATTTATGGTTTAACGGAGACAACTTCTCCCACTCACGCGGTGCCCTTAGGTGCGGATGCCCCAGTTGACCCGGCATCCGGTGCGCTGAGCGTAGGAGTTCCAGTATTTAACACCGTGGTTCGGGTCGTAGATGATGACGGCCAAGATTTACCCCCTGGCGAAATAGGCGAGCTGGTGACCTCAGGCCCACAGATAGTGGCAGGCTACTGGAACAAACCAGAGGAGACCGCCGAAGCGATTTCGAACGGTTGGTTCCGAACGGGCGACGTAGGATACATGGATAGTGAAGGCTGGTTTTACCTCGTTGACAGAAAAAAAGATCAGATTAATGCGAGTGGGTACAAGGTTTGGCCGCGCGAGGTTGAGGACGTTCTGTACGAGCATGAAGCCGTACGCGAGGCAGCCGTTGTCGGCGTGCCGGATCCATATCGTGGAGAGACGGTGAAAGCTTTTGTGAGCCTTCGTCCCGGGAAGACTGCGCAGCCGGAAGAATTGATCACGTTTTGTAAACAGCGCATGGCTGCATACAAGTACCCGAGAGAGGTGGAAGTGTTGGACGAACTGCCCAAAACAGTGACTGGTAAACTGCTGCGCCGTGAACTTAGAGCCAGGCATCAGCAATCGctcgagcaccaccaccaccaccactgagatc,pET30b,C-term 6XHIS,Nde1/Xho1,after C_terminal_His_tag,Kanamycin,3-E1,WP_029720995
Batch220B_p102,WP_059196603.1 acyl-CoA synthetase [Streptomyces antibioticus],ctctagaaataattttgtttaactttaagaaggagatatacatATGACTGATTCCCTGTACGCGGCAAAACCCTGGGTTGCTCTGTTAAGTGATGCCCAGCGTGCCCCCATCGACCCAGCCGACTCCCTCGTCCATGCATTACGTGAAGCAGCATCGGATGTACCAGATCGCCCGTTTTTAGCGTACTTCGATGGTCGGCTTTCCTACAGAGAGGTGGACGAACTTTCCGACTCTGTTGCCGGCCATCTGGCCGCCCGCGGCCTTGAACGTGGTGACCGTGTTGCTGTTTTGTTGCAAAACTCACCGCATTTTCTCCTGGCCCTGCTAGGCGCATGGAAAGCAGGCGCTACGGTGGTACCTGTTAACCCGATGTATAAAGCCGGCGAAGTGACACATGTGCTGCGGGATGGTGAAGTCGCCGCCCTGATCTGCAGCGATCGCGCTTGGGAAAGCTACCTACGAGAAACCGCCGCAGATTCACCCGTGCGGATAGTTCTGACAGGTTGTGAACTCGATTTTCAGACGCGCAACGATGCCCGAGTTTTGAGTTTCGAACGCCTACCTCAGCCGGCAGACGCTGAAGACCTGACAACAGTTGCAAGAGCCGGCTTAAAGGCACCTGGGGGTCGCGATCCGGAACCGAGCGATATCGCGCTAATAAGCTATACATCGGGAACAAGCGGCACGCCTAAGGGTGCAACCAATACGCATGCCAACATTATGTATAATGCGGAGAGACAACGAACCGGTTTAGAGCTGCCCGACCCCCCAGTCTACTTTGCCCTGGCTCCACTGTTTCATATAACGGGGATGGTTTGCCAACTGGGTGCATGCTTAAACTCGGCCGGGACGCTGGTTCTGGCTTATCGATTCGAAGCGGGGGTGGTTTTAGACGCCTTCGCCGAGCACGGCCCGCATTATACAGTTGGTCCGTCAACGGCGTTCATGGCTTTGGCAGCGCACCCTGATGTGACCCGGGACCATTTTGCAAGCTTTCGTATGATAAGCAGCGGTGGTGCGCCACTCCCCCCGGCATTAGTGGAGAAATTCAGAGCGGCTTTTGGACCGTACATTCGGAATGGTTATGGCTTAACCGAGTGTACGGCTCCGTGCGCAAGTGTCCCGCCTACCTTAGAAGCACCTGTTGACCCTGTTAGCGGTACCTTGGCTGTGGGCTTGCCCGGCCCTGATACCGTGGTTCGTATAGTAGATGATCAGGGTGCGGAAGTTCCGTTTGGAGAACAAGGTGAAATCCTCGTGCGCGGTCCTCAGGTTGTGCCCGGGTATTGGCGCCGACCTGATGCGACAGCGGAGACATTCCCGGGTGGCGAACTTAGGACGGGTGATATTGGGTTTGTTGACGAGCAGGGTTGGCTGTACGTAGTAGATCGTAAGAAAGATATGATTAATGCCTCGGGATTTAAAGTCTGGCCGCGGGAAGTCGAAGATGTTCTTTATACTCATCCAGCTGTTCGAGAGGCAGCAGTTGTTGGAGTTCCAGATGGTTATAGGGGAGAGACGGTTAAGGCCTATATCAGTTTGAGGCCTGGCGCCGATACTGACCCAGATGAACTCGCGGTTTATTGCAAAGAACGCCTTGCCGCATACAAATACCCACGCCAGGTCGAAATCCTGTCCGACCTGCCCAAGACAGCGACGGGCAAAATTTTAAGACGTGAACTGAGAAGCAGGGGCCAGGGGGAGCGCctcgagcaccaccaccaccaccactgagatc,pET30b,C-term 6XHIS,Nde1/Xho1,after C_terminal_His_tag,Kanamycin,3-F1,WP_059196603
Batch220B_p104,WP_002653827.1 peptide synthase [Blastopirellula marina],ctctagaaataattttgtttaactttaagaaggagatatacatATGACGACAGCGGCCAGCTCGACTAGCAAAAATGTCGGGCTTTTACTTGCCCAGGTCGCAGCTGAACGCGGCGATGCGGTTGCGATTGCAACACCAGGGCGTCGCGATGCGGACGGCCGTCGCGTTTATCAGACAATAACCTTCGCCCAGCTCGAAGCAGACTCAACGCGATTAGCAGCAGGGCTGGCTGCATTAGGTGTGACACCGGGTACACGGCTGGCCCTGCTGGTAAAACCCTCCATCGATTTCGTTTCCCTGGTATTTGCTCTGTTTAAAGTCGGTGCCGTTTCTGTCTTGATCGATCCAGGAATGGGACGTAAAAATTTGTTACGCTGCCTGGACCAGGTGGAGCCGGAAGGCTTTGTGGCGATAAGCATAGTACAAGCCGTTCGCGTTTTAATGGGTCGTCGATATGGGCAGGCTAAGATGAACGTAACTGTGGGCCGCCGCTGGTTTTGGGGAGGGCCCACCATTGACGATCTACGTAAGACCGATGCTAGTCACTTCCAACCGGTTGCCGCCGCCGCTGATGATCCTGCCGCCATTATTTTCACAACTGGCAGTACTGGCCCACCCAAAGGCGTGCTGTTTCGTCATGAAGGCTTTTATGAACAAGTACAACAAATCCGCGATCGCTATGATATACAGCCAGGTGAAATTGACTTACCTGGATTTCCGTTATTTGGCTTGTTTAACAGCGCAATGGGCGTCACCTCAGTAATTCCTGAGATGGATGCCTCACGTCCTGCCGCGGTGAACCCGCTGAATATCATCGAACCAATTCATGATTGGCAGATTACACAATCCTTTGCGAGCCCCGCCGTGTGGAACAAGGTTGGATTATATTGCGAACAGCACGAGATACGACTGCCAAGTTTAAAACGTGTTTTGAGTGCAGGGGCCCCTGTGCCGCCGCATGTTCTACGTCGCATGAAAAATGCTATACACGCCGATGGCGACATCTATACGCCGTACGGAGCCACTGAAGCCTTACCTATTGCTAGTATTGCAGCGTCGGAGGTACTTGATGGTACGGAACTAGCTTCAGCACAGGGTGCAGGCACCTGTGTCGGACGTCGTTTTAGTGGGATCCAGTGGCGTGTTATACGTATAACTGACGCCGACATAGCTACTCTGGACCAATGCGAAGCAGTCGATGAGGGCGAAATTGGCGAGTTGATCGTTACTGGCCCGGTTGTTACTCACCGTTACTTTACTAGTGAGGCGGCGACTCAAGCTGCAAAAATTGCGGACGGTGAACGTATATGGCATCGCATGGGTGATGTTGGTTATTTAGATGCCGAGGATCGCTTTTGGTTTTGCGGCCGAAAAGCCCATAGAGTTCGTACAATCGATGGTGATATGTTTACCATTCCGTGTGAGGCCATTGCGAACAACCACGCATCTATCTTTCGCTCGGCACTGGTGGGCGTCGGCGAGCCTGGGGATCAGTTCCCTGTTATGATTGTCGAACCGTGGTCTGATAAGTATCCACAGAGCCGGGAAGCAATTGATGCCCTTTTGGAAGAAGTGCGCCAGTTGTGCGCCGCGCATCCTCTGACTGAAACGATTCACGATTTTCTGCTGCATCCGGCGTTTCCTGTGGATATCCGTCATAACGCCAAAATATTCCGTGAAAAATTAGCGGTATGGGCAGAAGAACGACTGAATGAACCATCACAGGACctcgagcaccaccaccaccaccactgagatc,pET30b,C-term 6XHIS,Nde1/Xho1,after C_terminal_His_tag,Kanamycin,3-H1,WP_002653827
Batch220B_p105,WP_012912112.1 peptide synthase [Pirellula staleyi],ctctagaaataattttgtttaactttaagaaggagatatacatATGACGAGTGAGGTAGTTAATGTCGCGGCCAGGCTGACTTTATGTGCTCAGCAGAGACCAGACGATCTCGCCGTAATAATGCCCGGTGGGAGACGCTCCGATGGAAAAGCAAAATATAAGACTATTTCTTTTGCAGATTTAGACCGAGACTCATCCACCATAGCCTCTGGTCTATTATCGCATGGGCTGCGCCCAGGCATGCGCGTTGTTCTGATGGTGCCACCATGTATAGATTTTATCACATTAGTGTTTGCCACATTCAAAGCCGGTCTTGTGACCGTGCTGATTGATCCAGGGATGGGTCGGTGGAATCTGATTCAGTGCTTAGAAGAATCTAGGCCGGAAGCGTTCATAGGGATTCCACTCGCGCATGCCGTCCGGTGTTTATTTTCACGTCGCTTTCCTCTGCTAAAACACCTGGTCACGGTGGGTAGACGTTGGTTTTGGGGGGGTGCCACCCTGGATGATATTCGTCGAAAAGCAGCGGCCGATTTTGCGATAGCTCCAACACAAGCTTCAGATGCTGCGGCCATTATTTTCACCACCGGAAGCACTGGACCGCCTAAAGGAGTCTTGTACAGACATGGCAATTTTGACAGACAGGCAACAGAGATTCGGGACTTTTACGGCATCGAACCAGGTGGCGTCGATCTGTCGGGGTTTCCGCTTTTCGCTCTCTTCAACGCTGCCATGGGAATGACCACACTTATTCCTGAGATGGACGCTACGAAGCCTGCACTGGTGGACCCGCGCAAAATAATCGAGGCGGTCCGTGACTGGAAAGTGAACCAGGCGTTCGGTTCACCGGCCCTGTGGAACCGTGTAGGGAGATATTGTGAGACCAGCGGCGAGAAATTACCAACTCTCCGGCGCGTGCTCTCCGCGGGAGCCCCTGTCCCGGTCCATGTTCTCCAACGTCTGAAAAAAGTCATTCACCCGGAGGGTGATATACATACGCCCTACGGTGCCACAGAGGCTCTGCCCGTCGCCAGCATTGCGGCAAGCGAAGTGTTACGTGAAACAGGAGCTTTGTCAGCCGAAGGAAAGGGCACATGCGTCGGCAGAAAATTTCCTGGCATAGAATGGAAGGTTATTGCAATCTCCGATGGTCCCATTGACTCAATTGAACAAGCAACTATGCTGGCGGATGGTGAAATCGGAGAGCTTATTGTACGTGGTCCTGTCGTGACATCTGAATATGTTACCCGTACTGATTGTAACCCACTGCATAAAGTTCGGGATGGCAATAGTTTTTGGCATAGGATGGGTGATGTTGGATATTTGGCAGAAGATCCGCAGCATGCGGGTGAAAAAAGATTCTGGTTCTGCGGTAGGAAGTCACATCGAGTATTGACTCCGGATGGTACACTGTATACTATACCATGCGAGGCAATCTTTAACCAGCATGCTCGAATTTATCGCTCCGCGCTTGTAGGCATTGGAAAACCTGGTGAACAGCGTCCCGTGATGATCGTGGAACCCTGGCCAGAACAGTTCCCTACATCCAGCAAGGATAAGCGCCAGCTGATTGAAGAACTGAAATCGTTAGGTCAGACGTATGATCATACTCGTGCCATAAGTGACATTCTGGTGATGCGTGCCATGCCGGTAGATATACGGCACAACGCAAAAATTTTTCGGGAGAAACTAGCTCCATGGGCCGCAAAGCAGTTAGGGATCCGGACActcgagcaccaccaccaccaccactgagatc,pET30b,C-term 6XHIS,Nde1/Xho1,after C_terminal_His_tag,Kanamycin,3-A2,WP_012912112
Batch220B_p107,WP_068691907.1 fatty acid--CoA ligase [Thermobifida halotolerans],ctctagaaataattttgtttaactttaagaaggagatatacatATGTCTGCGACCGAATCTCCTAGTCCTGCGTCACCATCAGCACTTCGCAGTATGAATAGTGCCACAGTGCAGTTACTGTATAGCGGCAGTAGATTTGAAATGGCACGGGTGGATGTTGCGGGTGTGCCTACGAGAGTGTGGGCCGATGCTAGGCCACATCTACGTGCTGTCCTCGAATCGTCATTGGAACACGGGGATCGACCAGCGTTAGTATTCGGGGAAGAGAGAATCTCACATGCGGAACATTTTCGACGTGCGGCCGCGCTGGCACGCCGTCTCGTAGAAGATTATGGAGTCGCCCGGGGTGATCGGGTTGCACTAGCCATGCGGAACTACCCTGAATGGGTCACCGCTTTCTTCGCTGCAACCTCCGTCGGGGCAATTGCCGTGCCGGTTAATGCGTGGCTGTCAGCGCCGGAGATGGAGTTCGTACTGCGCGATAGCGGTGCCAGCGTGCTGGTCGCTGATGCCGAAAGGCTTGATCGTTTGGGCGATGTTCTGGGTCGCCTACCTCTGCCAGTCATCGCCGTACGCTGTGCGCGCCCGCTCCCGGAAGGTGTACGCGCCTGGGAGGAAATTCTCGGAGAAGTTGCAGATGATGCAGCACTTCCGGAAACAGATCTGGCTCCTGATGATCCGGCGACCTTGTTTTATACCAGCGGTACGACCGGGAACCCGAAAGGCGCACTGGGTTCCCATAGAAACATGGTAAGCAATGTTCTGAGTATGGCTTTTATGAAAGCCCGTACTCTATTAAGACTTGGCGCAGATCTCGATGATGCCCTGGCACTGACCTTCGACGCAGCCCCTAGTAAAGTGCTTTGTGCGCTGCCTTTGTTCCATGTGACAGGGGCTCAGGCGGTGATGCTGCCGACGTTGAGCGCTGGAGGAGCGTTGGTTCTCATGCGGCGGTGGGACGCTGAGACTGCCCTTGAAGTTATCGAACGTGAACGCGTTTCCGGGATGACCGGTGTGCCAACTATGCTGACCCAGTTGTTTGCAGCACCCAGCTTTGCTAGAAGAGATTTATCCTCCCTCGTCAGTCTGGGTTCTGGTGGAGCTCCAGCAGCGCCAGCTTTAGTTGAAAGAGCATTACGTGGTGGCCTCCGTCCTGACGCAACCCTCCTAGGTGCTGGATATGGATTGACAGAATGCAGTGCGACCGCTGCCGTCTCGTATGGCCCAGACTATCTGGCTCGTCCGGATAGCGTCGGGATGCCTGTCCCTGTTGTCGATGTACGGATTGTAGGCCCAGATGGTGCCGATCTGCCACCAGGTCGCGTAGGTGAAATTTGGATTTCAGGACCGGGCGTCGTTCACGGTTATTGGAACCGCCCCGAAGAAACGGCAGCGACCTTCGTGGACGGATGGTTGAGAACCGGTGATTTAGGCCGGCTTGATGATGCCGGTTTTCTTTATGTTGTAGATCGTGCGAAGGATATGATTCTGCGTGGCGGAGAGAATGTTTATTGCGCAGAAGTGGAGGCAGCCCTGCAAGAACATCCTGCGGTTCTGGATGCTGCAGTAGTTGGGGTTCCACATGAAGAACTGGGAGAGGAGGTAGGGGCCGTTGTCAGAGTCGTAGCCGGAACACCGCCGGATGCGGAAGAGCTGAGAGCGTTCCTTTCAGGACGCCTGGCCGCTTTTAAGATCCCATCACGTATCATCACGACAGCCGATGAACTGCCACGAAATGCTGCGGGTAAATTATTAAAACGTCGCATGCGGGACGAAGTTGCCTGGACATTAGCTGATctcgagcaccaccaccaccaccactgagatc,pET30b,C-term 6XHIS,Nde1/Xho1,after C_terminal_His_tag,Kanamycin,3-C2,WP_068691907
Batch220B_p109,WP_081458927.1 hypothetical protein [Isosphaera pallida],ctctagaaataattttgtttaactttaagaaggagatatacatATGATGTGCGCGATGATACTGGACGTTCCAAGGACTGGTACGCCTACGACCAGCGCTCCGTTTAGCTACCCATCTCACAATATCGCTGAAACTCTGGCCGCGCGCGCGCGTGAATGCCCGGAAGCGATAGCAGTCATTGATCGTACCCAATCCCGCTCCACTCGGACGGGTGAACGCGTGGGGATTGTCGTTTCAACGTTTGCAGAACTGGAAACGCTCGCGTCTCGGGCCGCAGTTCGTTGGCGTGCACTGGGCATCGGACAGGGTACGAAAACGGTGGTTATGGTGCCGCCAGGCAGACGCTTATTCGCAACCCTGTTCGGACTGTTTAAACTTGGTGCCGTGCCAGTTCTGATCGATCCTGGAATGGGCGTTCGCAGCCTGGGACGTTGCTTGAGTGAGGCGAGACCTCAGGCGTTCCTGGGCGTTGCGAGAGCGCAGTGGGCACGGCGCCTCCTGGGATGGGCAAGAGATTCCATCCGCATTACAGCGACGGTAAGTCGTACGGTGGAACCGCACCAGGCTCCGTGCGACTTCGAGTCGGTGTCGCCCGTGGCTGTGAACGAACAGGATCTCGCTGCCATTTTGTTTACGTCTGGCTCGACAGGACCACCTAAAGGTGTAGAGTACACGCATGGACAGTTTCAGGCCCAATTGGAATTAGTCCGAAAGGCCTTAGGGATCGAACCAGGGCAAGTGGAATTAGCCACGTTTCCGTTATTCGCGCTTTTTGGTCCGGCATTGGGCATGACCTTAGTACTTCCACGCATGGACTACACCCGACCCGCCAGAGTGGATCCTGAAGAGATTCTTGACGCCTTAAGAAGACATCAGGCGGTCTCGATGTTTGCGAGCCCAGCCCTCCTGCGCCGCGTAGCGACGAGTTGGTTAGCGCAGGGTACACGCCCTCCGACATCGTTAAAGCGTATTGCCACAGCAGGAGCCCCTATAGCGCCGGCTATTCTTGAAGAGTTCGATCGTTTGATTGCACCTGACGCAGTAATCTTAACGCCCTACGGGGCCACAGAAGCACTCCCAGTTGCAGTATTGGACCATCGTACTATCTTGAGTGAAACACGGGGTGGGACTGAACGCGGAAGGGGTGTGTGCGTCGGGAGCCCCATTCCCGGTGTAACTGTGGATGTTATTGCAGTGAGTCATGATCCTATTGCCGTCTGGAGCGATAGCCTGCGTCTGCCCCAAGGCCAGGTCGGGGAAATCGTTGTGGCTGGCCCCACAGTGACACGTGCTTACCACAACAACGATGAAGCTACCAGGCTTGCAAAGATTGCGGATCCATCAGCTACTGAAGGTGTTCGCCACCGCATGGGCGACTTAGGTTGCTTCGACGAGCAAGGGCGTCTGTGGTTCCAGGGAAGGAAAGCCCATCGCCTTGTGACCGCGCAAGGGCCACGAGATACTGCACCGGTGGAAGGCGTCGCTTGTTCTCATCCAGGAGTGGCTCGTGCTGCTTTAGTCGGAATCCCAGGAACCACCCGTCTGGAACTGGTTGTTTGGATCGAGCCGAAGCCATCTATACGTCCTCGCGATTGGCCTACCTTAACCCGCGAAGTTGCAGGACTGTTAGCAGAACGGCTGCCGGAGACGCCGGTCGACCAGGTATGGGCCCTGAAGCGTTTTCCCGTTGATATTAGACATAATGCTAAAATAGGGTATGAAGAACTTACTGCTCGGGCAGCCAGACGTCGTGGCGACCGCGTATCATTTGAAGATGAACGCGGTCTGCGGACTCGTGCCATTGGCGTACAGGGTATCAATAGGACAGAActcgagcaccaccaccaccaccactgagatc,pET30b,C-term 6XHIS,Nde1/Xho1,after C_terminal_His_tag,Kanamycin,3-E2,WP_081458927
Batch220B_p110,WP_082785907.1 peptide synthase [Shewanella putrefaciens],ctctagaaataattttgtttaactttaagaaggagatatacatATGCCATTGGTGACGGAAACCCCGTTCTCTACTGGAACCTCGCAGTCTGCCATTGCGAGTGATGCGAATATTTGCCGGCATTTGAAACAAGCAGCTCATGACATACCACACCATCTGGCCGTCGCGGTCCAGTCCGCGAAGGGGGCATCGGTGGCCAATTTACGGTATTCTGAACTGGACTTTCTGTCCCTGGACCGCCAAAGTGATGTTATAGCGTTCGCACTCAATGCTCATGGCATCACCCGTGGGATGAAAGCTGTTCTGATGGTCACGCCGAGCCTGGATTTCTTCGCCCTCACATTTGCTTTGTTTAAAGCTGGAATAATCCCTATCCTTGTAGATCCGGGTATGGGGATTAAAAATCTTAAGCAATGTTTCGCCGAAGCAGCACCTGATGCATTCATAGGAATTCCCAAAGCGCACATCGCGCGCCGTTTATTCGGTTGGGGGAAAGGTACCATTAAAATCCTGCTGAACGTTGACGGAGGTAAAACTGGCTTTGCCGCCAAACTTAATTGTATGGCCACTGGCGCGATGAGCTTATCAACCTTACTGCAAAATACGTCCGCTCAGTCATCGGGCGCCCAAAGTTCTGCGCAGAAGTCTCCTTATCCTATGGTGCTGCTGAAGCCTAACGAGATGGCTGCCATTTTATTCACCTCAGGTTCGACGGGTACGCCTAAAGGGGTGGTATATTCCCATGCGATGTTCGAAGCTCAAATTCAGGCCTTGAAGAATGATTATGGTATTTGTCACGGTGAACGTGATCTCGCAACATTTCCGCTTTTTTCATTGTTTGGGCCGGCTCTGGGCATGGCTAGCATTGTCCCGGAAATGGATGCGTCTAAACCGATCACGGCTAACCCTGAATTTTTGTTTGCGGCGATTGAGCAGTACCAGTGCAGTAACATCTTTGTGAATCCTGCGCTGTTAGAACGGCTGGGTCGTGCGGGGGAACAAAAACAGCATACTTTACCCTCCGTAAAACGCGTGATTAGCGCCGGGGCGCCTGCAACAATTGCATCAATCGCGCGCTTCTCGAAAATGCTGTCAGATGGTGTGCCGGTTTTGAACAGCTATGGGGCTACCGAATCACTGCCAATATCGATGATTGCATCAGACGCGCTCTTTGCCACCACAGAAATGACCGATAACGGAGCTGGTATATGTGTGGGACATGCTATCGACGGAGTTTCGATTGGTATAATCGGAATTTCAGAAGCAGTCATTCCCGAATGGGATGATGCCCTGCTGTTAAAGAACGGTGAAATCGGTGAGATCATTGTACAGGGACCAATGGTGTCACAGTCATACTATCAATATGACTCCCAGCGTGATAACCAGCGCGACAGTGCAACTGCGATGGCGAAAATATGGGACCCTGTTGCTAATTGCGTCCGACATCGAATGGGCGATCTGGGCTATTTGGACGATCAAGGCCGGCTGTGGATGTGTGGTCGTAAAGCACATCGCGTGGATGCCACACATAAAGGCAAATTTGCGAAACGCTATTACTCAATTCCATGCGAACGTATTTTTAATACTCATCCTAATGTTAAGCGCTCCGCACTGGTGGGGGTTAAAGTCGCCAACGAGATAACACCGCTGATTTGTATAGAACTTGACACCTCTCTCGTGTGCAATAAATCACAGCAGCTGTATCAAGAACTGACAACACTGGCTGAACAATTCCATCAGACGCAAGGGATAAAACGATTTCTCATTCATCCCGATTTTCCCGTCGACGTTAGACACAATGCCAAAATTTTTAGGGAAAAATTGGCTGTATGGGCCCAAAGTCAGACCAAAGGActcgagcaccaccaccaccaccactgagatc,pET30b,C-term 6XHIS,Nde1/Xho1,after C_terminal_His_tag,Kanamycin,3-F2,WP_082785907
Batch220B_p112,WP_014243240.1 AMP-ligase [Halobacteriovorax marinus],ctctagaaataattttgtttaactttaagaaggagatatacatATGATCAAAGCAATTGTCTATCATGGTTCTCCAGGAACCGAAGAAGATTTCAAGTTTCTTGAAGGATATTTGGAAAATGTCGTTATGGCGAGTCGGGGTAAAAGCTATGATGGCGATATTTACATAGGATATAGTTTTGGGTCATATTTTGCGATCAAGGATTTTGTCAACAACCCGAAAGCATCCAAACTGATTCTGATTTCTCCCTACTTGTTTTCCGAACCACTTGGCAGCCTAAAAAAACTTTTACTGTCGAATTCACTCTCCGCCAACTTTTTAATCTCTAAGCTGAAAGACAAAATTATCGATGAGTTGATTGAAAAAAGTGCCCACCCGAAATCTGCCTCGAATGAATATAGAGAAATCGCCGCCCGTTACAACAACGTAAATATCCTGCAGCGGGCGGCGCTTGAAAAGGAAATCCCAGCTTCAGAGATCGAAGACCTTTGTAAAAAATGCAAAGACAGAGAGGTAGTTATTATCTGGGGTGACCAGGACCAATCAACGGATCTGGGACACATTCAGCGTATTCGGAAATTGATCACCGCGAAAGAAATAACGTTAACCGGTGCGGGCCATGCCATTCCTTGGACCCATCGGGAAGAAGTAATGAAGTATATCCTTGAAAACTCTAAAGAGCGGATTGGTTATCATTCAGGCGAAAGCGCGGGAAACAACGTTGCTACTTTTCTGAGGGAACATGTGAGAGAGAATCCGGAAAAAAGTGTTTTGACCTGGGTCGATCTTCAGAAAATTTCCGGCTGGAAGGGAGATCTGAATACCCCCCTGCCGCATGAAAGTATAAGTGTGAAAGAATTGGACCACCTTGTATCTAAAATTTCCGGCGGGTTGCTGAAACTTGGTATTAAAAAAGGCGATCGTGTGATCATATTCATCCCTATGTCTCTGCAACTTTATGCTGCAATGTTTGCTCTGCAGAAAATTGGTGCGGTTGCGGTGTTCTTGGATTCATGGGCCAGGAGGGATCAGCTGGGAGTTTCTGCTCAAACGGCGGAGCCAAAGGCAATACTGAGTCTGGAGAAAGCCTTTATGTATCTCAAGGGAGTGCAGGAAATAGAAGATATTGAACTGAAAATCTCAGTGGGTCCAGTGGAAGGAAAATATGATAGCTCACTGGAAGAGCTTATGCAGTCTGAGCCGAATGATGAGATTACCCCAGTCGAGAAAGAACATACGGCTCTGATTACTTTTACCACCGGTTCTTCGGGCAAACCCAAAGGTGCTGATCGATCGCATCGATTTCTGAGCGCCCAGCATTATGCATTAAACAGGCATATCCCTTACATAGAATCAGATGTCGATTTGCCAGTTTTTCCTATCTTTTCGCTGAACAATTTGGCAGCGGGCGTGACTACAGTTATACCAGCAATTGACGTTGGTGCGCCGAACGAACGTGACCCGCTTATCCTAATCGCCCAGTTCCTCACAATGAAAGTGACGTGCACGACGCTCTCACCGAGCCTTCTTAATGCAGTCTCGGCGTTTTGTCTGAAAAACAACCTTAAGCTGAATGGTTTAAAACGTATTGTAACCGGTGGGGCACCCGTTTCCCGTGATGATGTTCAGCGTATTAAGGAAGCCGCACCAAACGCCGAAATCCTGGTATTATATGGATCCACTGAAGTCGAACCGATGGCCCATATAGAAGCCAAGGATATGTTAGCGCAGGTCGGCGATGATGATCCTGAGATTGTGGAACCGGGTGTTAACGTGGGTAAATTTGACAGTGGTCTGGAGGTGAAGTACATCAAAATCATAAACGACCCGATCACCATAAATAGTGAGTCAGAGTGGCAGGACATTGAAGTCGCAAAAGGTTCGGCTGGCGAGATCATTGTGAGTGGCGAACACGTATGCCGTAATTATTATAACAATGAAGAAGCCTTCAAGAAAACTAAAATCGTTGACAACCAGAATAGAGTTTGGCACCGCACCGGAGATCTCGGTTTCGAAGATGAGAAGGGCGATTTATGGTTAGTTGGACGTGTTCATAATGCGATAAACCGCGGTGGAGAGTATTGTTTCCCAGTTCGCGCAGAAATCGTGATGAAACGGGTTAGTGGATTATTGCACGCCGCGTATCTCGGGATTCCCGATGATAGACTTACGGAAAAGCCGATAGCAGTCTTCTCCGTAAAGGAAGGCGAGGACGCATCTTTAGTCCGCAGTGAAATTGAACGAATGTTGACAAAAAATGAAATCATTTTCGATGATATCATTCACGTGGAATCGATTCCGATGGATCCACGTCATCACTCAAAAGTAGAGTACCACGTGTTGAGGGACTCTCTCAAAAATGAAGGCAAGATTctcgagcaccaccaccaccaccactgagatc,pET30b,C-term 6XHIS,Nde1/Xho1,after C_terminal_His_tag,Kanamycin,3-H2,WP_014243240
Batch220B_p113,WP_012948568.1 alpha/beta fold hydrolase [Geodermatophilus obscurus],ctctagaaataattttgtttaactttaagaaggagatatacatATGACCGCCCCGGATACCACGGCGGAAGAAGCGGCTAGACTGCCTCCAGCGCTCCCGGGTCTGGACCCAGCATGGTCGAGACTTGTTGCAGTAGCAGATAGCACGGGGGTCAAACACACATGGCATGTCCTCGATAATGGAGTCCCTGATCCAGTAGGGACTTTGCTGTGCGTCCACGGCAACCCAACATGGTCCTATCTGTGGCGTCGATTATTAGCAGCTGCACCACCAGGTTGGCGGGTGGTTGCCCCAGATCATCTGGGCATGGGATTCTCTGACCGGCTGCCGGGTCCGCGTCCATTACGTCAGCGCGTAGCGGATCTCGGTGATCTTACCGCCGCACTGGGAGTAACGGGTCCAGTGGTTACCGTCGGCCACGATTGGGGAGGTGTGCTTTCTTTGGGTTGGGCCCTGGCACATCGTCAAGATCTGCGTGGTGTTGTTCTCGCAAATACGGCAGTGGCCATGCCAGAAGGAGATCTCGGTCCTGCCCTAATACGTATGGCCTCAGCACCGGGAGTACGGGCTACGGTTACAGTAGGGACACCGGTCTTTGTGCGTGCTACTACCGCGCTTTCTCGCCCTGCATTACCGGCCGGCGTTCGTTCAGCTTTTGCTGCGCCCTACCGCTCTCCGGCACGACGTCGCTCCGTGGGGGATTTCGTTGCAGATATTCCATTCTCGCCGGGACACCCTAGCCGGCCAGCACAGGAGGCCATAGCGGAGGGAATTCGTACACTCGACGTCCCTGCCCTGCTGTTATGGGGTCCACGCGACCCGGTTTTTGGCGAACGTTACTTAGCTGATTTACGTTCTCGTCTGCCACAGGCGCGTTTACACCGTTATGAAGGCGCCTCTCATCTGCTGCCGGAAGATGCTCCACGTTACGCCGAAGCAGTAGCTCAATGGGTGACTGATCTGGGGACGGGGACAACAGAACCACCTGATCGGCCAGCAGGTCACGCAGCTCGGAGGTTATGGACTGCACTGGATGAACGCTCTGGAGATGACGCTCCAGCGGTGGTTGAGGTAGGGGGAACCACTGTTAGTTGGAGTGCACTGGCCCGCCGTGTAAGGAACCTGGCCGCCGGCTTAGCAGCTAGTGGTGTGCGTCCGGGACACCGTGTTGCACTTCTGGTAGAGCCGTCGGCAGACCTAACGACTGCAGTCTATGCTGTTTGGCGTGCAGGTGCCACGGTCGTCGTGGCGGATAAAGGTCTTGGATTGGGTGGCATGCGTCGTGCATTGCGTTCTGCCAGCGTGGACGCCGTCATAGGCAGCCGGCCTGGTTTGGCTGCTGCTCGTCTAATGGGTTTACCAGGTTCTCGTTTTGCAGCAGGTCGTGCAGGTCGTGCCGCATTGCGGGCACTTGGCGCTGCGGCTACTTTAGATGAGCTTGAAGCGCGGGGTAGATCAGCACCAGTACCTGCCGAAGGACCAGTTGATGATGACTGTGCTGTTCTCTTTACGTCTGGTGCCACTGGACCGGCTAAAGGCGTTGTTTACACTCACAGACAAGCCGCGGCGCAGCTCGATCTGGTCCGTAGCACTTACGGCCTGACGGCGGATGATCGGTTGGTAGCGGCCTTTGCCCCTTTTGCGATCCTGGGTCCGGCATTAGGCATAGGTTCTGCAGTTCCAGATGTAGATGTTACCGCCCCAGGATCTCTGACTGCAGCCGCATTAGCTGATGCGGCAGCTGCCGTCGATGCGACAGTGGTGTTTGCCAGTCCTGCTGCATTGCGCCGTGTGGGGGCGACCGCTGGGGACCTGTCGTCTGGACAGCGCCGCGCGCTGGCTAGGGTTAGGTTACTGATGAGCGCGGGTGCTCCGGTTCCAGCCAGTTTATTACGTAGCTTGCGCGAGGCATTGCCGGCCGCTGATGCGCATACTCCGTATGGTATGACAGAAGTACTGCCGGTAACAGACGTTTCATTAGCCGGTATAGAAGCGGCTGGCGAAGGGGAAGGAGTTTGTGTGGGTGCTCCCTTGCCAGGTGTAACTGTCCGGGTGTCTCCCTTATCCCCTGAAGGGACCGCCGATGGCCCGTTGACGGATCGCCCTGGCGTGGTTGGAGAGGTCTGTGTCCGCGCAGCCCATGTGAAGGATCGTTATGACGCTCTGTGGGCATTAGAGCGAGCCGCAAGCCGGGATCCTGGATTTCATCGTACGGGTGATGTTGGACACCTCGATCCTGACGGTCGTCTTTGGATAGAGGGCCGTCTGCAGCATGTTATAGCTACCGCGTCAGGTCCAGTTACACCGGTGGGAATCGAGCAACGCGTTGAACGCGTGGATGGTGTCACAGCTGCGGCGGCCGTGGGCATCGGACCACCCGGTACACAAGTCGTCGTGCTGGTTGTGGTCCCTTCAGAAGGTTCGAGCGGGCGTCGCCGGCAGAGGCTGGGTCTCGCTGGTCCTGATTTGGCAGACGCAGTGCGCGCAGCCGCCGGCGTCGATGTTGCCGCGGTTCTTACTACTAGTGCACTGCCAGTGGACATTCGACATCAGAGCAAAGTTGACCGCGGGGAAGTGGCACGCCGTGCAGCAAGGGTACTAGCAGGAGCACGGGCACCTCGTCCActcgagcaccaccaccaccaccactgagatc,pET30b,C-term 6XHIS,Nde1/Xho1,after C_terminal_His_tag,Kanamycin,3-A3,WP_012948568
Batch220B_p119,WP_088919873.1 alpha/beta fold hydrolase [Granulosicoccus antarcticus],ctctagaaataattttgtttaactttaagaaggagatatacatATGTCCAATCGTCCAACAGCTCCAGCCTCTTTACCTCCGGCAGGGATTGTAGGCCTGGAACCAGAATGGAGTCGTTTGGTTCACACACCGAAAATAGATGCTGTTGGTCGAACCTGGCACATACTTGACAGTTGGGCAGATCGGAGCGATGATGCAACCCCCGCCCTGACCTTACTGTGCGTACACGGTAATCCATCATGGAGCTTCTTATGGAGACGCTTACTCGCGCAAGTTATGGAGGCCCACGGTGATCGGATTCGTTTAATAGCCGTTGATCAACTAGACATGGGCTTCTCAGAGCGTACTGGAGTAAAAAGACCACTAGCCCAACGCATTGACGACTTGTGTCAGCTGACGGACACTCTCCGTATCAAAGGTCCCGTAGTGACAGTCGCCCATGACTGGGGAGGTCCAATTTCACTGGGCTGGGCGCTGCAGCATTTGCCTAAAGCTAATCCAGACGTGTCTGAATCGTCAGATAGTGTTCAACTTGCTGGAGTTGTACTTACCAATACCGCAGTCCATCAGCCTCAGGGTTCACCGGCCCCGGCGGTTATTCGGTTAATCCGTTCGCCCCTTGTGCTGAGGAATGCCACGGTCAATACACGTGCCTTTATACAAGGCGCAATTGAAATGTCTAGACCGGCACTGGACGCACGGGTACGCGCGGGATTCCATGCGCCATATCTCAAACGCTCACAGCGGAGTGCAATTGCAGATTTTGTTGCTGATATCCCGCTGGACGCTAAACACGAGTCAGCTTCCACCCTGGATGCAATCGCTACTGGCTTGACTGAACTCGCGCAGATTCCGGCTCTACTGCTATGGGGTCCCCGTGATAAAGTGTTCTCAGATCTCTATCTACATGATCTGGAACAGCGCCTACCCCATGCAGACGTCCACCGGTTTCCTGGTGCCGCACATTTCGTGTCAGAAGATGCGGACGTAGCGGGAGCGGTTATTGCGTGGATTGACCAGTATCAATTGGCAGTAAATGATCCCGCAAAAGCATCAACCCACACAGCTGTGAGCCCTGATGTTCCAGCGCAGCCAGACCGGCGCGCCTTGTCAGATTTTAGCGTTGCAACAGCGACGAACGATGCAATTGTTGAAATCGCTCCGGTCCATCGTAGTATTTCATTCGGCGAACTGACTGAGCGAGTTGATCACTTAGCAGCGGGGATGAACAGCTTTGGCATCAATGCGGGCGATCGTGTTGCTGTGATGGTGACACCTGGTATTGATTTGTGTCTGGCAGTCTACGGCTGTTGGCGTCTGGGTGCGACACTAGTACTGGTTGACAGTGGGTTGGGTAGAACAGGTATGCAAAGGGCTCTGCGCAGTGCAAACCCGGCCTATCTGATCGGGATTGACAAAGCGTTGATTGCGGCGAAACTCCTGCGGTGGCCGGGGAAACGGATTGCTGTGGGTAAACGTTCCTCCGTGATGAATAAGGCTCTGTCTATTGCATCTGATATGGCCACTTTGACGGAAAGAGGTCGTGATCAGGCTACCCCGCCATGGCCAGCCCCTGAAACATTGGCCGCCCTAGCATTCACATCGGGTTCAACAGGACCTTCGAAAGGTGTTATTTACCGGCATCATCAAATTCAAGCCCAACGCGATGCGTTAATGTCGCTGTATCAAATTACCCAAAATGACAGATTAGTAGCGGCCTTTGCCCCTTTTGCCTTATATGGTCCCACCATGGGTATAACGAGTATAGTCCCCGATATGGATGTTACGTCACCGGGTACCTTAAACGCTCAAGCTCTGGCCGATGCGGTTAAACTCGTTAATGCGACATTGGTCTTTGCCAGTCCCGCGGCGCTGGTTAATGTCATCGCTTCTAAGAGTAAGCTTACCGAACCCCAGCAGGCCGCATGTTCGGATGTTCGCCTCGTACTCTCTGCCGGCGCGCCGGTTCGCGCGAAACTGCTGACTCAGGCTACTTCGATTTTTACGTGCGCCGATGTGCATACTCCGTACGGCATGACGGAAGCACTGCCGATAGCGGATATAGCATTGTCGGAACTGCAGCAGATAGGAAAAGAGGCGGCGTCAGATAACCTGCATGCTGGCGGAGTTTGCGTAGGCCACCCGCTGCCTGGCGTATTAGTTCACATTGACCCACTGGATCCGCAAGGAGAACCTATGGGCCAGCTAAGCGGTGAACCGGGCAAGTTGGGTGAAATTATGGTTCAAGCAGCACATACCAGAGATAGCTACGATCGTTTGTGGCTGACGAACTACCGTGCCAGTCAACCAGCGGGATGGCACCGGACAGGGGATGTCGGGCAGCTCGATGCCACTGGCCGTCTCTGGGTAGGTGGTCGTTTAGGCCATATCATAACGACCCCAAAAGGGGTTCTGGCGCCTGTTGCCAGTGAGCAACGTATCGAATCCCTGTACGATATTACGGCGGCTGCGGTTGTAGGAGTCGGTCCGGTAGGTACCCAAGTCGTGGTTGCCGTCGTTGAACTGCTGCTGACTCTGACACCTCGCGGAGGTGCCAGCATGGAGCTCACAGAAAAAGTTCGTAAGGTCGTGGGTGAGGAAGTTGACATTGCAGCCGTTTTAGTAGTGAAAAAACTGCCGGTCGATCGCCGGCATAACTCAAAAGTCGATCGGACAGCTGTTGCACTGTGGGCGAGTCGCACTTTATCGGGCGATTCGGTGGCTAGCCTCctcgagcaccaccaccaccaccactgagatc,pET30b,C-term 6XHIS,Nde1/Xho1,after C_terminal_His_tag,Kanamycin,3-G3,WP_088919873
Batch220B_p121,WP_051277576.1 alpha/beta fold hydrolase [Dermatophilus congolensis],ctctagaaataattttgtttaactttaagaaggagatatacatATGGTAACCCCCGTCGAAATTCGGAGCCAACTTACAGGACTGCCGGGCATTGATCCCGCGTGGTCGCGAACGGTCACAGCAGTAGACGCAGACGGCATTGACCGGACGTGGCATATCCTGGATACTCATGCGCCGAACGGCTCAGATAAAGAAACCGAGCCGACTCACGGGACCTTGTTATGTGTGCACGGCAATCCTACCTGGAGTTATCTGTGGCGACATATCCTGGCAGCTCCGGCTCCCGGTTGGCGCGTGATCGCTGTAGACCAGTTGGGTATGGGATTTAGCGAGAACCCGCGTGGGTCTATGGCTCAACCACGGACGCTTGCACAGCGGATTAAAGACCTCGCAGGTTTGACGCAAGCACTGAATCTGACCGGACGGGTCGTGGCTGCAGGACATGATTGGGGTGGCATGGTCGCTACTGGTTGGGCACTCGAACACCGTGAGCTCTTAGCTGGACTCGTGCTCGCAAATACCACCGTTCATCACGATTTTGACGCTGGGCTGCCTACCGCGCTGAAATTTTCTCTGACACCGCGCACGTTACGGGCTGCCACCGTCGACACACCTGCATTTGTTAGAGGTACAACTGCAGTAAGCTCCCCACGTCCGAGCCGGGATGTTCAGAACGCTTATGCATTACCATATCGTACACGTAGCGACAGATCTTTTGTTGGCCAGTTTGTTGCTGATATCCCGACAACCAGCGGTCATCCGACACGGGCAACTATGAGAAACCTGGCTGACGGACTGTCCGCATTAGGGAGTGAAACAGCGCCCGTGCCAGTTTTACTTTTACGAGGTCCAAAAGACTCTGTTTTTAGTGAGGCCCACTTGCGTGATCTGCAGGCTCGCTTACCGCACGCTGACGTCCATCGTTATGAAGGTGCTTCCCACCTGGTACTGGAGGACGCCCCCCGGATTACCGAGGACATTGCACGGTGGATTGAGACACGTGTGGACCAGCACGGTGCGTGCATTAACTCTGATCCGGCAGCGCATGCTGGCAGGCCTCCGCAAGCCCCATTTGCTGTGGGCACCCCTGCACAACCGTGGAGCGGACTCACTGATTTAGCACATCGCGACCCTGAAGCCCTGTGCGTCGCTGAAGTCGCAACGGGCCGTCGTATCACCTTCGGCCAGATAGATACCGATATTGAGCACGTCGCTCTGGGTTTAAGAGATGCTGGTTTGAGACCAGGTGATCGTGTTGCTCTACTGGTGGAGCCAGGAATCGATTTGACCGTCGCCGCATACGCTGCATGGCGTGCTGGCGGTGTAATAGTGGTGGCGGATGCAGGGCTGGGTCTGTCTGGTATGGGTAGAGCTTTACGTGGCGCAGGTGTACATCATGTCATTGCCATGAGTAAGGCGATGCCAGCACTGCCAGCCTTGCGAGTTCCGGGCACGCGTTTCTTGGTAGGTGACTTACCTCGTCTTGCACGTAAGGCACTGGGTGTACGCGCTTCCTTTGATGATCTGCGTGCGCGCGGAAGGGCGTTGGCCGCAGGTGGTCATACACTCCCCGCATCACGTAAGCCTGAAGACGATGCGGCCGTTTTGTTTACGTCAGGAGCGACCGGACCCAGCAAAGGTGTTGTTTATACCTTAGATCAAATACGAGCACAGGTGGGCGGGTTCGGACATATCTATCGTTTAACGCCGGGTGACCGCTTAGTCGCCGCATTTGCGCCTTTTGCTCTGTACGGTCCCGCCCTGGGCGTGGCCGGTGTTGTGCCAGACATGAAAGTGACGGCACCCGCGACGCTGACGGCAGCCGCACTGGCAGATGCTGTCACAGCCGCAAGGGGGACGACGGTTTTTGCTTCACCAGCCGCATTACGCAATGTACTTGCAACTAGTGAACAGTTACAACCCTCGCAGCGCCGCGCATTAGCCGGGGTAAAGATTGTAATGAGCGCCGGCGCCCCCGTTCCGCTCACACTTTTACGTCGTTTAAGTGATACTGTATTTCCACACGCTGAGATGCATACCCCGTACGGCATGACCGAATGTCTTCCGGTTTCCGATATTACGTTAGACGAATTAGAACAAGTATATGCTCCGGAACGTATGCAGGACGGTGTGTGTGTTGGTCGCGCTATTGAAAGTGTTCAAATAATGGTCGCTCCTTTACCGGCTGTGCCTGATGGCCCGGATGGGGATCTGACCGCCGAAGCCGGTGTGGTCGGCGAGATTTGCGTAAGGGCCCCCCACATGAAGGATCGTTACGACCAGCTGTGGGGTGTAGATGATGCGTCCAAAAGCCCGCGCGGATGGCATCGGACTGGTGACGTGGGACATTTGGACGGAGATGGTCGGTTATGGGTGGAAGGTCGTCGCGTGCATGTCATCCACACAGCCGAGGGTCCATTGACCCCGGTTGGTCTGGAACAGCGTGTCGAGTCCCTCAACGGTGTAGCGAACGCAGCGGTCGTAGGAGTTGGTCCGCGTGGACTACAGCAGTTGGTTGTCGTTCTTACACCGGATGAACGAGGCCTTGCACGAGCGGCAGGTGGTGTGTTAGCAGATCAGGCTCTGCATACTGCAGTGCGAGCGGCCGCTGATCGCCCAGTAGCTGCCGTGCTGGTGCGTGATAGCATGCCAGTTGATATCCGACACCAAAGTAAGATTGATCGAACAGCGCTGGCGTGCTGGGCAGAAGATGTTCTTGCCGGCAATGGTGGGCGCCGCctcgagcaccaccaccaccaccactgagatc,pET30b,C-term 6XHIS,Nde1/Xho1,after C_terminal_His_tag,Kanamycin,3-A4,WP_051277576
Batch220B_p122,WP_013865924.1 alpha/beta fold hydrolase [Microlunatus phosphovorus],ctctagaaataattttgtttaactttaagaaggagatatacatATGAATTCGGCACGAACTGCAGCAGCACCTCTTCTGGATGGACTTCCAGGCATTGATCCGACCTGGAGCCGAAGGGTTGATGTGCCTGACGCAGATCAGATTGTACGCACCTGGCATTTGCTGGAACGCCCTGCAAACTCGGAGAGCCCAATAGGTACAATGATTTGCCTGCATGGCAATCCGACCTGGTCGTATTTGTGGCGCCGTTTCCTGCAGTTGGCCCCAGACGGTTGGCGGGTTATCGCACCGGATCAATTGTCGATGGGATGGTCAGAACAGTTGGAGCAGCCGCGGTCACTGGCCCAGCGTATTGATGATTTAGCGCGTTTAACAGAAGCCCTGGGAGTGACGGGACCCGTGGTGGCCGTGGCACATGATTGGGGGGGTCCGGTACTCTTAGGTTGGGCTGAGCGTCATCGGGATCAGCTTGCAGGGATCGTGCTGACTAACACCGGCGTCGCTATTCCCGCGGGCACTACCCTGCCACCATTAATACGTATAGCACGAAGCGCCCCGATGTTAGAGTCCGTATGTGTTCGTACGCCGGCATTTGTTCGGGGCGCGACTGCTATCAGTAGACCACGGCTACCTAAAGAGATAAGGGATGCGTATGCGTCACCGTATGCCATTGCGGGCCGCCGGCGCGCGGTTCGTGATTTCGTGGCAGATATTCCGCTTGAATCCGATCATCCCTCCCGGGCTGCGCTTGATCAGGTGGTCGATGGTCTCGCCAATTTAGCAGATGTGCCTACCCTCCTCGCTTGGGGTCCGCGAGACCCCGTATTCTCTATTAGATACCTTCATGACCTGCGCCGGCGACTACCGCAGGCGGACATTCAGTTATATCCAGCGGCCTCACATCTGGTGGTCGAGGACGCGCCTACGGCTGCCGCAGATATATGGGAGTGGGTGCAACAGGCGCCCCTTAGTGCTGATCCTCACCGCGCACTCCGTCATCCAGCCGATCCGGAGTCAGAAATAACCACGGAAGTGCGCCCACTGTGGGCTGGCCTGTTAGAGCGTGCGGATGACCCGGCCACAGCGATCGCGGAACTGGGTCCTCGCGGAGTGGTTCCGATCAGCTTTGCGGCTCTGGAACGTCGAGTGGCTGATTTAACTATTGGCCTTGTTCGCGCCGGCGTTGGACCTGGCCAGCGTGTTGCGGTGCTTGTCAGGCCGGGGATAGATTTAACCGTAGCTGTTTATGCCTGTTGGCGCGCTGGGGCGGCCATCGTGGTTGCAGACGCAGGCCTCGGCTTACGTAATTTGGGGAGGGCGCTTCGGTCCGCTGATCCCGATCACCTGATAGCTATTCCTGCAGGTTTGACAGCAGCTCACGCTTTGCGCGTACCTGGTCATCGCATTGTTGCCGGTGATCTGCCGCCAATCATGCGGGCTCGGATGCGCGTATCCCACACATTAGCGGAGCTAGAGGAACTGGGCAGACACGCACGCCAGCTTGACCAACGCGCTGGTATACCCGAATTGACTCCCCCAGCCGAATTGACTGAGCTCGCCGCGATCCCACCTAGTCCTGGGCCCGATGCAGAGGCAGCCGTCTTATTCACATCAGGCGCGACGGGACCAAGCAAAGGCGTTGTCTATCGCCATCGCCAGCTGAGGGCTCAGATCGATTTGTTCGGACGTGTGGGGGACTTAAGACCAGGCGCCCGTTTGGTGGCCGCTTTTGCACCATTCGCTCTGTATGCAGCTGCATTAGGTGCTGCGGCTGCAGTACCAGATATGGATGTTACTAAACCTGGGACGCTTACCGCAAAAGCCCTGGCCGAAGCGGTCGCGGCGGTATCAGCCACGGTCGTTTTCGCGTCTCCGGCTGCTTTAAGAAACGTAGTGGCTACGGCCGATGGACTGACAGATGATCTGCGTGCCCAGCTTGGCTCTGTCCGTATTTTACTAAGTGCGGGTGCCCCGGTACCGCTCCCTTTGCTCCGTAGAGTGCAGGCGCTGCTACCTAACGCCGAACTTCACACCCCATACGGTATGACAGAAGCTCTGCCAGCCACCGACGTCACCATGGCTGAGATAGAACAGGCAGTGGCTGAAGTGGGCAGCCGGGCTAACGGGGTGTGCGTCGGTCGCCCGGTGCCAGGAGTTCGCATAGGCATAGCACCTCTTGGCCCGGACGCGGTTCCTGCAGGAGAACCGGTCGATGTGACGGACCGGACAGACCTGACAGACTGTACCGGAGAAATTTGTATTTCGGCTACTCATGTTAAAGACCATTATGATCGCTTATGGCTAACCCAGCAGCGCTCAGTCGCTGCAGGTCAACAGCAAGCAGGACAGCGACGTACAGGATGGCACCGTACAGGTGATGTAGGTCACGTGGATGCGCGTCAGAGACTGTGGGTCGAGGGCAGACTCGTCCACGTGATCACCTCGCCGGCCGGCCCGATTACCCCAGTGGGTATTGAACAGAGAGTCGAAGCGCTGCCGGGCGTTGAACTGGCTGCGGCAGTGGGAGTGGGGCCGGCAGGCACTCAACAGACGGTGGTCGTTTTAGTTCCAACTGGCGGTGCAACCGCAAGACGTCCGCTGGCTCCTGCTGCACTCGCAGCGTCGGTGCGCCAGGCTGCAGGCTCGCCCATTGCCGCTGTCTTAGTAACTGATCGGCTGCCGGTAGACATTCGTCATGCATCTAAAATCGACCGCAGTCGGGTTGCACGTTGGGCAGAGCAAGTTCTAGCGGGCGATTCACTGCTGCACCGGGATCGCCGTCCActcgagcaccaccaccaccaccactgagatc,pET30b,C-term 6XHIS,Nde1/Xho1,after C_terminal_His_tag,Kanamycin,3-B4,WP_013865924
Batch220B_p123,WP_012868614.1 alpha/beta fold hydrolase [Sanguibacter keddieii],ctctagaaataattttgtttaactttaagaaggagatatacatATGAATCCGACTTTACCGGCTGCCGCGTCCACAACTGCCGCTGCTACATTGCCGCCGGCCTTAGATGGTCTTGATCCGGGGTGGAGTAGGTTGGTAGAAGCTCCTGACTCTGAGGGCACCACGCGCACTTGGCATGTGTTGGACAATGCAGCCAGACTGGAACAGGTCGGTGCTGTGCCCGTTGGAACCATTCTGTGTGTACATGGCAACCCTACCTGGTCGTATTTGTGGCGTGGCCTTCTAGCAGCTGCTACTGAGCAAGCTCAGGCAGGCGGAGCAGCGTGGCGCGTAGTGGCCGTGGATCAGCTTGATATGGGTTTCTCTGAACGGACCGGCCAACCTAGAAGACTGCCACAACGCGTTAGAGATCTTGACCGACTGACCACTGCTTTAGGTATTGATGGTCCAGTAGTAACGTTAGGGCATGATTGGGGTGGAGTGGTTAGCTTGGGCTGGGCTGTTGATCACCCGGATCGGTTAGTTGCTGCAACTGTTCTTAACACGGCTGTTCATCAGCCGGAGACAGATCCTATCCCCGCTCCTCTTCGCCTCACCCTCCAGGGCCCGGTGTTAGGGCCAGCAACTGTCAGCACTCCGGGTTTCTTGGCGACTACCCTCGCGCTGGCTCGCCCCGCGCTTTCGCCGGAGGTTCGTGATGGCTTTCGGGCACCATATTTGTCTGCCGATCGTCGTGGCGGTATCGGAGCATTTGTGGCCGATATCCCGGTCGATGAAACACATCCATCGCATGCAGAACTGGACCGAGTGGCAGAGGGATTGCGCGGTCTTACTGTGCCAGCACTGGCACTGTGGGGCCCCCGGGATCCTATTTTTTCTGATCGATATCTGGACGACTTAACCGATCGTCTGCCTCATTTAGATGTCCATCGCTTTGAGGGGGCAGGCCACATGATTGCAGAAGAAGTAGATTATGCTGGCGCAGTGCTAACCTGGCTGGATGACCTGCCGTCACGTACCGCCGCCGCGGCGCAAGATCGTGCTCAGGATCGGGCACAGGCTAGGGCGGAAGCAGGCGTTGAGGCCGGCGCCGATCGTGACGCACGACCGTCGACAGCTGCGGCAGCTGGTTGGACCACAGCACCACTGTGGCAACAGTTAGAAGAGCACCGAGATAGCGATGGGACAGTGCTCGTTGAGATGGCCCCGTCAACCGGGGTTGGGCCACGGTCGGTGAGTTGGAGACTTCTCAGTCGTCGGGTTGATGAAATAGCGGCTGGTCTTTTAGCGCTGGGGGTTCAACGCGGAGATCGCGTTTCGCTTTTAGTTCCACCTGGAGCAGATCTTACCGCGGTGCTGTACGCGTGCTTGAGGGTCGGCGCCGTAGTGGTGGTGGCAGACGCAGGGCTGGGCCTGCGTGGCCTTACGCGAGCGGTTCGTGGTGCTCGTCCTTCGTATGTTGTTGGAGCTTTACCTGGCCTGAGCGCAGCCCGTGCCCTGGGTTGGCCGGGTCTGAAAATCTCGACCACTGCCTTACCGGCCGCTACTGCAAGAGCCCTAGGGGTCAGTCACTCGCTGTTAGATGTGGCCGGGCTGGGTGCGCAGCGCTTAGAGGGTACAACCCTGGGGGCTCTGACAGGGACACCTGGTCCGGACGATACGGCTGCGGTACTTTTTACCAGTGGAAGCACCGGCCCAGCGAAAGGGGTAGTCTATACCCATGGGCAGCTTGCCGCAGTACGCGACGCACTCGCCTCTCGATTCGGGATTGGTCCCGGTAGCGGGCTTGTTGCTGGTTTTGCGCCCTTTGCTTTACTCGGGCCTGCTCTAGGCGCCCGCTCTGTTACCCCAGACATGGATGTTACTTCCCCGAGTACTTTAACAGCTCGTGCAACAGCAGCGGCTGTAGCGGCAGCAGACGCAACAACACTGTTTCTGTCTCCGGCCGCAATTGCCAACGTCGTGGCAACCGCCGATGAACTAACTCCAGAAGATCATGAAGCGCTGGCGCGAGTGCAGACATTTTTATCAGCGGGAGCTCCAGTGAGTGGGAGCTTGTTGGCTGCAGCGGAACGGCTGATGCCTCACGCCTCCGCTCATACACCCTATGGCATGACAGAAGGCCTGCTTTTAACTGATGTCACCGCGGACGAAATACGCGCTGCAGAAGCATCAGGAGGTCGTGGAGTTTGCGTAGGTCGTCCTGTTGCAACAGCAACAGTGAGGGTTGTTGCGCTGGACGAACTTGGGAGGGCTACCGGCGATCTGACAGATGCGGCTGATGTTACCGGGGAAATTGTTGTCGCGGCCCCTCATGTTAAGGATCGCTATGATAGATTATGGCTTACTGAGCACAGTTCGCGTGCAGTCGATGGACCCGCTGCCCCTGACGGTCTGCGGTGGCATCGCACCGGAGATGTAGGCCACCTGGATGCAGACGGCCGTCTGTGGGTTGAAGGACGCTTGGCGCATGTGGTAGTGACGGCACATGGGGTGGTTACTCCCGTTGCCCCAGAGCAGGCCGTGGAAAGTTCAAGACTCGTTGCTAGAGCAGGAGTCGTGGGCGTTGGTCCGGTGGGCACTCAACAACTGGTTGCAGTAGTTGAGACTGTCGATCGTGCAAGAAGGCCTGGCCTTGCACCACATGAGGTAGCTGCAGATGTGCGAGCATTATCTCCAGAGCCACTTGCGGCAGTACTGGTCGTCCCGGATCTGCCGACAGACGTTCGACATAATTCTAAGATCGACCGCTCCCGATTGAGTGCATGGGCAGAAGGGGTTCTGTCCGGCGGTCGTATGACAACTCCActcgagcaccaccaccaccaccactgagatc,pET30b,C-term 6XHIS,Nde1/Xho1,after C_terminal_His_tag,Kanamycin,3-C4,WP_012868614
Batch220B_p125,WP_081439756.1 alpha/beta fold hydrolase [Kytococcus sedentarius],ctctagaaataattttgtttaactttaagaaggagatatacatATGCCACATACCAGCCGGCCGCGCATGACGCCACTGGCACAATTACCACAGGTAGATCCCAGATGGCAGCATCATTTAACCTTGCCAGCACGCGGTGATCTCCCCGGGGCGCGTATGGCTGTCTTAGACACGCACTCACCAGCGATGGTAGAAGCGGGCGCGAGGCCGCAGGATGTTAGACACGTTTTAGTGTGCGTACACGGTAATCCTACCTGGTCATATTTATGGCGCCGTGTACTGGAGCAAGCCCCAGCGGACTGGCGGGTGATAGCGGTTGATCATATCGGTATGGGTCATAGTGAACGCACTTCTACAATCCGTAGGCTAGCAGACCGGACCGATGATCTCGATGAAGCACTGACGCAGCTGGGAGTTCTGGGCGGAGATCATGGTGAATTGCCCGTTTCTGTTATGGTCCATGATTGGGGCGGGGTTATTGGGCTCGGTTGGGCATCGCGCCATCCTGATCGCATTACTTCAGCTGTGATCACCAACACCGCACTGTGGCAACCAGACGATAGAGTTCCGCCGGGAATTCGTGCTGCGCGCGCAGCGGGTTTGCATCGCGCGGCTACCGTGGGTACGCCGACGTTTGTCCACGCAGCAGCCTGGGTTGGGCAGCCCGGACCCGATCGAGAAGCAGCAGCGGCATTGGCGTCTCCTTACGCACGACGCGATCAGCGGCAAGCGGTTGGTGAATTTGTCGCGGATATTCCATTAGAGTCGGACCATCCAAGTCGGCACGCGTTAGAGGCCGCTGCAGCTGGCGCGACTGCACTGGATGTCCCTGCCCTGGTTCTTTGGGGTGCAAACGATCCGGTGTTTACCGACCGGTATTTGCGGGATGTGTTAGATCGTTTTGAAACGACAGATGTCCATCGCTTCGGCGATGCATCTCATTTGGTTTTAGAAGACCGTCCAGAAGGTGTTGGTTATGCCTGGGATTGGCTTACATCGCGTACAGACGATGACTCAACCGACACAACTCAAGATCCGGCTGCGGCAGGACAACCAGGTCAACCTGCACCTGAACAGCCAGCAGCAGGATCAGGTGGCGTAATTTGGTCAAGATTAACTGAACGCGCGCAAAGAGAACCCGATGCGGTTGCTATCGTTGAATTAGCCGATGCTGGGCGACGTACTGTCACTTTCGCCGAGTTGGAGTCACGCGTAGCTGAACTGGCCTCCGGTTTCCGGCAACATGGTGTTTGTCCAGGTACGCGTGTAGCCGTTCTGGTACCGCCCGGCATTGATCTAACTGCTGTGGTATATGCAGTCTGGCGCGCCGGTGGTAGTATTGTGGTGGCGGACGCCGGCCTTGGGGTTCGACCAATGGCTGGTGCGCTGCGGTCTGCAGACCCCGATCTGGTAGTGGGAATACCAGCCGGACTGGCTGCGGCGCGCGCTCTCGGTGTTGAGGGAGATAGGATTGTGGTGCGACCAACAGCACCGGGAGCCGTCGCATCTCTCGCCGAGGGTGTTGCCGATGCTGATCTGTCCCTGGAAAGCGTTCAAGCAGCAGGCGCGGCATCCCCGGTTGCACTGGCAGCCCCGGCAACCGAAGCTGAAGCTGCCGTACTATTCACATCAGGCGCAACGGGGCCGCCTAAAGGTGTTGTCTATAGACACCGTCAGTTACTGGCGCAACGTGACGTCATCGAATCTGCATTAGAATTGCGTGCGGGGGAGTCCCTAGTGGCGGCCTTTGCCCCGTTTGCCTTATATGGTCCGGCGTTAGGTATGACGTCCGCCGTACCGGATATGGACGTCACTTCACCCGATACATTGACAGCAGCAGCATTAGCAGATGCAGTTGATGCTGTTGGAGCCGATGTTGTCTTTGCTTCACCGGCAGCCTTGCGTAATGTGGTGGCCACCCATGATCCCGCAGCGCCAACTCTTGAAGGTGTACGCATGGTTATGTCCGCTGGGGCCCCCGTGCCGGTGGAACTGTTGGAGCGAGTGAGGCGCGTAACTCCGCACGCTGCTACAGTTACGCCGTATGGTATGACCGAGGCCCTGCCGCTGACGGCAATTGACCCGCGAACAGTAGACGCGGCAGATCTGGCCGTGCATGCAGGGGTTTGTGTAGGCCAGCCAGTGCGTGGCGTTGAACTCCGCATCGCGCCCTTAGACGACGGAGGAGAACCTGGCGATGATGCCCGACTGACCACAGAACCGGGTACCCGCGGAGAGGTGGTGGCGCGCGCTGCTCATGTGAAAAGTCATTACGATCGCCTGTGGGGCACGCAGCGCGCTACAGCACATCCGGTTGGGTGGCATAGAACAGGTGACATTGGCCATCTTGATGACAGAGGCCGTCTTTGGATTGAAGGCCGGGGTGTGCATACGGTGACAACCGATCAAGGTCCCGTTGCCCCGGGAGGTATTGAGTCGCGCGTAGAACGCCTGGAAGGTGTACAGCAGGCTGCGGTAGTGGGGGTAGGCCCGGCTGGCGGTCAACGGGTTGTTGTTGTAGTTCGCCCTACAGAAGGTATAGATCTGCGCTTGCATGCGGCATCCCCTGTTGCTTCTGTCGAATTTAGCGCAGCCGTTCGGGAAGCCGCTAGTCAGGGTCCAGGCGCTGCCCCGGTGGCTGCAGTGTTGGTTCGTGACAGTCTGCCTGTTGATATAAGGCATGCGTCTAAAATAGACCGCACAGCCCTTGCGGGGTGGGCAGCGCAGACTCTTGCGGGTGATGGGGGCAGCTCACTCGGTGACCGGGCAGGACGCCTCCTGGGTGCGCCCAGACGATTGCTTGGTCGTCTCGATCGTGTGGGGTTTCGCCCCctcgagcaccaccaccaccaccactgagatc,pET30b,C-term 6XHIS,Nde1/Xho1,after C_terminal_His_tag,Kanamycin,3-E4,WP_081439756
Batch220B_p126,WP_079726386.1 alpha/beta fold hydrolase [Okibacterium fritillariae],ctctagaaataattttgtttaactttaagaaggagatatacatATGCCAGGTGCCGCGCGTACTCCCGCGCCTGCATCGATGCCGCCGCAAGGATTACCCGGATTGGATAGTCGCTTTTCACGAATTGCCCTCGTGCCAGACAGTGGCGATGCCATTGGCACGACGCGCGGCTGGCACGCGCTGGATAATGGGGCAGAGTTAGATCGTCTGGGCGTGACCCCTGTGGGAACCATTTTGTGTGTTCATGGTAATCCCACATGGAGCTATCTGTGGCGGGAACTGGTCCAACAAGCAACGGATGTGGCGGCAACGGGTTCTGGCGACGCATGGCGTGTAATCGCGGTTGACCAATTAGACATGGGATTCAGCGAAAGAACGGGAGTTCACCGCCCGCTGGCCCAGCGCGTACGCGATCTGGCGGATTTTACGTTGGCGATTGGTTTGGAAGGCCCGGTCGTGACGCTGGGACACGATTGGGGTGGCGTGGTTTCAATGGGTTGGGCTGTCGACCATCCAGAACTTCTGTCTGGGCTGATGTTACTGAATACCGCTATTCATCAGCCATCGGACGCCCCGATTCCTGCACCCCTTAGACTCGCACTGGCCCGAGGCGTATTTGGTCAGGCCACGGTGGCAACTCCGGCGTTCTTAGAAACCACCCTTGCTCTGGGTCACCCGGCCGTTAGCCGAGCCGTTAAGGACGCCTATCGTGCTCCTTATAGAGGCGCTGCACGTCGTGGCGGTATCGGCGGTTTTGTGGCGGACATTCCCGTTGATGCCTCTCATCAATCATTCGCAGAACTGTCCCGCATTTCATCCGCTCTTCGGCGTCTGACAGTACCGGCCGTAATGTTATGGGGACCTCGGGATCCGATTTTTTCAGATCGATACCTGGACGATCTTATTGACCGTCTGCCACACGCGGACGTGCATAGGTTTGAAGGTGCTGGTCATCTTATTGCAGAAGATGTGGACTATGCGGATGCGTTACTTACGTGGCTTGGTGACAATGCTGCGCGCGTGACAACGGGCGCAGCCCGAAGTGAACAGCCGACTGAAGATTACGCAGATACTGTAGCGACTGGCAGCAAGGCGGCCCTGGTTGAAAAAGCGAGTGATGATGCAGGTACTGGGGCGGCCGCCTCAGATCGCCCGCTCTGGCATTATCTCGATGAACTTAGTGATTCGGGTGAAACAGCCCTCGTTGAAATGAACCCGGGCAATGGCGCGGAACCCCGGGTTGTTTCCTGGAAACTGCTGAGTCGTCGCGTGCGTGAAATAGCCGCTGGCCTGGCAGGTGTTGGCGTTAAGAAAGGTGATCGCGTAAGCCTTTTAGTTCAACCGGGCGCGGATCTGACAGCCGTCCTGTATGCTTGTCTGCGCCTGGGTGCCGTTGTAGTTGTGGCGGATGCGGGTCTGGGCTTGCCCGGCCTCACCCGTGCCGTCCGTGGTGCACAGGCGGATCATGTAATTGGAGCAGCACCTGGTTTAGCTGCTGCAAGAGCATTAGGTTGGCCAGGACAGAAAATCTCTGTTACAACTTTTCCTAGGGCAGTCGCGCGAGCGTTGGGTATTTCACACACACTGGCTGAACTCGTGCGTGATGGTAGAGGTGCAACGTTGCCAGAGGCGCCAGCCCCGAGCGACACCGCAGCAATTCTATTTACATCCGGTAGTACCGGTCCGGCAAAAGGGGTAGTGTATTCTCATGCCCAACTTGGAGCAATACGCGACACGCTCGCCGCACAGTATGGAGTGGGCGTCGGTACGGGATTAGTGGCGGGCTTTGCACCTTTCGCTCTTCTTGGGCCAGCCCTGGGAGCTCGCTCAGTGACGCCTGATATGGATGTAACCTCACCGAAGACTTTGACCGCGACAGCGGTGGCACAGGCAGCCGCCGCGGTAGACGCAACTGTAGTTTTTCTGAGCCCAGCAGCTGTTACGAACGTTGTTGCGACAGCCGATGCGCTGACAGATGCCCAACGCCATGCTTTAGCCGGCGTTCAGACCTTCTTGTCCGCAGGTGCACCAGTGAGTGAGTCGTTGCTTGCTGCAGCAGCAGACCTGATGCCGAACGCGTCCGCTCATACACCTTACGGTATGACTGAAGGGCTACTGATGACCGATATCTCGCTGGATGGCATTAGAGCGGCCGCAGCAAGCCGTGCTGTGGGGGGTGTCTGTGTGGGTACCCCGGCCGCTTCCGTTCAGGTCAGAATTAGCGCCCTGGACGATCTTGGTCAGCCCACGGGTGAGCCTACGACTGAAGCAGGCGTCACCGGAGAAATAGTCGTAAGTGCCCCTCATTTAAAAAGCAACTACGATCGTTTATGGATGACTGACAGAGCATCGCGCGTGGGTACGGATAGCGCATTTGCGGATCGCAGAGATGCTGGCGATGCTAGCCCTGGTGCAGTTTCAGCAGCTGCAGCTGCGGCATCAACACGAACGCGATGGCATAGGACGGGTGATGTGGGTCATCTGGACGAAGCAGGGCGCCTGTGGGTTGAGGGAAGATTGCCGCATGTCATTGCAACCCCGGATGGGGTGGTTACCCCAGTAGCGCCTGAACAGAGGGTGGAATCTCTGGATAGAGTCGCAAGGGCAGCAGTTGTTGGTGTTGGGCCAAGAGGTACTCAGCAAATTGTGGTAATTGTCGAAACCGCCTCCCCGGCTCGTCGCGTGGCACTGGCTGATAGGGAGTTGACCTCCAGTATACGTGGCGTTGCGGGCGTGCCGGTGGCGGCTGTGCTAGAAGTCCCAAGGTTACCAACTGATATCAGACATAATAGCAAAATTGATCGCAGCGGTCTTTCACGCTGGGCTGCCGATGTACTGGCCGGTGGTCGTATGCGGCAGCCActcgagcaccaccaccaccaccactgagatc,pET30b,C-term 6XHIS,Nde1/Xho1,after C_terminal_His_tag,Kanamycin,3-F4,WP_079726386
Batch220B_p127,WP_006592559.1 alpha/beta fold hydrolase [Kineosphaera limosa],ctctagaaataattttgtttaactttaagaaggagatatacatATGACCGCCGCGGCGACGGACCGGGCAGGTGATGCCCAGCCTATGCCCGCTAGCACAACTGCCCGAGCAACAAAACCCATGCCAGGCCCCGAGGCTGTGTCCCGTCCTGAAGCCATTCGTCGTCGTCTGACGGGTATGCCAGGTTTGGATCCGGCGTGGAGCCGAGTAGTCCGTGCACCAGATGCAGATGGGGTACCACGCGCATGGCATGTATTGGACACAGGTGCTGCGCAGCCGGCAAGGGCGGAATCCGCACACGCGGAAAGCGAACGTGCTGCGCCGGCAGCCGGTGGCACAATCTTGGCTGTGCACGGGAACCCGACTTGGTCATATCTGTGGCGTCATCTGCTAGCGGCCCCTCCTCCTGGATGGCGTGTTGTTGCGGTGGATCAGCTTGGAATGGGTTTCTCGGAAGACCCTCGCGGGGACCTTACCCATCCTCGTACTCTGCGTCAGCGGATCGATGATCTTACGGCCCTAACTGAGGCCCTGGATTTGGGGCCTTCAGTGGTTGTAGCAGGGCATGATTGGGGAGGTTTAGTGGCGGCAGGTTGGGCACTGGCACACCGCGAGCGTCTTTCAGGGCTGGTATTGGCGAATACCACGGTGCAACACGACTTCTCGCAGGGGCTTCCCCTGCCGCTACGTTTCGCGACCCGGCCTGGGCTGCTGCGTGCAGCTTGTGTTAGTACGCCGGCGTTTGTAGCAGCGGCGACCGCGATTAGCTCACCTCGTCCGGAAGCGGATGTGCGAGCTGCTTATGCAGCTCCGTATCCTGACGCTCAGTCTCGTTCATTTGTTGGTCAATTCGTTGCCGATATTCCGGCCCGCCCCGGACACCCTACAGGTGTAACGTTTCTGGAACTAGCCGACGGATTAGGGAGCCTGGACGTGCCGGCCCTGCTGCTGAGAGGCCCGAAAGATCCTGTTTTTTCTGAAGCCCACCTCAGGGACCTTCGAGCTCGCCTCCCGCATGCGGACGTGCATCGCTATGAGGGTGCAAGCCATCTGGTTCTGGAAGATGCACCCCGTTCGGCACAGGATATCGCAGCGTGGATAAGGACGAGAGTGGAGGGCCATGCGAATGGAAGCACCAGAGACGACACAACTGACGATAGTACAAAAGACGTTGAAGGCAGAGCGAGTGCCGCCGAATCAACGCGGCCGGAGCTCCCACCTTGGGCGGTTGGAACAAGCACCCACCCGTGGGCTGAGCTAACTCGTGCAGCCAGAGAAGATCCGGACCGGCTGTGCGTTGCTGAGGTCGCTACGGGCCGTCAAGCAACGTATGCACAGGTCGAAGATGACGTTCAGGCAGTGGCACTGGGGCTTGCTCAGGAGGGGGTGAGACCGGGGCAGCGTGTAGGAGTATTAGTGGAGCCCGGCATCGATCTGACAGTTGTTATCTACGCCGCATGGCGGCTGGGTGCCGTTGTAGTTGTTGCTGATGCTGGTCTGGGTGCTGCTGCAATGGGTAGAGCCTTACGTGGTGCCGGCACAGACCACATTATAGGGATTCCCAAGGGAATTGCCGCGCTGCCAGCTCTACGTATCCCCGGAGCACGTTTTCTGGCAGGTGAATTACCCGCACCAGCTAGACGTGCTCTGACAGTGCGCGCTACATTAGATGAATTGCGCGCGTGTGGTGCACGGTTGCGTTCACAGGGTGCCACTCTCCCGGAGGTTGTTACTGGCGATGCTGACGCCGCAGTGCTGTTCACATCTGGCGCAACGGGTCCGAGTAAAGGTGTGGTTTACCGAGTCGATCAGCTGCGAGCCCAGATAGGGGGCTTCGGGCATATCTACGGCCTTACTGCGGGAGATAGGCTGGTGGCAGCATTTGCCCCATTTGCACTATATGGACCGGCCTTGGGCATCGGAGCTGTGGTTCCGGATATGAAAGTAACCGCCCCGAGTACTCTGACTGCCGCAGCGCTTGCCGAAGCAGTTCTCGCTGCAGATGCCACTTCAGTCTTCGCAAGCCCAGCGGCTCTTCGGAATGTACAACGTACACGAGATGACCTGACACAACAACAGCGCGCTGCGCTGGCCGGTGTACGCGTGGTGATGTCCGCGGGAGCGCCGGTTCCAGCAGCATTGCTGCGCGCCCTTTTGGAGCTGTTTCCTCAGGCAGACCTGCATACACCGTATGGGATGACCGAGTGCCTGCCCGTCTCAGATATTACCCTTGCCCAAATCGAAACCTTAATCGAAGGAGAGGGGGTATGTGTAGGCGCACCGCTGGCCGGAGTCGAACTTGCGGTGGCGCCCTTACCTGATGACGTAGGCGCACCTGACGGCGCCCTTACCTCGGAACCGGAAGTGACTGGAGAAATCTGTGTACGCGCAGCGCATGTTAAAGATAGGTATGATCAGCTGTGGGCCACGCAGCATGCCTCAGCAGATCAGCCTCCTGGATGGCATCGTACAGGAGATGTTGGCCATCTTGACGGGCAGGGGAGATTATGGGTTCAGGGCCGACGTGCCCACGTGGTCCACACTGCGGAAGGTCCGTTTACCCCAGTAGGTCTGGAGCAAAGAGTTGAAGCACTGCCGCAGGTGGATTCTGCTGCCGTGACAGGCGTCGGACCTGCCGGTACCCAGGGTGTAGTTGTTGTTATCGTGCCGAATCCCGACGATGACCAGCGGGGCAGCTCGACACCTGGGCGCCGTTTACCGCGCATCGGCACACAACAGAGAGCCATGCCTGTGCTCGCAGATCCAGAAGTAGCAGCAGCTGTTCGTGCATGTACTGCCCGTCCAGTAGCAGCTGTTCTTCAAGTGGCAGCGATGCCGGTCGATATTCGCCACCAAAGTAAAATTGATAGGACACGCCTTGGCCGTTGGGCTGAAATGGTTCTTTCAGGGGGGGCAGTCGGTACCCCGctcgagcaccaccaccaccaccactgagatc,pET30b,C-term 6XHIS,Nde1/Xho1,after C_terminal_His_tag,Kanamycin,3-G4,WP_006592559
Batch220B_p128,WP_005508111.1 alpha/beta fold hydrolase [Rothia mucilaginosa],ctctagaaataattttgtttaactttaagaaggagatatacatATGCGTCATTTAAATTTCCCTAAAGCGCAGCCTCCATATAACCCTGAAGAATGGGCCGGCGTGAATCCCCGTTATAGCCACCTCCTTGAAGTGCCCACCAGCGCGCCTATAGAGCAGCGTGCTCAGCAGGCAGGTGCCCGACGGTGGCATTACCTCGATAACCTGCCAGTCCTTGTTGAGCAAGGCCTTGAACCCATCGGTACTATCTTGTGTGTGCACGGCAATCCGACCTGGAGTTACCTGTGGCGTACGGTTCTGGATGCGGGGGTTAATGAACGTGCTCCATGGCGTGTTGTGGCAGTAGACCAGATCGATATGGGATATAGCGAGCGTACGCATCTCGATCTAGAGGGTGAGCGCAGAAGCCTGACCGATCGCATTGCAGACTTAGGGGATTTCACTAAAGCTCTAGGACTGGATGAGACTGATAAACCTGTTGTCACTCTGGCACATGATTGGGGCGGTCTGGTGTCATTTGGATGGGCTCTGGAACATCGCGAAATTTTAAGTGGGGTCATGTTGACAAACACCGCCGTTTATCACGATGGCATTGAAAATATTCCGGCAGCGCTGAGACTGGCCCTGGGGGTTCATGAATGGGGGACGCATGACAGTACAGCCTTTATCGACGTGACCCTGGGGCTTGCTCAAAATGAAGGTCGTCTGCCAGCTCCTGGCTCAGCAGGAGCAGGCGCGTTGGATGGTGCGTTGCCTCAGCCCGTAGGACAGCAGCCCAAACGTCTGTATCCGTCGCCGCTGAATGAGGCGATTTATCGTACGTATAGAGCACCGTATGCACACAGTGCTTGGAGAGAAGGGGTTCGTAATTTTGTGGGTGACATTCCGACTGGCACGGACATCCCGTCCTATACTCCAATGCAGCGTATAGCTGAACAGATCAGGGACCTGGATGTTCCGGCCTTTTTTCAATGGGGCACCAAAGACCCCGTCTTTCAAAGACGGTATTTATTTGATCTGATGGAACGTATGCCCCAGGCAAAAGTTCATCGTTACGAAAAAGCCTCTCATCTTGTCATTGAAGACTACGATATTGCTACACCGATGATCAGTTGGCTAGCACAAACCTTCGGTACCCGCGAAGATGGTGCCCTTGTTCCGCCGCATAACGTTGAAGCAGAGCACCGTGCGGCTCGTGCGCGTCGTCATGGTCTGACTACCGGTGAAGGCACTGCAGCGGAAGGGGCAGAAGGTGCGGTCCCCGCGGCTTTCCGTCCCATGTTAGCAGCACTGACCGAACGGGCTAACGACACGTCTACCGCCGTAGTGGATATGGATCCGAAGGGTGATGGAACATCGGTGTCGGTTACGCTTACCTGGGCAGAACTGAATCAACAGGTTAATGCTGCAGCTACAAGATTACATGCTTTGGGTGTTCGCCCTGGTGATAGAGTTAACCTGATGGTGCCCCCGGGAGCTCGCTTGACCACACTGATCTACGCCTGTATGAAATTAGGAGCTGTTATCGTGGTAGCGGATACGGGTCTGGGCATCCCGGGGCTGACGCGCGCGCTAAAAGGCGCAAATCCGTCGTTTCTGGTGGGTATTCCCACGGCTCTGAGCGCTGCCCGTACACTGCTTTGGCCGGGTGTTCGTATTAGCGTAGAACCGCTTGGCTCAGTGCAAGAAAAATTATTGGGGGTTGCCGGATCAGTGTTCACTGCGCCGGCCGCAGATGGAACACCTGGCGCGCCAGTACCAACACCTACAGTGGTGGAGTTCCCTAGCCCGGTGCCTGATGCCGACGCGGCTGTTTTGTATACCAGTGGTAGTACCGGTCCGGCTAAAGGAGTTGTTTATACGCAGCGACAGCTGGCCGGCATGCGCGACGCTATTGCTAACACGTATGGTTTCGCTCCAGGAAGCGGTCTTGTGGCGGGATTTGCACCGTTTGCTTTACTTGGCCCGGCGCTTGGTGCCACAAGTGTTACCCCAACAATGGATGTAACTCGTCCGAAGACCCTAACGGCATCAGCTTTAGCCAGCGCTGCCGCGGCTATAGATGCGTCGGTTGTCTTTGCCTCTCCAGCTGCACTTGTCAACGTGGTTGCTACCGCAGACGAACTGAGCGGAGAACAGAGAGCTGCTCTTGCGAAAGTACAAACTGTTCTGTCCGCAGGAGCTCCGATCCCGGTTCCTCTTCTGGAAGCCTTATCTGCATTGGTACCGAACGCGTCACTCCATACGCCCTATGGAATGACCGAGGGTCTTCCGGTGACAGATGTATCTTTTGAGATGATACGCCAAGCCATCGCTGAAGGGACGCCAAATGCCGCGGGAGAAGTCCTCGACCCGTTTGCACGTGACGGGGTGTGCGTTGGTTTTGCCGTTTACGGAGCGGCTGTCGCCATTGCCCCCCTGCTGCAAGATGGGAGCGTAGCGGATGAATTAACCCACGAACCGGGAGTGACAGGAGAAATTCTGGTCTCAGCCCCGCATGTTAAAGACAGATACGATACCCTGTGGGTAACTGAAGAGCAAAGTATTAGCACGCCGGGCTGGCACCATACGGGTGATGTTGGACATTTAGATGCATCTGGTAGATTATGGGTTGAAGGTCGGTTAGCCCATGTCTTACTGACATCACAGGGCGTACTCACACCAGTTGCGGCGGAGCAGTCGGCTGAGTCACTTCCGGAAGTTCGGCGGGCAGCTTTGGTTGCAGTTGGTCCAGCAGGTACAGCAGCTCCAGTCCTAGTAATTGAGGCCTCTGCAAATACAGCCACATTGGAAGCGAGGCAAAGCGCCTCCGGTTTAAAGCGTGCCCTATTGGATCGGGTTCCGGGTGCCCGTAGATTTCCCATTGCGGAGGGGGTGGCACCGTTTGAACTGTCTCAGCTCGTGCGTCAAAAGGTGGCGGAGGATACTGGTGTGGAGCTGGCAGCTGTACTAGTCGTTCACGAGCATCCAACCGATATTCGTCACAATTCGAAAATTGACAGGCCGGCCCTCGGTGAATGGGCTTCTAAGGTTCTGGCAGGTGCCctcgagcaccaccaccaccaccactgagatc,pET30b,C-term 6XHIS,Nde1/Xho1,after C_terminal_His_tag,Kanamycin,3-H4,WP_005508111