role,gene,organism,aa_seq_length,nucleotide_seq_length,x6x_his_tag_terminus,cut_sites,add_stop_codon,seq_name,primary_amino_acid_sequence
OleA,WP_044441590.1,Agreia bicolorata,340,1020,N-term 6XHIS,Nde1/Xho1,before Xho1,WP_044441590.1 3-oxoacyl-ACP synthase III [Agreia bicolorata],MDGNATTTHRNVALLSVATTMATRITTSAEIDRRLAPSLKRLKLPTGLLQRVAGVHERRNWGEGQTFDDAAIEAGKKALAEAGIRPDQVGLLINTSVTRKHLEPSVAVRIHHGLGLPSSATNFDIANACLGFVNGMALAGQLIDAGQIDYAVIIDGEDADEIQVNTIERLGREGIKRKDFMSEFASLTLGSGAAAAVIGRADLHPEGHRMLGGITRAATQFNDLCVGSVDGMFTDAKALLKGGMELVVSAWKDAKRQWSWSHMDRYIMHQVSSVHTNAIVKAANLDATRVPVTFPLLGNVGPASIPITLAQEASKLVRGNRVLLMGVGSGLNTSMMEIAW
OleC,WP_044441907.1,Agreia bicolorata,890,2670,C-term 6XHIS,Nco1/Xho1,after C_terminal_His_tag,WP_044441907.1 alpha/beta fold hydrolase [Agreia bicolorata],MDARFSRLVTVADGDSGRSATWHLLDNGPVLDELGVTPVGTLLCVHGNPTWSYLWRGLVAAATDAATTAAETGSGLVSSGVWRVVAVDQLEMGFSERTGTERGLERRVADLSALTDALELTGPVVTVGHDWGGVVSMGWAVDHSELLAGVVLLNTAIHQPEDRAIPWPLRLTLQRGMLGRATVATPAFLETTLALAHPALAADVKNGYRAPYRSADRRGGIGAFVADIPVDEQHRSWNELERIAAGVRELGVPSLMLWGPRDPIFSDTYLDDLAERMPQADIHRFEGAGHMIAEDVEYAPVVLGWLEARSLSLSKGTDSVDELPVDKLREQKASKRPLWSVLDELRGSTDIALVDMKPYRAVSWRLLSRRVRQLAAGLVRAGVKPGDRVSLLIPPSADLTAVLYACLRIGAVVVVADAGLGLPGLTRAVRGARPDHVIGALPGLTVARAFSWPGQKISTATLPLPTALALGVRHSLGEIARLGADESLPEPPAASAVAAVLFTSGSTGPAKGVVYTHAQLEAVRDALSSQYDIGVGTGLVAGFAPFALLGPALGARSVTPDMNVTSPRTLTAKATAEAAAAVDASVVFLSPAALANVVATSDALGLADTAALAGVKTFLSAGAPVPESLLAAAGRLMPNATPHTPYGMTEGLLMTDITLEGIRAAADDAAALPDGEHAGGVCVGAPAGSVRVRIAALDENGMPGGEPSEQPGVTGEIVLSAPHLKQSYDRLWATNRVADADSVPASAGDQGERWHRTGDVGHLDSAGRLWVEGRLPHVIVTAAGVITPVGPEQKIESLLGVNRAALAGIGPRGTQQLVAVLETEPAASRPAALGDSELAAAVRHATGLDIAAVLVVAALPTDIRHNSKIDRSALSRWAEGVLSGAKLSAP
OleD,WP_044441591.1,Agreia bicolorata,325,975,N-term 6XHIS,Nde1/Xho1,before Xho1,WP_044441591.1 NAD-dependent epimerase/dehydratase family protein [Agreia bicolorata],MRVLVTGASGFLGGAVAREIAVAGHEVRTFQRRPSGVDGVDDVLGSLTSTADVARAVEGMDAVVHLAAKVSLAGDPAEFEAVNVEGTRALLASMRDAGVGRLVFVSSPSVAHAGASIVGDDAQPADPRHARGEYARTKALAELLALGSDSGSLRVVAVRPHLVWGPGDTQLVERIVERARAGRLPLLDRGAALIDSTYIDNAASAIAAALERVDEVHGNAYVITNGEPRPVAELLGGICAAAGVAAPAWSVPAGVARAAGSLIEVVWRVKPGADEPPMTRFLAEQLSTAHWFDQRRTRSELQWRPAVSLDEGLRRLAGHYSATPR
OleA,WP_003805730.1,Arthrobacter globiformis,350,1050,N-term 6XHIS,Nde1/Xho1,before Xho1,WP_003805730.1 3-oxoacyl-ACP synthase III [Arthrobacter globiformis],MQDGNEQGLDLAGNATFRHSNTALLSVSSVEAPRIVSSTDFDRRLASTLQRLKFPPRLLERVAGITHRRWWAAGTSFDDAAVEAGAKALAEAGVEASDIGLLINTSVTRRNLEPSVAVKIHHGLSLPSSAMNFDLANACLGFVNGMTLAANMIDSGQIKYAMIVNGEDAQATQEATLARLQRPETTREDFNREFATLTLGSGAAAAVLGPADQHPGAHRILGGVMRAGTEHHELCVGGIDGMATDTKGLLDGGLRLVVDAWNEAQPEWDWASMDRYITHQVSTAYTQAIIGAIDLDPDRVPITFPHWGNVGPASLPMTLAAEAQTLGTGDRVLCMGVGSGLNTAMVEIVW
OleC,WP_003805731.1,Arthrobacter globiformis,898,2694,C-term 6XHIS,Nco1/Xho1,after C_terminal_His_tag,WP_003805731.1 alpha/beta fold hydrolase [Arthrobacter globiformis],MVTADWHGVDPAWSREIAVASTSAADEPGTVRRWHLLDNGAELSRRGLAPAGTLLCVHGNPTWSYLWRTLLAAGSDPAHPWRVVAVDQLDMGFSERTGRFRRLADRINDLGDLTDALGLDGPVVTVGHDWGGVISLGWALAHPQHVSGVVLTNTAVHQPSGAAIPPALRLALHPAVHRWGTTTSDTFLRVTHSLANPPLPADIRKAYMVPYRGAPRRAGVGNFVADIPADASHPSFPALSRVAEGLRGLKVPALMLWGPRDPIFSDRYLKDLISRLPHADVHRFEGAGHLVAEDRNIAAPVFQWLAGHRGTSGAGSPAAEAAATGGQGLKGAEERGRAGFRPLWELLGELAAGPAKGATAVAEMGPDGRVSRSLSWQQLDGNILDLAAGLREAGVRSGSRVSLMVPPGVDLTVALYACLRLGAVVVVADAGLGTSGLSRAVKGATADFLIGIDKALAAASVLGWPGRRISVQDLPAARRRIVGVETSLAALAGRGAGRGARRPTHTVDPAAPAAVLFTSGSTGPAKGVLYTHRQLAAMRDTVAETFGIRPGARLVAGFAPFALLGPALGTVSVTPAMDVTAPRTLTARALADAAAAIEATVVFASPAALRNVLATRDAVGGAGHKALESIELLLSAGAPVPEPLLAEVQRLMPRASLHTPYGMTEALPVTDISLEQIQAADAETAAGTVAGAGNGVCVGRPVHGARVAVVPLAADGTAPGSHLVTEAGVTGEILVSAAHVKEAYDRLWLTQRASTSLPGWHRTGDVGHFDAAGRLWVEGRLDHVVTAPGAAVTPVGAEQAIERLDCVRLAAIAGVGPAGTQAVVAVVETVPPARKAGPAAPELSGRVRRAAREAGVNVSAVLAVPALPTDIRHNAKIDRTRLSRWASRVLAGGRPGEP
OleD,WP_003805732.1,Arthrobacter globiformis,329,987,N-term 6XHIS,Nde1/Xho1,before Xho1,WP_003805732.1 NAD-dependent epimerase/dehydratase family protein [Arthrobacter globiformis],MRVLVTGASGLLGREVARLLVRQGHAVATFQRRPSGIDGAADFCGSLTDDAALRRAIEGSDGIIHLAAKVSFTGRAVEFDEVNVEGTRRLLHSARAAGVRDVVFVSSPSVANSGAAIVGVGAEPADPQHAHGDYSRTKAEAELLALAADAPECRVAAVRPHIVWGPGDTQLVERVLARASRSRLPLLDAGAALIDTTYVDNAASAIVAALHRMEHVHGRAVVVSNGEPRPVGELLAGICAAGGVPAPSWTVPGGVARAAGAVVEKLWTWAGRKEEPPMTRFLAEQLSTAHWFDQRQTRELLNWTPAVSLDEGLARLAEHYSCGSAAPRR
OleC,WP_035678212.1,Azospirillum,519,1557,C-term 6XHIS,Nco1/Xho1,after C_terminal_His_tag,WP_035678212.1 MULTISPECIES: long-chain-fatty-acid--CoA ligase [Azospirillum],MAHLLHQFLSETAARRPHHTALIAGENAVTFAELDRQSDAVACALQSAGVVRGDRVAVMLENSIEYVAGLFGALKAGAVYVPVNPSTKADKLAYILTDAGVRALIAPAALARQVVPATGEAPHLATTLWVGPAVPAGAGGLSFTDIVAAHPDAPSGSTKPQNRGLIDQDLAAILYTSGTTGRPKGVMLSHAALVNTTWSISTYLENTPDDVVMCVLPLTFGYGLSQILTGARVGFTVVLERSFAFPAETLARMVKHRITGLPGVPTFFSTLLGMEALKTADLSSLRYLTNAAAPLPTAHIDRLRERFPDAAFYSMYGMTECCTRICYLDPRDLGTKTASVGRAIPNCEAYVVDELGNRAAPGEVGELVVRGANVMRGYWNRPEETAKRLRSGPQGETLLHTGDLFTMDADGCLYFVSRKDDVFKCRGEKVSPKEVENALYELEAVVEAAVLGVPDPADGMAVKAYLVVRPGATLTEMAIRQHCRGRLESHLVPKFIEIRDELPKTESGKIKRAMLAETA
OleC,WP_014198152.1,Azospirillum brasilense,519,1557,C-term 6XHIS,Nco1/Xho1,after C_terminal_His_tag,WP_014198152.1 long-chain-fatty-acid--CoA ligase [Azospirillum brasilense],MAHLLHQFLSETAARRPHHTALIAGENAVTFAELDRQSDAVACALQSAGVVRGDRVAVMLENSIEYVAGLFGALKAGAVYVPVNPSTKADKLAYILTDAGVRALIAPSALARQVVPAAGEASHLATTLWVGPAVPAGAGGLSFTDIVATHPDPQSGGTKPQSRGLIDQDLAAILYTSGTTGRPKGVMLSHAALVNTTWSISTYLENTPDDVVMCVLPLTFGYGLSQILTGARVGFTVVLERSFAFPAETLARMVKHRITGLPGVPTFFSTLLGMEALKTADLSSLRYLTNAAAPLPTAHIDRLRERFPDAAFYSMYGMTECCTRICYLDPRDLGTKTASVGRAIPNCEAYVVDELGNRAAPGEVGELVVRGANVMRGYWNRPEETAKRLRSGPQGETLLYTGDLFTMDADGCLYFVSRKDDVFKCRGEKVSPKEVENALYELEAVVEAAVLGVPDSADGMAVKAYLVVRPGATLTEMAIRQHCRGRLESHLVPKFIEIRDELPKTESGKIKRAMLAETA
OleD,WP_002653825.1,Blastopirellula marina,328,984,N-term 6XHIS,Nde1/Xho1,before Xho1,WP_002653825.1 NAD-dependent epimerase/dehydratase family protein [Blastopirellula marina],MRALVTGGGGFLGRYIVEQLLARGDQVRVLGRRDYPDLAAIGVNCLRGDVADAQIVSQACADQDVVFHTAAIAGIWGRWEDFYQANVVGTQNILAGCREHGVGKLVYTSSPSVTFDGTDQNGVDESVPYPTRWLAHYPRSKAIAEQQVLAANQPGKLLTCALRPHLIWGPRDQHLIPRLLQRAKSGKLRIVGDGKNRVDMIYVENAAVAHLQAAAALVAGGAVCGNAYFLSQGEPVVCWDWINELLELAKIPKLERKISYRAAFAIGRLLETAYKIARKYDTEPRMTRFLAAQLATNHYFDLSAARRDFGYQPQINMKEGMRRLAETL
OleC,WP_002653827.1,Blastopirellula marina,562,1686,C-term 6XHIS,Nco1/Xho1,after C_terminal_His_tag,WP_002653827.1 peptide synthase [Blastopirellula marina],MTTAASSTSKNVGLLLAQVAAERGDAVAIATPGRRDADGRRVYQTITFAQLEADSTRLAAGLAALGVTPGTRLALLVKPSIDFVSLVFALFKVGAVSVLIDPGMGRKNLLRCLDQVEPEGFVAISIVQAVRVLMGRRYGQAKMNVTVGRRWFWGGPTIDDLRKTDASHFQPVAAAADDPAAIIFTTGSTGPPKGVLFRHEGFYEQVQQIRDRYDIQPGEIDLPGFPLFGLFNSAMGVTSVIPEMDASRPAAVNPLNIIEPIHDWQITQSFASPAVWNKVGLYCEQHEIRLPSLKRVLSAGAPVPPHVLRRMKNAIHADGDIYTPYGATEALPIASIAASEVLDGTELASAQGAGTCVGRRFSGIQWRVIRITDADIATLDQCEAVDEGEIGELIVTGPVVTHRYFTSEAATQAAKIADGERIWHRMGDVGYLDAEDRFWFCGRKAHRVRTIDGDMFTIPCEAIANNHASIFRSALVGVGEPGDQFPVMIVEPWSDKYPQSREAIDALLEEVRQLCAAHPLTETIHDFLLHPAFPVDIRHNAKIFREKLAVWAEERLNEPSQD
OleA,WP_005885358.1,Brevibacterium mcbrellneri,371,1113,N-term 6XHIS,Nde1/Xho1,before Xho1,WP_005885358.1 3-oxoacyl-ACP synthase III [Brevibacterium mcbrellneri],MLRCAHWHAPALLTANLLDARIERTLLNGRTPGNTTFRHNNAALLGIAETTAPNPVSSGSFDEKLASTLKRLHLPQGLIRRVAGVDYRRNWDNPHDFIAGAVNAGKQALERAQVDADQIGVMINTSVTRETLEPSVAVSIHHGIGLPTSAMNFDIANACLGFVNGMTVVSTMIDSGQIDYGLVVAGEDATRVQQATLNRLSQDDITRAEYLNEFASLTLGCGAAAAVLGPADRHPEGHRILGGVTRAGTWNHELCVGDHNGMFTDATGLLTNGMELVINAWNEAHEDGWDWNDMTMYVTHQVSKIHTNEMAKTASLDLDRMPVTFPELGNVGPASLPITLARNADSLKSGDRILAMGVGSGLNTAMTEIVW
OleC,WP_005885359.1,Brevibacterium mcbrellneri,927,2781,C-term 6XHIS,Nco1/Xho1,after C_terminal_His_tag,WP_005885359.1 alpha/beta fold hydrolase [Brevibacterium mcbrellneri],MSHPSQAAFGAAPATTPPDLAEWDPQWSRIVTVPTFDGERSFHVLDTLPALRERGLEPTGTIVALHGNPTWSYLWRRLAQATVDAADEPGARTWRVIAPDQLEMGYSERVEHSNLPTPLGDDPTQRRIAQRVADFDAVISELTAEVSATSGADHPLVTLGHDWGGVLSLTWAARNQDRVAAVMTLNTAVWHDDNENIPAALRAALTGPVLPYSTVRTDAFLRATLALSNSIPPEVANAYRSPYQTAAQRHGIGQFVADIPATSDHPSHGELQQLARDIATIEAPALILWGPKDPVFQERYLRDLRKRLPQADIHRFERTSHLFAEDVDYASTVLQWLAATLPVDGTEAAAGGAADSARTVTGETGPDAATDSNDDLPMIFDALDARHTDPSVASVDMSKDQAISWAQLSHVVDAIALSLQEKGLKRGDRVSLLVPPGNNLTAAAYAVLKAGGVVVVADAGLGAAGMTRAIKASDPQWIIGEVPGLTLARGAGWPGRRVSVTPLNALTRRLLGVETSMTEMSRRWVKSHEKIDTPHLDDDAAVLFTSGSTGPAKGVRYTHRALGALATVLQRHFDVKPGTGLVAGFPPFALLGPGIGASSVTPNMSVTKPRTLTARALAEAVAAGSCTMVFASPAAYTNVAATADELTDEQRAACAGVEMALSAGAPVPLELMRKIKSVFPNASVHSPYGMTEGLLLADITADGVAEAMEAASDHGVCVGRPIEGVRFAIAPILPDGSSSEELIELSSPGGSDVAGSEAVGVLGEFVVSADHIKSGYDRLWLTDVESKRDTAGGHTWHRTNDIGHVDAQGRIWVEGRTQHIVTTPYGPVAPGGVEAVVDTVPGVSRSAVVGVGPHGNQALVVVLERTDEMKPGLAGLDITAQIRETVLEKCDLDVAAVLVAKDFLTDIRHNSKINRERLREWAEDQLG
OleD,WP_005885372.1,Brevibacterium mcbrellneri,322,966,N-term 6XHIS,Nde1/Xho1,before Xho1,WP_005885372.1 NAD(P)-dependent oxidoreductase [Brevibacterium mcbrellneri],MRICVTGASGLLGSGVARALVEQGHHVTTLQRRPSGVDGAQDVLGSVTDPACVEGALTGAEAVIHLAAKVSMAGDSAQFDRVNIDGTRTVVEAAQAAGVNRFVHISSPSVAHTGSSIIGEGAQPANPQTARGDYARTKAQGEIIALNADSDSFPVIVLRPHLMWGPGDTQLTERVIERAKQGRIPILGSGTPLIDTLYSTNAIDAILAALEVVPHTHGEALVVTNGQPRPVGELLNRIAVAGGAEPIRLHVPAGAAKAAGSAIETVWNLTEHDDEPPLTHFLAEQLSTAHWFDQRRTREALNWTPAVSIEQGLKILAQHYGK
OleD,WP_034630942.1,Cellulomonas cellasea,329,987,N-term 6XHIS,Nde1/Xho1,before Xho1,WP_034630942.1 NAD-dependent epimerase/dehydratase family protein [Cellulomonas cellasea],MKVLVTGASGLLGRAVADALHAAGHDVRTFQRRPSGLAHAQDVLGSVTVPAEVDRAVAGVDAVVHLAAKVSLAGDPAQFHEVNVRGTGNVLAALARHGVERLVHVSSPSVAHTGASIVGDGALPADPARARGDYARTKAEAEVLALAADRPGLRVVAVRPHLVWGPGDTQLVARLAERARAGRLPLLDAGTVLVDTTYVDNAASAMVAALGRLDAPDGAVRGQAYVVTNGEPRPIAEMLGGICTAMGAPAPSRHVPAALARAAGSLVEAVWRVRPGTDEPPMTRFLAEQLSTAHWFDQRRTRADLQWAPAVTLDEGLRRLRAASGTPAG
OleC,WP_034630946.1,Cellulomonas cellasea,1010,3030,C-term 6XHIS,Nco1/Xho1,after C_terminal_His_tag,WP_034630946.1 alpha/beta fold hydrolase [Cellulomonas cellasea],MTSPGAPGPTAPASLPPRGLAGLDAGFSRLVRAPETPLTAVPEHGAGRAGAGSSAGPVRTWHVLDNGGRLDELGREPVGTVLCVHGNPTWSYLWRRLVAVATEAAAAGRPAWRVVAVDQLEMGFSERTGAHRPLARRVRDLGDLTDALGLAGPVVTLGHDWGGVVSLGWAVDHPDVLAGVAVLNTAVHQPAGTPVPAPLRLALRRGVLASSTRRTTAFLDTTLALAHPPLDPAVKAGYRAPYRSAGRRGGIEGFVADIPADAAHPSAAELDRVAAGVRALDVPALVLWGAKDPVFRDRYLDDLQARLPHADVHRFETAGHLVAEDVDHATAVLDWLDDRFGEHDAGGAYRAGAGGATLGADADTHGRHAAPGHVEDAPADVAAHAAPGVDRPAHPDGVADDDPRPGRPAHVGPGHVEDVPAGHPAHAAGGTAGEWGDRHPLWYRLESLAGSAETALVELAPSAGPAPRVVSWRLLARRVREIAAGLDALGVRRGDRVSLVVPPGADLTAVLYACLRIGAVVVVADAGLGVRGLTRAVRGARPDVVIGAAPGLSAARALGWPGRRISVAPLAPALARALGVEHTLADVAELGARREPPAPPGPDDTAAVLFTSGSTGPAKGVVYTHAQLAAACRALATRYDLGPGTGLVAGFAPFALLAPGLGARTAIPAMDVTSPRTLTAAAVADAAAAVDATVLFLSPAALANVVATADGLTAEQHAGLGSVRTFLSAGAPVPVELLARAAELLPHATPHTPYGMTECLVVTDITLDEIRDAAGAPGPDVPGGVCVGRPAAGAVVRISALDDDGAATGTPSTEPDVTGEIVVSAPHLKQGYDRLHLTDRASTLGTATSSGSDTGPRAGTGTGTAPGPGPGPERWHRTGDVGHLDAEGRLWVEGRLAHVVVTADGVVTPVGVEQRVDGVPGVARSALVGVGPRGAAVLVAVVETGPAARRPGLAAPDLAAAVRAAAGRPLAAVLVVPRMPTDVRHNSKIDRTRLAAWAEGVLAGRRARRP
OleA,WP_034630949.1,Cellulomonas cellasea,340,1020,N-term 6XHIS,Nde1/Xho1,before Xho1,WP_034630949.1 3-oxoacyl-ACP synthase III [Cellulomonas cellasea],MSGNATSRHRNAALLALASTTPDRVTTSADIDRRLAPALKRLRLPRGLLQRVAGVHERRNWADGQTFDGAAIAAAEKALAESGIDRREVGLLVNTSVTRKHLEPSVAVRIHHGLGLPSSAVNFDIANACLGFVNGMNLAAQLIDAGQIKYAVVVAGEDADDIQNNTIERLIGDDITRADFMQEFASLTLGSGAAAAVVGPADAHPEGHRILGGVTRAATQFHDVCVGSVEGMYTDTRALLEGGMELVLAAWTEARHEWDWAAMDRYILHQVSDVHTKAIVKAAGLDRSRIPTTYGRYGNVGPASIPITLAHEASSLEPGDRLLLMGVGSGLNTAMMEIAW
OleA,WP_015490789.1,Clavibacter michiganensis,343,1029,N-term 6XHIS,Nde1/Xho1,before Xho1,WP_015490789.1 3-oxoacyl-ACP synthase III [Clavibacter michiganensis],MLLNGNATFRHRNTSLLGLASVLAPHTVTSVEIDDRLKPVLSRLRLPTGLLQRVAGVLERRNWDTSMSFDAAATEAGRTALAQAGVQPSQIGLLINTSVTRAHLEPSVAVSIHNGLGLPSSALNFDIANACLGFVNAMTLAGHLIDSGQIDYAMIVDGEDAGEIRHNTVARLLRPETTRADFLSEFPSLTLGAGAAAAVLGRTSDHPEGHRILGGVTRAATQHHELCIGDVDGMFTDTKELLRGGMELVVDAWKEAAQDDWEWSDMDRYILHQVSDVHTNAIVKAAKLDKSRVPLTYPRYGNVGPASIPITLADQADSLSRGDRVLCMGVGSGLNTAMTEILW
OleC,WP_015490788.1,Clavibacter michiganensis,888,2664,C-term 6XHIS,Nco1/Xho1,after C_terminal_His_tag,WP_015490788.1 alpha/beta fold hydrolase [Clavibacter michiganensis],MSASAAVDAATVPAAGPDGLPLPGLDPAWSRVVRAGGHGWHLLDTGERLAATGAPVAGTILCVHGNPTWSYLWRRIAAESLARAERDPSRPAWRVVAVDQLDMGFSERTGTARTLPTRLDDLQALTDELGLSGSAARAPVVTLGHDWGGVVSLGWALRNRDVLAGVMALNTAVHQEEGVPIPWPLRLALATGIHDAATRGTPGFLATTLALAHPPLDPAVRRAFAAPYRGADRRAGIRGFVADIPVGPAHPSHATLTSIAEGLRDLDVPALFVWGPRDPIFSDVYLSDLLERLPHAEVHRVEGAGHLVAEDHDYASAALDWLADRIAPGSDRSPAPARAAAPVRPLGALLEELRDSDDPVLVEMAPRGGGGPRTVSWRLLSRRVREIAAGLHARGLRAGDRVSLLVPPGADLTALLYACLRIGAIVVVADAGLGVKGLGRAVAGSRPDMVVGIPAGLALARALGWPGERISVTTLAPPVARALGVAASLPEIARDGRAQVLPPEPAADDDAAILFTSGSTGPAKGVVYTHRQLAALRDTLGSRFDVGVGTGLVAGFAPFALLGPALGATSVTPDMDVTRPRDLTASALAAAARAADATVVFASPAALANVVATADALTDADRAALGRVRSLLSAGAPLSEALLTRAAALVPAAQVHTPYGMTEGLLLTDVTLEGIRDAARRGDAGVCVGVPVDPVDIRISRLDADGAATGALTSEPGVTGEIVAAAPHVHDRYDRLHVTDRAARRDSADGIRRHRTGDVGHLDAQGALWVEGRLPHVITTADGVLTPVGPEQRAESAPGVGRAAAVGVGPAGVQQLVLVVETVPAARRVGLAGADLAGVVRAAVGDPVAAVIVVPVLPTDVRHNSKVDRARLGRWAAGILAGGRVTAP
OleD,WP_015490787.1,Clavibacter michiganensis,333,999,N-term 6XHIS,Nde1/Xho1,before Xho1,WP_015490787.1 NAD-dependent epimerase/dehydratase family protein [Clavibacter michiganensis],MIVLVTGASGMLGRAVAERLAAAGRAVRTFQRQPSGLAASGTQPVPGSVVDLRGSVTDPAAIVRAVDGVDAVIHLAAKVSLAGDPADFRAVNVEGTRSLLEAARAAGVTRFVHVSSPSVAHTGLSITGDGAGPADPVRARGDYARTKAEGELIALAADDPAMRVLAVRPHLVWGPGDTQLVARIVDRAARGRLPLLGHGAALIDTVYRDNAADAIVAALAAADTAHGRAYVVTNGEPRPVAELLAGMCRAAGVPVPRIRVPAALARAAGGAVERVWAVRPGSDEPPMTRFLAEQLSTAHWFDQRETRRALGWTPAVSLDEGFERLRLAYAAAR
OleD,WP_028327378.1,Dermatophilus congolensis,333,999,N-term 6XHIS,Nde1/Xho1,before Xho1,WP_028327378.1 NAD-dependent epimerase/dehydratase family protein [Dermatophilus congolensis],MKVLVTGASGMLGGGVAEALMQRGDEVTVLQRRVSNIPGVREVLGDITVPGDVDRAMAGQEAVVHLAAKVNITGRWEEYLRINAGGTLNMLDAARRHGICRFVHTSSPSVAHAGTSIVGEGAGPASPEHARGNYARSKAISERMALEEDLRSQQAGSGPAVVVLRPHIVWGPRDTQLVARVIRRAQAGRLPVVGNGAALIDTLYIDNAVDAFVAAVDRCIDVRGESFVVTNGEPRPVSEIFVSWARAGGVDPAPKVLPKRPALWVGSAVDVVTGLRERFGVLNEADPPLTRFLVEQLSTAHWFDQRRTQQALRWTPKVSLDEGFARVAEYYCR
OleC,WP_051277576.1,Dermatophilus congolensis,899,2697,C-term 6XHIS,Nco1/Xho1,after C_terminal_His_tag,WP_051277576.1 alpha/beta fold hydrolase [Dermatophilus congolensis],MVTPVEIRSQLTGLPGIDPAWSRTVTAVDADGIDRTWHILDTHAPNGSDKETEPTHGTLLCVHGNPTWSYLWRHILAAPAPGWRVIAVDQLGMGFSENPRGSMAQPRTLAQRIKDLAGLTQALNLTGRVVAAGHDWGGMVATGWALEHRELLAGLVLANTTVHHDFDAGLPTALKFSLTPRTLRAATVDTPAFVRGTTAVSSPRPSRDVQNAYALPYRTRSDRSFVGQFVADIPTTSGHPTRATMRNLADGLSALGSETAPVPVLLLRGPKDSVFSEAHLRDLQARLPHADVHRYEGASHLVLEDAPRITEDIARWIETRVDQHGACINSDPAAHAGRPPQAPFAVGTPAQPWSGLTDLAHRDPEALCVAEVATGRRITFGQIDTDIEHVALGLRDAGLRPGDRVALLVEPGIDLTVAAYAAWRAGGVIVVADAGLGLSGMGRALRGAGVHHVIAMSKAMPALPALRVPGTRFLVGDLPRLARKALGVRASFDDLRARGRALAAGGHTLPASRKPEDDAAVLFTSGATGPSKGVVYTLDQIRAQVGGFGHIYRLTPGDRLVAAFAPFALYGPALGVAGVVPDMKVTAPATLTAAALADAVTAARGTTVFASPAALRNVLATSEQLQPSQRRALAGVKIVMSAGAPVPLTLLRRLSDTVFPHAEMHTPYGMTECLPVSDITLDELEQVYAPERMQDGVCVGRAIESVQIMVAPLPAVPDGPDGDLTAEAGVVGEICVRAPHMKDRYDQLWGVDDASKSPRGWHRTGDVGHLDGDGRLWVEGRRVHVIHTAEGPLTPVGLEQRVESLNGVANAAVVGVGPRGLQQLVVVLTPDERGLARAAGGVLADQALHTAVRAAADRPVAAVLVRDSMPVDIRHQSKIDRTALACWAEDVLAGNGGRR
OleA,WP_028327376.1,Dermatophilus congolensis,341,1023,N-term 6XHIS,Nde1/Xho1,before Xho1,WP_028327376.1 3-oxoacyl-ACP synthase III [Dermatophilus congolensis],MSGNASYHLSNCSILAVTTVEAPEIVTSAELDTALAPAYTETRTVAGQLERLAGVKQRRWFPADEDFTDGAVEAGRRALHTAGISPEQVGLVINASVTRPHLEPGISAKVHAELGLPRNCMDFDVTNACLGVVNGMQIAGTMIDAGQIRYGLIVASESSRQMQEATIKRLNAGGATKSDVKQAFATMTLGSGAVAILIGPTDAHPEGHRLLGGITRAGTEHHRLCVGSMDGMRTEASKLFREGIDLALDAYTESAEDGWDWKDMDWYVAHQTSTAHIATLAQRLGKPLEKFPTTISEYGNIGPAAMPYTLGTFQDQFATGDRLLLMGIGSGLNASFVEVQW
OleD,WP_012948567.1,Geodermatophilus obscurus,344,1032,N-term 6XHIS,Nde1/Xho1,before Xho1,WP_012948567.1 NAD-dependent epimerase/dehydratase family protein [Geodermatophilus obscurus],MRVLVTGASGMLGRATATGLLERGDEVTVLQRRPSGLPCAEVLGDVADPAVVGRAVRGQDAVLHLAAKVDVTGPWAEYVTANVDGTRTVVDACRTADVGRLVHVSSPSVAHAGTALAGVGAGPADPARARGRYARSKAMAELDVLAADSPSLAVLAVRPHLVWGPGDTQLVGRIVERARAGRLPVIGSGAALIDTTYVDNAAAALVAAVDACGPVHGEALVVSNGEPRPVAEVLGRLCRAAGVPVPRRRVPFGAAYAVGAAVEGIWAVTGRRQVPPITRFLAEQLATAHWFDQRRTRTALGWRPRVGLDEGFSRLRTWYLRTPRSADTAPAQRPPTPSPAAPAP
OleC,WP_012948568.1,Geodermatophilus obscurus,861,2583,C-term 6XHIS,Nco1/Xho1,after C_terminal_His_tag,WP_012948568.1 alpha/beta fold hydrolase [Geodermatophilus obscurus],MTAPDTTAEEAARLPPALPGLDPAWSRLVAVADSTGVKHTWHVLDNGVPDPVGTLLCVHGNPTWSYLWRRLLAAAPPGWRVVAPDHLGMGFSDRLPGPRPLRQRVADLGDLTAALGVTGPVVTVGHDWGGVLSLGWALAHRQDLRGVVLANTAVAMPEGDLGPALIRMASAPGVRATVTVGTPVFVRATTALSRPALPAGVRSAFAAPYRSPARRRSVGDFVADIPFSPGHPSRPAQEAIAEGIRTLDVPALLLWGPRDPVFGERYLADLRSRLPQARLHRYEGASHLLPEDAPRYAEAVAQWVTDLGTGTTEPPDRPAGHAARRLWTALDERSGDDAPAVVEVGGTTVSWSALARRVRNLAAGLAASGVRPGHRVALLVEPSADLTTAVYAVWRAGATVVVADKGLGLGGMRRALRSASVDAVIGSRPGLAAARLMGLPGSRFAAGRAGRAALRALGAAATLDELEARGRSAPVPAEGPVDDDCAVLFTSGATGPAKGVVYTHRQAAAQLDLVRSTYGLTADDRLVAAFAPFAILGPALGIGSAVPDVDVTAPGSLTAAALADAAAAVDATVVFASPAALRRVGATAGDLSSGQRRALARVRLLMSAGAPVPASLLRSLREALPAADAHTPYGMTEVLPVTDVSLAGIEAAGEGEGVCVGAPLPGVTVRVSPLSPEGTADGPLTDRPGVVGEVCVRAAHVKDRYDALWALERAASRDPGFHRTGDVGHLDPDGRLWIEGRLQHVIATASGPVTPVGIEQRVERVDGVTAAAAVGIGPPGTQVVVLVVVPSEGSSGRRRQRLGLAGPDLADAVRAAAGVDVAAVLTTSALPVDIRHQSKVDRGEVARRAARVLAGARAPRP
OleA,WP_012948569.1,Geodermatophilus obscurus,341,1023,N-term 6XHIS,Nde1/Xho1,before Xho1,WP_012948569.1 3-oxoacyl-ACP synthase III [Geodermatophilus obscurus],MSGNATHRFGNTAVLALQTTDATRVVTSDALDDALADTYRRVGLRPGLLERLAGIRERRWWGEGVTFVDGAAEAGAKAISESGVDPAGIGVMINTSVSRRWLEPSTAVAVHHALGLPRSCQNFDVTNACLGFVNGMELAAAMIDAGLVEHALVVNGEDAQPVQERTLDRLNQPGTGSKDVIAQFATLTLGSGAAAMVLGRADRHPEGHRLVASVSRAGTEHHELCVGDNDLMRTDLKGLLDAGLALSEDMWADAAAEVDWAGGMSRYIVHQVSKVHTQAMCDRFSIDPALVPTTFPTRGNLGPASVPYTLAGEQDSLVDGDRVLLMGIGSGLNVSCLELAW
OleD,WP_002649034.1,Gimesia maris,333,999,N-term 6XHIS,Nde1/Xho1,before Xho1,WP_002649034.1 NAD-dependent epimerase/dehydratase family protein [Gimesia maris],MNVLVTGGGGFLGLYIVEQLVAAGETVRVLCRGEYQRLKELGVETVQGDIRDATTVERACEGIETVYHTAAVSGIWGHWDYFYSINTRGTLNVIASCQSQGVTRLVYTSSPSVVYDGSAHENATESLPYSEHFLCHYPHTKMLAERAVLQANGENGLATVALRPHLIWGPRDNHLIPRLIQRARSGRLRQVGEGTNLISMSYVENAAAAHLQAAARLFPDSPVGGQAYFINEPEPVLMWEWINQLLVEAGLQPVKKQISTKAAKRIGSVLEFVFRVLHLPGEPPMTRFLASQLSSSHYYDVSRARHDFGYEPCVSFEEAMRRMKPELQRLAAH
OleC,WP_002649035.1,Gimesia maris,554,1662,C-term 6XHIS,Nco1/Xho1,after C_terminal_His_tag,WP_002649035.1 peptide synthase [Gimesia maris],MSDSQRNIADRLKQSAQAWPFQKAVVFPAGQDKQGRYTYSSLTFQQLDQESDRLARGLIQLGVQPGTRMALMVRPSLEFIALTFALFKAGAVIILIDPGMGRKNIMRCLAEVEPEGFVAIPLAQLIRKLKHRSFPKAHLNVTVGKPVLTSGIDYEWLLGGEWEPFEIVQRSVTDPAAVIFTSGSTGPPKGVAYEHGMFWSQVDLLRDYYQIQPGEVDLPGFPLFALFNSAMGVTTVVPDMDPTKPAQVDPEKIIRQINDQGVTQAFGSPAMWNRIGRYCEQHQIQLPSLKRVLSAGAPVPVHVIQRMRQTFTNSETDINTPYGATESLPVASICGRDVLEKTSEQTQSGAGTCVGTPFPGVQVKIIQIHNEPIRSIEHAVELPVGEIGEIIVQGPMATREYFQRPEATQLAKIPDGDRFWHRMGDVGYRDAEGKLWFCGRKAHMLETSLGAMFTICCEAIFNQHPRVYRSALVGVGSKPNQKPVIIVEPEQGDYPENQAVRDQFTHELLTLGRANALTESIETVLFHRSLPVDIRHNVKIFREKLTPWAEKQVK
OleC,WP_088919873.1,Granulosicoccus antarcticus,896,2688,C-term 6XHIS,Nco1/Xho1,after C_terminal_His_tag,WP_088919873.1 alpha/beta fold hydrolase [Granulosicoccus antarcticus],MSNRPTAPASLPPAGIVGLEPEWSRLVHTPKIDAVGRTWHILDSWADRSDDATPALTLLCVHGNPSWSFLWRRLLAQVMEAHGDRIRLIAVDQLDMGFSERTGVKRPLAQRIDDLCQLTDTLRIKGPVVTVAHDWGGPISLGWALQHLPKANPDVSESSDSVQLAGVVLTNTAVHQPQGSPAPAVIRLIRSPLVLRNATVNTRAFIQGAIEMSRPALDARVRAGFHAPYLKRSQRSAIADFVADIPLDAKHESASTLDAIATGLTELAQIPALLLWGPRDKVFSDLYLHDLEQRLPHADVHRFPGAAHFVSEDADVAGAVIAWIDQYQLAVNDPAKASTHTAVSPDVPAQPDRRALSDFSVATATNDAIVEIAPVHRSISFGELTERVDHLAAGMNSFGINAGDRVAVMVTPGIDLCLAVYGCWRLGATLVLVDSGLGRTGMQRALRSANPAYLIGIDKALIAAKLLRWPGKRIAVGKRSSVMNKALSIASDMATLTERGRDQATPPWPAPETLAALAFTSGSTGPSKGVIYRHHQIQAQRDALMSLYQITQNDRLVAAFAPFALYGPTMGITSIVPDMDVTSPGTLNAQALADAVKLVNATLVFASPAALVNVIASKSKLTEPQQAACSDVRLVLSAGAPVRAKLLTQATSIFTCADVHTPYGMTEALPIADIALSELQQIGKEAASDNLHAGGVCVGHPLPGVLVHIDPLDPQGEPMGQLSGEPGKLGEIMVQAAHTRDSYDRLWLTNYRASQPAGWHRTGDVGQLDATGRLWVGGRLGHIITTPKGVLAPVASEQRIESLYDITAAAVVGVGPVGTQVVVAVVELLLTLTPRGGASMELTEKVRKVVGEEVDIAAVLVVKKLPVDRRHNSKVDRTAVALWASRTLSGDSVASL
OleD,WP_088919874.1,Granulosicoccus antarcticus,349,1047,N-term 6XHIS,Nde1/Xho1,before Xho1,WP_088919874.1 NAD-dependent epimerase/dehydratase family protein [Granulosicoccus antarcticus],MKVLVTGATSLIGRHVVSRLLERGDQVTVLQRRPSGITGVSEVCCDIASSHDTATHSSGPGTESESANGKTTEDLLANAMESRDAVIHLAAKVSISGRWDAFEAINIKGTERLINTAKRCGVARFVHVSTPSVAHAGRSLIGAPAGQANPEQVHGHYARSKAIGEKIALAANGQAMKVVALRPHIVWGPGDTQLIKRIVDRARAGRLLLVGSALALIDTTYIDNAADAIVAGLDNTDRAAGHALVISNGQPRTVSEIMQRILIASGIDIPLRHVPAGVAITAGTVIEHIWQALNRQDDPPMTRFLAEQLATAHWFDQRETHRLLNWQPSIGIEEGFERLAAFEQAESNS
OleC,WP_014243240.1,Halobacteriovorax marinus,777,2331,C-term 6XHIS,Nco1/Xho1,after C_terminal_His_tag,WP_014243240.1 AMP-ligase [Halobacteriovorax marinus],MIKAIVYHGSPGTEEDFKFLEGYLENVVMASRGKSYDGDIYIGYSFGSYFAIKDFVNNPKASKLILISPYLFSEPLGSLKKLLLSNSLSANFLISKLKDKIIDELIEKSAHPKSASNEYREIAARYNNVNILQRAALEKEIPASEIEDLCKKCKDREVVIIWGDQDQSTDLGHIQRIRKLITAKEITLTGAGHAIPWTHREEVMKYILENSKERIGYHSGESAGNNVATFLREHVRENPEKSVLTWVDLQKISGWKGDLNTPLPHESISVKELDHLVSKISGGLLKLGIKKGDRVIIFIPMSLQLYAAMFALQKIGAVAVFLDSWARRDQLGVSAQTAEPKAILSLEKAFMYLKGVQEIEDIELKISVGPVEGKYDSSLEELMQSEPNDEITPVEKEHTALITFTTGSSGKPKGADRSHRFLSAQHYALNRHIPYIESDVDLPVFPIFSLNNLAAGVTTVIPAIDVGAPNERDPLILIAQFLTMKVTCTTLSPSLLNAVSAFCLKNNLKLNGLKRIVTGGAPVSRDDVQRIKEAAPNAEILVLYGSTEVEPMAHIEAKDMLAQVGDDDPEIVEPGVNVGKFDSGLEVKYIKIINDPITINSESEWQDIEVAKGSAGEIIVSGEHVCRNYYNNEEAFKKTKIVDNQNRVWHRTGDLGFEDEKGDLWLVGRVHNAINRGGEYCFPVRAEIVMKRVSGLLHAAYLGIPDDRLTEKPIAVFSVKEGEDASLVRSEIERMLTKNEIIFDDIIHVESIPMDPRHHSKVEYHVLRDSLKNEGKI
OleC,WP_013563922.1,Isosphaera pallida,565,1695,C-term 6XHIS,Nco1/Xho1,after C_terminal_His_tag,WP_013563922.1 AMP-dependent synthetase [Isosphaera pallida],MNVILASNRPTVSTGSISTDPLVALPDFPASWNSLGGALWSVSKRAATRVAMWDSTGASLTYSELLVRACVLWRALSRRLTAAENVGILMPPLVPSAVANLALNLGGRVPVNLNYTAGAEAVNSAIRQAGITHVVTARKATDRLGFVPDAEPIWLEDLPATITTIDKAWGFFVSKLGAGLASWFLPGLRGNRLDRLATIIFTSGSTGDPKGVMLSHRNILSNVMAVGCHLDFHDDDKLLGVLPFFHSMGTTICLWMALVLGIPVVFHSDPRDARVIGDLIERHELTILLGTPTFMRMYLTRCKPPQLKSLRYLILGAEKLKPELERDIREKLGITPLEGYGCTELSPVVSVNTPFEVTAPDGRTIPGNRVGTVGRPIPGTAVRTIHPETGEPLPPGTEGLVLVKGPQVMMGYLNKPEETAAVLKEGWYNTGDLGLLDADGFLKINDRLSRFSKIAGEMVPHVKVESAIMAVTGRNEQQVAVTGVLDHKRGEKLVVLYVPASDDAEHPVPPLEPEVVVKAIREAGLPNLWVPDPADFFEIDHLPTLGSGKIDLKALKQIARSKAGI
OleD,WP_013563926.1,Isosphaera pallida,378,1134,N-term 6XHIS,Nde1/Xho1,before Xho1,WP_013563926.1 NAD-dependent epimerase/dehydratase family protein [Isosphaera pallida],MNVAVTGVTGFLGSAIADLLRMRGYRVRGLSRSAGSELRGRGIEPYAVDLSDRDRLTAVFHGCDAVIHTAAKTGIWGAECDYYRVNVLGTAQVVAACRAAGVTRLIVTSSPSVVHHGGDLDGVNESIPYPRRFLAPYPKTKAEAEQLALAANGPGLAVVALRPHLVWGANDPHLIPRLVQGRLRGTLRRIGHDDKLVDSTYIDNAAYAHWLALERLSNYDSPPAGRAYFIAQGEPTPLWSLIDRFLESAGAPRLDQTKMIGYRAALTLATLLETVYKLPGFKSEPPLTRFVVHQLATAHWFDLTAARRDLGYKPIVTLDQGLERLRAARCESTRASARFDLPLESSIHAAETNRCRAEGNPPLRLGDVHHLADQASAS
OleC,WP_081458927.1,Isosphaera pallida,596,1788,C-term 6XHIS,Nco1/Xho1,after C_terminal_His_tag,WP_081458927.1 hypothetical protein [Isosphaera pallida],MMCAMILDVPRTGTPTTSAPFSYPSHNIAETLAARARECPEAIAVIDRTQSRSTRTGERVGIVVSTFAELETLASRAAVRWRALGIGQGTKTVVMVPPGRRLFATLFGLFKLGAVPVLIDPGMGVRSLGRCLSEARPQAFLGVARAQWARRLLGWARDSIRITATVSRTVEPHQAPCDFESVSPVAVNEQDLAAILFTSGSTGPPKGVEYTHGQFQAQLELVRKALGIEPGQVELATFPLFALFGPALGMTLVLPRMDYTRPARVDPEEILDALRRHQAVSMFASPALLRRVATSWLAQGTRPPTSLKRIATAGAPIAPAILEEFDRLIAPDAVILTPYGATEALPVAVLDHRTILSETRGGTERGRGVCVGSPIPGVTVDVIAVSHDPIAVWSDSLRLPQGQVGEIVVAGPTVTRAYHNNDEATRLAKIADPSATEGVRHRMGDLGCFDEQGRLWFQGRKAHRLVTAQGPRDTAPVEGVACSHPGVARAALVGIPGTTRLELVVWIEPKPSIRPRDWPTLTREVAGLLAERLPETPVDQVWALKRFPVDIRHNAKIGYEELTARAARRRGDRVSFEDERGLRTRAIGVQGINRTE
OleC,WP_084433636.1,Kibdelosporangium aridum,496,1488,C-term 6XHIS,Nco1/Xho1,after C_terminal_His_tag,WP_084433636.1 long-chain fatty acid--CoA ligase [Kibdelosporangium aridum],MAVVNLAANLARTAAQYPDRVAIRLDDTMLTYSELDDATKRAAGLLAEHGVQPGDRVGIMLPNVPQFAVLYYATLRAGAVVVPMNPLFKEREVAYYLSDSGAKVLFVWEDFQPGAKAGAKLADTACVVVDGSLTAAPPIDHVVDRADEDTAVIFYTSGTTGRPKGAEFTHANLMRNVEIAVRDLIQATAEDVVFGALPLFHVFGQTVGLNVVVAVGGCLTLMSRFDAAKALKVLQRDKVTVFEGVPTMYVALANHPDRANHDLSSLRVCLAGGAPLPAEVITAFEQAFGCVIMEGYGLSETSPIASFNVPGKRRPGSIGTPVSGVRFRIVDDHGEDVPPGEIGEITIKGHNVMKGYRGKPEQTAKAIRDGWFHSGDLGRQDEDGFYYIVDRKKDMIIRGGYNVYPREIEEVLYEHPAVGEAAVIGVPHTELGEEVAAVVALKPPATATADELRDFVKGKVAAYKYPRTVRIVGELPKNATGKILKRELRISHDRLD
OleA,WP_006592558.1,Kineosphaera limosa,340,1020,N-term 6XHIS,Nde1/Xho1,before Xho1,WP_006592558.1 3-oxoacyl-ACP synthase III [Kineosphaera limosa],MSENATYRLANTTILSVSALEAPQVVSSAELDESLAPAYARHGVKAGQIERLAGVVQRRWYPPEADYTDGAVDVGRAAMADAGVEAGEIGLVINASVTRPYLEPGISARVHHELGLPRRAIAFDLTNACLGVANAMHVAGTMIDAGQIDNALIVASEGSRQMQESSIKYLLSDDSTREDVKEAFATMTLGSGAVGLVLGRSDARPDGHRVIGGVTRAGSEHHTLCVGGMDGMRTDSSRLFREGLTLATEAWKDARGDFDWDDMDWYVAHQTSTIHIEALCKTLGLPQERFPMTLPTYGNIGPVAMPYTLAFHQDNIERGQRVLLMGIGSGLNTSMTEVAW
OleC,WP_006592559.1,Kineosphaera limosa,962,2886,C-term 6XHIS,Nco1/Xho1,after C_terminal_His_tag,WP_006592559.1 alpha/beta fold hydrolase [Kineosphaera limosa],MTAAATDRAGDAQPMPASTTARATKPMPGPEAVSRPEAIRRRLTGMPGLDPAWSRVVRAPDADGVPRAWHVLDTGAAQPARAESAHAESERAAPAAGGTILAVHGNPTWSYLWRHLLAAPPPGWRVVAVDQLGMGFSEDPRGDLTHPRTLRQRIDDLTALTEALDLGPSVVVAGHDWGGLVAAGWALAHRERLSGLVLANTTVQHDFSQGLPLPLRFATRPGLLRAACVSTPAFVAAATAISSPRPEADVRAAYAAPYPDAQSRSFVGQFVADIPARPGHPTGVTFLELADGLGSLDVPALLLRGPKDPVFSEAHLRDLRARLPHADVHRYEGASHLVLEDAPRSAQDIAAWIRTRVEGHANGSTRDDTTDDSTKDVEGRASAAESTRPELPPWAVGTSTHPWAELTRAAREDPDRLCVAEVATGRQATYAQVEDDVQAVALGLAQEGVRPGQRVGVLVEPGIDLTVVIYAAWRLGAVVVVADAGLGAAAMGRALRGAGTDHIIGIPKGIAALPALRIPGARFLAGELPAPARRALTVRATLDELRACGARLRSQGATLPEVVTGDADAAVLFTSGATGPSKGVVYRVDQLRAQIGGFGHIYGLTAGDRLVAAFAPFALYGPALGIGAVVPDMKVTAPSTLTAAALAEAVLAADATSVFASPAALRNVQRTRDDLTQQQRAALAGVRVVMSAGAPVPAALLRALLELFPQADLHTPYGMTECLPVSDITLAQIETLIEGEGVCVGAPLAGVELAVAPLPDDVGAPDGALTSEPEVTGEICVRAAHVKDRYDQLWATQHASADQPPGWHRTGDVGHLDGQGRLWVQGRRAHVVHTAEGPFTPVGLEQRVEALPQVDSAAVTGVGPAGTQGVVVVIVPNPDDDQRGSSTPGRRLPRIGTQQRAMPVLADPEVAAAVRACTARPVAAVLQVAAMPVDIRHQSKIDRTRLGRWAEMVLSGGAVGTP
OleD,WP_012802188.1,Kytococcus sedentarius,329,987,N-term 6XHIS,Nde1/Xho1,before Xho1,WP_012802188.1 NAD-dependent epimerase/dehydratase family protein [Kytococcus sedentarius],MTRVLVTGASGMLGGAVARALAARGDEVTVMQRRRSASGLREVLGSVDDPAAVARAVAGQDAVVHLAAKVDVVGPAAEFERTNIQGTQLLLDAAQRAGVGRFVHTSSPSVAHAGAALVGVGAEPASPEHARGHYARTKAVAELDALARDTEGLAVTAVRPHLVWGPGDTQLVGRLVQRAHAGRLPWVGDGAALVDSTYVDNARDALVAALDALAGPRNAGSAHGRAFVVTNDEPRPVGELIGSILRASGAPLPRLRIGTGAAGAAGHAVDGAVLASQRVHPITEPPLTHFLVEQLTTAHWFSQAETHAALGWRPAVSLDDGLERLREAA
OleC,WP_081439756.1,Kytococcus sedentarius,930,2790,C-term 6XHIS,Nco1/Xho1,after C_terminal_His_tag,WP_081439756.1 alpha/beta fold hydrolase [Kytococcus sedentarius],MPHTSRPRMTPLAQLPQVDPRWQHHLTLPARGDLPGARMAVLDTHSPAMVEAGARPQDVRHVLVCVHGNPTWSYLWRRVLEQAPADWRVIAVDHIGMGHSERTSTIRRLADRTDDLDEALTQLGVLGGDHGELPVSVMVHDWGGVIGLGWASRHPDRITSAVITNTALWQPDDRVPPGIRAARAAGLHRAATVGTPTFVHAAAWVGQPGPDREAAAALASPYARRDQRQAVGEFVADIPLESDHPSRHALEAAAAGATALDVPALVLWGANDPVFTDRYLRDVLDRFETTDVHRFGDASHLVLEDRPEGVGYAWDWLTSRTDDDSTDTTQDPAAAGQPGQPAPEQPAAGSGGVIWSRLTERAQREPDAVAIVELADAGRRTVTFAELESRVAELASGFRQHGVCPGTRVAVLVPPGIDLTAVVYAVWRAGGSIVVADAGLGVRPMAGALRSADPDLVVGIPAGLAAARALGVEGDRIVVRPTAPGAVASLAEGVADADLSLESVQAAGAASPVALAAPATEAEAAVLFTSGATGPPKGVVYRHRQLLAQRDVIESALELRAGESLVAAFAPFALYGPALGMTSAVPDMDVTSPDTLTAAALADAVDAVGADVVFASPAALRNVVATHDPAAPTLEGVRMVMSAGAPVPVELLERVRRVTPHAATVTPYGMTEALPLTAIDPRTVDAADLAVHAGVCVGQPVRGVELRIAPLDDGGEPGDDARLTTEPGTRGEVVARAAHVKSHYDRLWGTQRATAHPVGWHRTGDIGHLDDRGRLWIEGRGVHTVTTDQGPVAPGGIESRVERLEGVQQAAVVGVGPAGGQRVVVVVRPTEGIDLRLHAASPVASVEFSAAVREAASQGPGAAPVAAVLVRDSLPVDIRHASKIDRTALAGWAAQTLAGDGGSSLGDRAGRLLGAPRRLLGRLDRVGFRP
OleA,WP_012802190.1,Kytococcus sedentarius,340,1020,N-term 6XHIS,Nde1/Xho1,before Xho1,WP_012802190.1 3-oxoacyl-ACP synthase III [Kytococcus sedentarius],MPGNATFRHSNTSVLSVTALPAPEVHTSAEFDARIMDTLRRNKLVPGVLSRLVGIKERRWWPEDVHFTEAAAEAGRRALVDAGIKPEQVGLMVNTSVSRDHLEPSTAVRIHDTLGLPRSASNFDVTNACLGFVNGMQIAAAMIDSGQIEYALIVNAETTRHTHETTLKRLESEDATADDVLQQLATLTLGSGAAAMVLGRTDKHPEGHRFVGGVSRAGTEHHELCVGDFDRMTTDSVGLQEAGIALSEELWAEAAEEFDWQHLDRYVIHQVSTVHTEQICDRLGLDGAKVPRTFPTYGNMGPAAVPFTLALEAPHLERGDRVLLMGIGSGLNACCAEIEW
OleA,WP_058441655.1,Legionella brunensis,345,1035,N-term 6XHIS,Nde1/Xho1,before Xho1,WP_058441655.1 3-oxoacyl-ACP synthase III [Legionella brunensis],MRYQRVFINKIAYELPKEKVATSFLEEQLTDVYQELGIPLGQVEALTKIHQRRYWPVDHQLSDHAALAAKKAIKESGINSKKIQVLIYAGVGRAQLEPATACAVAHQLAIASDASVYDVSNACLGVLNGIIQIANAIELGQIHAGLVVSAESCREIIDTMVAEMKIQRNIEHFALSLATLTGGSGAVAVLLSDNALDSSHQLLGAVARQKSQWHQLCRWGSKTGILGNACNIMHTDSVSVLKYGVELGVETYKDFLQELLWQDSFPDKYICHQVGEANQLAIRRALNIPKERDFTTYETLANTGTVALPMTAAIADQVGFLKTGDKVAFLGIGSGLNCMMLGIKW
OleD,WP_058441478.1,Legionella brunensis,333,999,N-term 6XHIS,Nde1/Xho1,before Xho1,WP_058441478.1 NAD-dependent epimerase/dehydratase family protein [Legionella brunensis],MKVLVTGGTGFLGKVIVQQLLDRGDKVRVYCRGNYPDLMTEGVEMVYGDMKDSQRLFKATQGIDAVIHTASKVGVWGAYEDYYQCNVIGTESLISACKKQRVSFLVYTSSPSTVFDGHEVRGADEGLPYPTKFLNAYGATKAKAEQLVMNANSDALKTVALRPHLIWGPHDNQLIPRLIERARRGVLKLINNHNALVDTVYVDNAAQAHLLALEHLKETSTCAGKVYFISQDEPVEINAFINRILMAADLPAVQKTISPKLAYGAGAILEFFYKLLGIRAEPMLTRFVAKQLTVTCWYDISAAKRDIGYRPEISIEEGLRRVSSWLRQNERNK
OleC,WP_058441479.1,Legionella brunensis,552,1656,C-term 6XHIS,Nco1/Xho1,after C_terminal_His_tag,WP_058441479.1 hypothetical protein [Legionella brunensis],MSEPSPIVNISGFLSILAQRKPDKVALYVQTKTGQYLSYTYQELNQASHWIAKGLLIHGLKPKDRVVLMVKPGLMFFSLVFGLFKAGIVPVIIDPGLEKAKLKHALDQVEPIGFIGIPLAQIARILLKWGKKSIQQIITVGPRLFWGGTTLEQICQQGKETQSPLDLPVTHGNDIAAILFTSGSTGIPKGAVYKHSNFLAQVELIKKSFQIQPGEVDVPTFPLFALFDPALEMTSVIPNMDFSKPAKANPDTIIQLVHEFNATNLFASPALLDRLSRYAATKKLKMPTLKRTISAGAALHPKIVQQFKDTLNPNSELFTAYGATESLPVSLMGGNDILQDTQIKTHQGFGICVGKTVPPSDVKIIQIDDRPLREWNKQFVLPPGEIGEIVVRGPQVTESYFQMERETLLAKIPIDNHRDFYHRMGDVGYFDESGRLWYCGRKSQRVITKDQTYFTEVCEGIFNQHPMVFRSALVGVHVQGSIVPVICIELESNTKARFTSIQLELRQLAQKFPQTQRISYFLHHKKLPVDIRHNAKIIREQVAKWAAKEINK
OleB,WP_065235438.1,Legionella brunensis,308,924,N-term 6XHIS,Nde1/Xho1,before Xho1,WP_065235438.1 alpha/beta fold hydrolase [Legionella brunensis],MPEINADFCLYLRQFAYDFKNNFLSIDGKKMHFIDEGCGEPIIMLHGNPSWSFYYRYLVHALKNQYHVIVPDHIGCGLSEKPSRNEYSYTVQQRVHDLNVLLEQLRMKNNLTLVLHDWGGFIGMAYAVQHPESIARIIVLNTSVFHLPKQKRFPWLLRLARSTIGKYLVVQHNFFARGTAWIGCQAVRMPKLLREAYCCPYDSPSHRIALWEFVHDIPVKPNDYSYSFLSSVQKQLPLLEKVPMLICWGMKDFVFDKHILEQWQRCFPNALIHRFPRHGHYVLEDAKEEVIPLVKQFLIDHPLRKKNE
OleD,WP_074870999.1,Lysobacter enzymogenes,328,984,N-term 6XHIS,Nde1/Xho1,before Xho1,WP_074870999.1 NAD-dependent epimerase/dehydratase family protein [Lysobacter enzymogenes],MKILVTGGGGFLGQALCRGLVARGHEVVSFNRGHYPALDPLGVTQIQGDLADRDAVVAAAQGCEAIFHNAAKAGAWGSYESYHQANVVGTENVLAACRAHGIGKLVYTSTPSVTHRATNPVEGGSAETVPYGDGFKAAYATTKTIAEKAVLAANSPQLATVALRPRLIWGVGDNQLLPRLVQRANSGRLRFVGTGENRIDTTYIDNAAQAHFDAFEHLAPGAACAGKAYFISNGDPRTVRETLNGLLGAVGAPTVDKTLPFRAAYVVGAICEGLWTLLPLKGEPPMTRFLAEQLSTTHWYDMGPAKRDFGYVPQVSFDEGLARVKAAQ
OleC,WP_074871001.1,Lysobacter enzymogenes,553,1659,C-term 6XHIS,Nco1/Xho1,after C_terminal_His_tag,WP_074871001.1 peptide synthase [Lysobacter enzymogenes],MDASDAVCNIAASLPRLAAQSPQRVAMRCPGTRGPDGLARYDVELTYAELDRRSDAIAAGLAKRGIVRGTRTAVMVRPSPEFFLLMFALFKAGAVPVLIDPGIDKRALRQCLDEAAPEAFIGIPLAHIARVVLGWAKSARIRITTGARAFLADDTLARVERAGEGAGSQLADTKAEEVAAIVFTSGSTGVPKGVVFRHRHFVAQIEMMGEAFGIAPGGVDLPTFPPFALFDPALGLTSVIPDMDPTRPAQADPAKLHDALRRFGCDQLFGSPALMKVLADYGQPLPTLRRVTSAGAPVPPDTVAKLRELMHEDAQFWTPYGATECLPVAVIEGRELQSTRAATEAGAGTCVGRAVARNQVRIVRISDEAIEQWSDELLVPAGTVGEITVAGPTATDAYFNRDGMTRLAKIRERTAQGERIVHRMGDVGYLDEQGRLWFCGRKGHRVETANGPLYTEQVEPVFNTHPKVRRTALVGTGAQGQQRPLLWVELHQPRVGNRERERILAELREIGAGHAHTAGIERFRFHPGFPVDIRHNAKIGREKLALQARAIGD
OleB,WP_074871003.1,Lysobacter enzymogenes,300,900,N-term 6XHIS,Nde1/Xho1,before Xho1,WP_074871003.1 alpha/beta fold hydrolase [Lysobacter enzymogenes],MTSSPRFPDYPFQPQRFEVRPGIGLSYLDQGPRDGEVVVMLHGNPSWSYYWRKLVLGLHDRYRCIVPDHVGMGLSDKPGDERYEYTLQSRVDDVEKLLQHLGISGPMTLAVHDWGGGIGFGWGLKHSDQIKRLVITNTGAFPLPAAKPLPKRLRLGRDSAIGTGLIRGLNAFAGGAARLGVSKAMPAEVRRAYVAPYDSWANRIATSRFVQDIPLGEGDKAWPLVQAMGRKLPEYADRPAFIGWGLGDFVFDHHFLKGFTDALPQAEVHAFQDAGHYVLEDKAAELVPAIRAFLDRNPLG
OleC,WP_013453768.1,Marivirga tractuosa,511,1533,C-term 6XHIS,Nco1/Xho1,after C_terminal_His_tag,WP_013453768.1 AMP-dependent synthetase [Marivirga tractuosa],MEAGQFNIVSLFTESAKHFPDRIAIIEKETQITYSELAKEIDITAAYFQQKGISKGDRVLVFVPMGIDLYRIVLALFKIGATAVFLDEWVSFKRLNLCCKIADCTAFIGILKARILTFFSSEIRKIPVKLGINYKEVKNSYQYITTDLDDIALITFTTGSSGTPKAAKRTHGFLRAQFEVLEKKIDPEISKIDMPVLPIVLMINLGKGLTSVIADFKASKPESLKADKIIAQIEKHQVESIASSPYFVLNLAKYALENDHPIKNIKRIFTGGAAVFPEEAQSYVDGFPNSTSKILYGSTEAEPISSVNAKELAHRNLTKDKGLFVGPIDASATVLIMPIEDRALEFNSLNDLQNFSLDDGEIGEIIVSGPHVLKEYVNNPDAMKRQKIWVEGRCWHRTGDSGFRIGNELFLTGPCNALIQNEAGFLSPFLYEEILKSNNGVKAGTIIRIRNKNYAVVEIETKADSNAITKELLRIYAIDDVHFMEKIPRDPRHFSKIEYKKLKLILKQKLK
OleA,WP_013865923.1,Microlunatus phosphovorus,341,1023,N-term 6XHIS,Nde1/Xho1,before Xho1,WP_013865923.1 3-oxoacyl-ACP synthase III [Microlunatus phosphovorus],MSGNATYRLSNTTILAACAVEAPIVATSAAFDERLAETYRRVGTRPGLLVRLAGVQERRWWPEDVTFADAAAMAGAKALAEAGIRPEQVGVVINTSVCRSHLEPSVAVAVHHQLGLPTNCLNFDVANACLGFVNAIQLAGTLIDSGQLDYALIVDAEGSRQIHELTLDRLSSPTATAAEFKEQFASLTIGSGSAAFVLGRADRHPEGHRVIGGASRTGSEHHDLCVGSLDMMRTDSKKLFDHGIALAVATWEDAKDEFDWDGAVDWFIAHQTSTVHLRAMAKAVGVSSAHFPTTVEKYGNMGPAAVPFTLAHHADRMRAGDRIVLIGIGSGLNTSFAEIVW
OleC,WP_013865924.1,Microlunatus phosphovorus,914,2742,C-term 6XHIS,Nco1/Xho1,after C_terminal_His_tag,WP_013865924.1 alpha/beta fold hydrolase [Microlunatus phosphovorus],MNSARTAAAPLLDGLPGIDPTWSRRVDVPDADQIVRTWHLLERPANSESPIGTMICLHGNPTWSYLWRRFLQLAPDGWRVIAPDQLSMGWSEQLEQPRSLAQRIDDLARLTEALGVTGPVVAVAHDWGGPVLLGWAERHRDQLAGIVLTNTGVAIPAGTTLPPLIRIARSAPMLESVCVRTPAFVRGATAISRPRLPKEIRDAYASPYAIAGRRRAVRDFVADIPLESDHPSRAALDQVVDGLANLADVPTLLAWGPRDPVFSIRYLHDLRRRLPQADIQLYPAASHLVVEDAPTAAADIWEWVQQAPLSADPHRALRHPADPESEITTEVRPLWAGLLERADDPATAIAELGPRGVVPISFAALERRVADLTIGLVRAGVGPGQRVAVLVRPGIDLTVAVYACWRAGAAIVVADAGLGLRNLGRALRSADPDHLIAIPAGLTAAHALRVPGHRIVAGDLPPIMRARMRVSHTLAELEELGRHARQLDQRAGIPELTPPAELTELAAIPPSPGPDAEAAVLFTSGATGPSKGVVYRHRQLRAQIDLFGRVGDLRPGARLVAAFAPFALYAAALGAAAAVPDMDVTKPGTLTAKALAEAVAAVSATVVFASPAALRNVVATADGLTDDLRAQLGSVRILLSAGAPVPLPLLRRVQALLPNAELHTPYGMTEALPATDVTMAEIEQAVAEVGSRANGVCVGRPVPGVRIGIAPLGPDAVPAGEPVDVTDRTDLTDCTGEICISATHVKDHYDRLWLTQQRSVAAGQQQAGQRRTGWHRTGDVGHVDARQRLWVEGRLVHVITSPAGPITPVGIEQRVEALPGVELAAAVGVGPAGTQQTVVVLVPTGGATARRPLAPAALAASVRQAAGSPIAAVLVTDRLPVDIRHASKIDRSRVARWAEQVLAGDSLLHRDRRP
OleD,WP_013865925.1,Microlunatus phosphovorus,334,1002,N-term 6XHIS,Nde1/Xho1,before Xho1,WP_013865925.1 NAD-dependent epimerase/dehydratase family protein [Microlunatus phosphovorus],MRVLLTGGRSMLGAAVARQLADRGDQVTLLQRRPAGLGLPEVLADLADPAAGSAVRRAVDGQDAVLHLAAKVGISGSWPEFVATNVTGTATIVAACRELGIPRLVYVSSPSVAHSGSALIGVGATPADPDQASGHYARSKAMAEQLALAADQPDLRVLAIRPHVVWGPGDTQLVARIVDRARRGSLPVLGTGAALVDSTYVDNAVDATVAALDRVDQVHGCALVITNGEPRPIAELIAGFAIAGGAPAPHRHLPAAVGRAAGGVVEAVWGARRLLGRPAADDPPMTRFLAEQLSTAHWFDQRQTRDLLRWQPRIDLDTGFARLAAAYAFRLTCR
OleD,WP_091632184.1,Micromonospora peucetia,340,1020,N-term 6XHIS,Nde1/Xho1,before Xho1,WP_091632184.1 NAD-dependent epimerase/dehydratase family protein [Micromonospora peucetia],MKILVTGASGMLGAAVATALRMRGDEVRVLQRRPSGLVGVDERRGDITDPEAVRAAAEGVDAVVHLAAKVSMTGPWQQFEHTNIGGTATLLAAARAAGVTRFVHVSSPSVAHHGAGLVGVGAGAADPDRARGHYARSKASAELLALDADSPDFAVVAVRPHLVWGPGDTQLVGRIVERARASRLALVGQGTALIDTTYVSNAADALVAALDRAPEVGVHGQVFVVTNGEPRTMHELIDRICVAAETAPPRLRVPVAVAKAGGAAVECLWSALRRTEEPPMTRFLAEQLSTAHWFDQRRTREALCWSPQVTLEEGFVRLALAYRQGPRPRGRRGAGTSSPS
OleC,WP_091632187.1,Micromonospora peucetia,875,2625,C-term 6XHIS,Nco1/Xho1,after C_terminal_His_tag,WP_091632187.1 alpha/beta fold hydrolase [Micromonospora peucetia],MHGGRLRPEHVRPGGRVVSNRNALPPLGLPGLDSAWSRWVTAVDSQGVQRTWHVLDTAATDSGGPIRHIGTLLCVHGNPTWSYLWRHLLARFERADAPPWRVVAVDHLDMGFSERTGTVRGLAQRIDDLTTVTDALGLTGPVVTVGHDWGGSISLGWALRHRDQLRGVVLTNTAVHQPSGSPAPTLIRLARLPGVLPAVTVRTPTFLQATLALANPWLPEPVREGYSAPYRTVDRRAAIGGFVADIPLSPDHPSWPALQEVAQGLHTLAETPTLLLWGPRDPVFGEVHLRDLRNRLPHAQLHRFEGAGHLLAEDADVAGAVAQWLVDLDRRPADPIATPEPAAPWRPLWAALAERAEDRSVALVELANNGRQVSWSLLWQRIREIGAGLSASGVRRGDRVALLVPPGADLTAAVYACLRIGAVIVVADPGLGLAGMNRALRSADPSYLVAIGRGLVVARALRWPGRRFGAGPGAAVLGALTLGRLARLGAGVRELPAMPDPDDDAAVLFTSGSTGPAKGVVYTHRQLAAMRDALFELGVNADAGIVAAFAPFALFGPALGAPSAIPDMRVTAPRTLTATALAEATAAVDASAVFASPAALRNVVDTRDALDDRQRTALEGVTLLLSAGAPVPAVLLTQTRALMPKAQPHTPYGMTEVLPVTDITLDEIVDTEPGDGVCVGRPLPGVQVAIAALDPTGTPSEQPGCAPGLTGEILVRAGHAKDRYDALWLTERDSSRNPGWHRTGDVGYLDPDGRLWVQGRLAHILVTSDGVLSPVGIEQQVESLPQIARAAVVGVGPPGVAQVVVIAETLPGARRARLASRELADAVRTAAAPPVAAVLVVPSLPTDIRHNSKIDRTRLRRWAERVLAGGRVSGL
OleA,WP_091632192.1,Micromonospora peucetia,340,1020,N-term 6XHIS,Nde1/Xho1,before Xho1,WP_091632192.1 3-oxoacyl-ACP synthase III [Micromonospora peucetia],MTHGNAEYRYTNTAILSVAALEAPVIVTSDQFDEQLSETFRRLRLRRGMLQRIAGIQERRWWPEGFGFADAAAMAGAKALSEAGVDARDVGLLINTSVSRAHLEPSTAVAIHHSLELPPSALNFDIANACLGFVNGIQVAANMIDAGQIRYALIVAGESSREAQQATIERLRSFDSTLDDVREQFATLTLGSGAAAMVLATADAHKQGHRLVGGVGRAATQHHDLCVGDNTRMRTDAKGLLDAGLDLAEATWAHAGSWDWQNMDLYVMHQVSVAHTHGVVNRLGLDTRKVPETFPLLGNVGPASLPLTLAHHAESLNSGDRVLCMGVGSGLNTCALEVVW
OleD,WP_082043623.1,Mobilicoccus massiliensis,335,1005,N-term 6XHIS,Nde1/Xho1,before Xho1,WP_082043623.1 NAD-dependent epimerase/dehydratase family protein [Mobilicoccus massiliensis],MKVLVTGASGMLGGGVARALASRGDEVTVLQRRTSGLAQQIGVHEVLADVADADAVSRAVSGQEAVIHLAAKVNVTGAWPDYVRANVVGTRTIVEACVRHDVPRLVHTSSPSVAHAGASIVGEGAGPADPERARGSYARSKAISERIALAADARARRDGRGPAVTVVRPHLVWGPGDTQLVARVIRRAQAGRLPVIGSGAALVDTTYVDNAVDAFVAALDRCEQVRGEAFVVTNGEPRPVSEIFAAWARAGGADAEPRRIPTRLALVAGSAVDVLTAVRDRFGLGDDDDPPLTRFLVEQVTTAHWFDQRRTRDALGWTPRVSLDEGFARLAAAGG
OleC,WP_040156583.1,Mobilicoccus massiliensis,893,2679,C-term 6XHIS,Nco1/Xho1,after C_terminal_His_tag,WP_040156583.1 alpha/beta fold hydrolase [Mobilicoccus massiliensis],MPGIDPSWSRLVEAPDADGIRRTWHLLDTHAETEDAGERPRGTLLAIHGNPTWSYLWRRLLAAAPPGWRVVAVDQLGMGFSDRPHGSMSAPRTLAHRIEDLSRLTDALDLGDRVVVAGHDWGGMVASGWALRHRDRLAGLVLANTTVWHDFQAGLPLPLRFAVVAGLLRAATVDTPTFVRGATAVSSPRPPRVVRRAYAAPYRSRAEREFVGQFVADIPADPADATRTTMAELAEGLAALGAEPAETRVPALLLRGPKDPVFSEDHLRDLRRRLPHADVHRYEGASHLVLEDAPRTATDIATWVRTRVDGEVSDGDPRAASERPPAAWAVGTSGCPWAGLTQMAREQPNALCVAEIRGGETVASVTFGQLEETVEHLALGLREAGVRPGDRVGLLVEPGIDLTTAAYACWRAGAVLVVADAGLGLPAMGRALRGAGTDHIIGIPKAITALPALRVPGARFLAGEMPGAVRRMLGVQSSLRELIARGRDLAGHGERLGDLGALGRAGSSDAAVLFTSGATGPSKGVVYTVDQIRAQIGGFGHIYRLRPGDRLGAAFAPFALYGAALGVAGIVPDMQVTAPSTLTAAALADAIRAADATTVFASPAALRNVLRTAADVDEAQRTALSRVGIVMSAGAPVPLTLLQELRSVFPVAEMHTPYGMTECLPVSDVTLAELEQIAESGETQEGVCVGVPLDGVSIAIAPLAREHGDGDGPLTTEPGVTGEICVRAAHMKDRYDQLWAVDHAAADHPRGWHRSGDVGHLDDAGRLWVEGRRVHVVHTPRGPVTPVGIEQRVETSSQVGSAAVVGVGPAGVQQIVVVVTVGDEEAVTQRESDPRRVLAGDELADEVRALAGVPVAAVLVRAAMPVDIRHQSKIDRAELAAWAESVLAGRSER
OleB,WP_069433351.1,Mycobacterium gordonae,266,798,N-term 6XHIS,Nde1/Xho1,before Xho1,WP_069433351.1 alpha/beta fold hydrolase [Mycobacterium gordonae],MSHFVTAGGQRIRVEVRPGSGVPLVLCNGIGASLKVLDPLVEQMTRPVMRFDVPGTGGSRISPLPYGIPYLAWVLGRVLTKLDFGVVDILGLSWGGALAQQFAFQNPRRCRRLVLVATGTGALMVPAHPRVLAKMATPRRFSDPDYAARIAGELYGGTVRAHGDDVARLFFKQLHAGSRIGYLHQLLAGSVWTSLFALPAVRQQTLIVAGTDDPIIPVVNAHIMHRLLPHSRLHLHPGGHIDVVHNAAELAPVIEGFLTAKPGSRR
OleC,WP_069433349.1,Mycobacterium gordonae,506,1518,C-term 6XHIS,Nco1/Xho1,after C_terminal_His_tag,WP_069433349.1 long-chain fatty acid--CoA ligase [Mycobacterium gordonae],MEQIVNALSANLIASKDRHADRIALRCDDIELTYAELDAAASRVATLLERAGIGPGDRVGVMLPNTPAFAIAFYGILYRGAIAVPMNPLLKSREVAYYLSNSGAQALFGTTLFADEATAGAQETGARCWLVDDAGLAQLTEDLPAQDEPVARADDDVAVILHTSGTTGKPKGAMLTHGNLSRNADISVRTLIKTGPDDVVMGCLPLFHVFGLTCGLNGSILAGATLTLIPRFDPRKALEVIGRDAVTVFQGVPTMYSALLSLAGDVAPEAIASLRTCVSGGASLPVQVLSDFENAYGCAILEGYGLSETSPVASFNHPDRPRKAGSIGTPVHGVEMRVVDPHGAEVAQGEPGEIQIRGHNVMKGYWNLPDATAAAVSADGWFSTGDVGRVDEDGYFYIVDRTKDMIIRGGYNVYPREIEEVLYEHPAVAEAAVVGVPHPELGEDVGAAVALKNNASVDPDELREYVRARVAAYKYPRQIWLVDALPKGPTGKILKREISVPANEST
OleC,WP_074958408.1,Myxococcus fulvus,531,1593,C-term 6XHIS,Nco1/Xho1,after C_terminal_His_tag,WP_074958408.1 AMP-dependent synthetase [Myxococcus fulvus],MGQTPEAVYKHISRVSLGDVIRRSALRWPERTALIDGELELSYAELDRRANAFAHHLLGQGLAPGARVAMLCGNSAQMVTAFFGIYKAGLVWVPINTGLSVEAIGYILEHAEVSRVVIDLELLAKPELRAMLDARGLGLIVCVPEGQAAPGGGAVAFLDTLKGQHGTPPAVDIESTQLAQIMYTSGTTGQQKGVMHSHASIHSALSGNLFELELRPSDVTLCVLPMFHCAQHAVSVSFLMAGATVIVRRVFEPGAMLATIERRGVTFLLGLPIMYGAMLAHPARPTTKLSSLRMCLYVMAPMARTMLVELLEKFCPGGFALASGQTEMYPATTMFKPEQQLKRFGSYWGDSVVTNETAIMDDEGRLLGRGEVGEIVHRGPNVMLGYYKDPEATERARAFGWHHTGDLGMFDADGQLLFVDRKKDMIKTGGENVPSIKVEEVLLRHPAVLQVAVVGLPHPRWAEAVTGFVVLKPGASATAPDLITHCRQHLGGFEVPKSVVLLEAMPQTSTGKAQKFVLRQRFEQHYQDGAA
OleA,WP_015749354.1,Nakamurella multipartita,340,1020,N-term 6XHIS,Nde1/Xho1,before Xho1,WP_015749354.1 3-oxoacyl-ACP synthase III [Nakamurella multipartita],MTGNSDFRFHDVAILSLDAGPAPLVVTSADVDRRLAPFYARTRSMSGLVTSLAGDFERRQWPAEVSFIQAAARAGEAAIAAAGIDRARIGVVIDTSVSRARLEPSSAVSVHHLLDLPPNCLNFDVSNACLGFVTGLHLAGALIDSGQIDYALIVDGEGTREIYDRTIDRLNERGEGLPDLLANFATFTLGSGAAAMVLGRHSAHPEGHQLLDGFFRAETRHHELCIGTIDGGVTDSRALLEAGIELAGAAWAQAGATAAWGSRDRYIFHQVSEVHTKAMIRTLGVDPAKVPTTFARYGNIGPAAIPITLATVADELSPGDIVLCMGIGSGLNVGVIELRW
OleC,WP_015749355.1,Nakamurella multipartita,875,2625,C-term 6XHIS,Nco1/Xho1,after C_terminal_His_tag,WP_015749355.1 alpha/beta fold hydrolase [Nakamurella multipartita],MVAPTVPPAPARRPPADLDGLDPAWSRLVRVPGTDGVGRTWHLLDNRTADPALTLLCVHGNPSWSYLFRSLLRQAPPRVRVIAVDQLDMGFSERTGRLRRAGDRIDELTELTDELRLTGPVVTVGHDWGGAISLGWALRHRDRLAGVVLTNTAVSGTRGPAVIRLVRSRWLLPTLTVRSTAFIDGALAMSHPRLRGPVRRAFRAPYRSADRRAAIEDFVADIPIETDHPSAAVLDGIAGGLDALSRVPVLMMWGAADPVFSDTYLHDLERRLPHADVHRYARAGHLLPEDADVAGVVVDWISTLGRRRPDRAAAEPVHAAVTHEPATDELITDEPSTLPDPHGELGDRPAILELGAPGRPAGARSVTFGEFADLVGRTAAGLGHTGVRPGDRVALMIPPGIDLAVTLYACWRIGAVAVLIDSGLGPAGMSAAIRAAAPAYLVGIPKALVAARALRWPGRRISTRTLRAPGLLDVVGDLPTLRTATAPLPPPPTTADEAAVVFTSGATGPSKGVRYTHGRLTAQRDVLAGLYDVTPDDRLVAAFAPFALYGPAAGIPSVVPDMDVARPGTLTATALGDAAVAVDATLVFASPAALANVVATRDALTEAHRAAFARVRLLLSAGAPVRPSLLAAAAELFPNAAAHTPYGMTECLPVATISLAEIRAATGGDGVCVGSPAPGVAVRIRRLDERGRPTGDLLEQPDVLGEVVVRAAHARAGYDRLWHTEFLASQPAGWHATGDVGRLDRAGRLWIGGRLGHVITTPDGPVAPVGLEQAVEDLPGVRAAAVVGVGPVGAQQLVVLLTVDPDGRFDPPSRPRLAGLDRLDQVRAVAGDRDVVAVFELPRLPVDRRHNSKIDRTRLAGWAARALQGRRPRTP
OleD,WP_015749356.1,Nakamurella multipartita,324,972,N-term 6XHIS,Nde1/Xho1,before Xho1,WP_015749356.1 NAD-dependent epimerase/dehydratase family protein [Nakamurella multipartita],MKVLVTGATSLVGRVTVRRLVDRGDEVTTLQRGTTDLPGRALRGSLTDPDAVERACAGQDAVIHLAARVGAAGPWSEFERVNVTGTANLLAAARRAGAGAFVHVSSPSVAHAGRSLVGAEADPANPATARGAYARSKALGERAALAASSPAMPVVVLRPHLIWGPGDTQLVGRVVDRARRGRLALVGPGTALVDTLYVDNAADALVAALDQAPRLGGRVFVLSNGQPRTAAELTARVLAAAGLTVTPRHVPRWLAVAGGSLVEQVWARTGRTDDPPMTRFLAEQLATAHWFRQAPAQAALHWRPAVGLDEGFARLADWFRSGRV
OleD,WP_015749358.1,Nakamurella multipartita,287,861,N-term 6XHIS,Nde1/Xho1,before Xho1,WP_015749358.1 NAD-dependent epimerase/dehydratase family protein [Nakamurella multipartita],MKIIITGGTGFIGSAVLDRLLARDHDVIALVRSDQAAAAVAGRGATAVIGDLTDPDWLTGHLAHGDGAIHAAAAGDGTDADLDAGVVKAVGHAFGGTGRPYLHTGGIWLYGANRHITEQSPVDPPAIVAWRVPVEQSLLGADVAATVVVPGIVYGHGRGIPALVAGGPRTEDGALTLIGDGRQHWVTVHVDDLAELYVQLLEQGSGFGHVVAAAPGNPTVRELAAAVAGPAGVAAQDVAGTRARLGASFADALLIDQGADAARARALGWAPRRPSLLDEFTRGSYAG
OleB,WP_079726380.1,Okibacterium fritillariae,278,834,N-term 6XHIS,Nde1/Xho1,before Xho1,WP_079726380.1 alpha/beta hydrolase [Okibacterium fritillariae],MTEITAHHGLLKDINLHVDDTGGNGRPVVLIHGWPLSGESWAHQVAAFEAAGHRVVTYDRRGFGRSDKPLTGYSYDTLTEDLHAVLEALDLNDVTLVGFSMGGGEVARYFTKYGAERLRSVVFAAAVPPYLLKTPGNPDGPLEATEAAKMTAGLTANQDTFYDDFTKNFFSVDGQLVVSEEERQTALTLAHQAFKPAALEAMASFANTDFREDLEKVTVPTLVIHGDGDAVVPFEGSGARTHAAIAGSELHVIAGGPHGINASHPEEFNRVILEFLAR
OleA,WP_079726385.1,Okibacterium fritillariae,340,1020,N-term 6XHIS,Nde1/Xho1,before Xho1,WP_079726385.1 3-oxoacyl-ACP synthase III [Okibacterium fritillariae],MDGNATTTHSNVALLSVATTIAPRITTSEDIDSRLQPVLKKLKLPQGLLQRVAGVLERRNWDEGQNFDDAAVEAGKKALAEAGIEPSQIGLIINTSVTRKHLEPSVAVRIHNGLGLPSSAINFDIANACLGFVNGMSLAAQLIESGQIKYAMIVDGEDADEIQVNTIERLSKGGIGRKEFMSEFASLTLGSGAAAAVIGPADLHPEGHRILGGVTRAATQFNELCVGSVDGMFTDAKALLKGGMELVVSAWKEAKRDWNWSSMDRYILHQVSEVHTNAIVKAAHIDRSKVPVTYPHYGNVGPASIPITLEAEKETLKKGDRVLLMGVGSGLNTAMMEIAW
OleC,WP_079726386.1,Okibacterium fritillariae,940,2820,C-term 6XHIS,Nco1/Xho1,after C_terminal_His_tag,WP_079726386.1 alpha/beta fold hydrolase [Okibacterium fritillariae],MPGAARTPAPASMPPQGLPGLDSRFSRIALVPDSGDAIGTTRGWHALDNGAELDRLGVTPVGTILCVHGNPTWSYLWRELVQQATDVAATGSGDAWRVIAVDQLDMGFSERTGVHRPLAQRVRDLADFTLAIGLEGPVVTLGHDWGGVVSMGWAVDHPELLSGLMLLNTAIHQPSDAPIPAPLRLALARGVFGQATVATPAFLETTLALGHPAVSRAVKDAYRAPYRGAARRGGIGGFVADIPVDASHQSFAELSRISSALRRLTVPAVMLWGPRDPIFSDRYLDDLIDRLPHADVHRFEGAGHLIAEDVDYADALLTWLGDNAARVTTGAARSEQPTEDYADTVATGSKAALVEKASDDAGTGAAASDRPLWHYLDELSDSGETALVEMNPGNGAEPRVVSWKLLSRRVREIAAGLAGVGVKKGDRVSLLVQPGADLTAVLYACLRLGAVVVVADAGLGLPGLTRAVRGAQADHVIGAAPGLAAARALGWPGQKISVTTFPRAVARALGISHTLAELVRDGRGATLPEAPAPSDTAAILFTSGSTGPAKGVVYSHAQLGAIRDTLAAQYGVGVGTGLVAGFAPFALLGPALGARSVTPDMDVTSPKTLTATAVAQAAAAVDATVVFLSPAAVTNVVATADALTDAQRHALAGVQTFLSAGAPVSESLLAAAADLMPNASAHTPYGMTEGLLMTDISLDGIRAAAASRAVGGVCVGTPAASVQVRISALDDLGQPTGEPTTEAGVTGEIVVSAPHLKSNYDRLWMTDRASRVGTDSAFADRRDAGDASPGAVSAAAAAASTRTRWHRTGDVGHLDEAGRLWVEGRLPHVIATPDGVVTPVAPEQRVESLDRVARAAVVGVGPRGTQQIVVIVETASPARRVALADRELTSSIRGVAGVPVAAVLEVPRLPTDIRHNSKIDRSGLSRWAADVLAGGRMRQP
OleD,WP_079726387.1,Okibacterium fritillariae,324,972,N-term 6XHIS,Nde1/Xho1,before Xho1,WP_079726387.1 NAD-dependent epimerase/dehydratase family protein [Okibacterium fritillariae],MKVLVTGASGLLGGATARAIAAQGHAVRTFQRRPSGLAGEPGFEDHLGSVTDAAATARAVDGVDAIVHLAAKVSLAGDPADFRRVNVGGTGMLLNAARIAGVERFVFVSSPSVAHSGSSIVGDDARPADPERAHGDYARTKAEAELLALSRDSDALRVVVVRPHLVWGPGDTQLIERVVDRARSGRLPILDNGAALIDSVYVDNAASAIAAALRRVDAVHGNSYVVTNGEPRPVADILASICEAAGAPVPAWRVPASVARAAGSAVEALWSVKPGVDEPPMTRFLAEQLSTAHWFDQRRTRRDLEWTPEVSLDEGFRRLAAYYR
OleC,WP_083558809.1,Pelobacter acetylenicus,587,1761,C-term 6XHIS,Nco1/Xho1,after C_terminal_His_tag,WP_083558809.1 hypothetical protein [Pelobacter acetylenicus],MERQGHRVTVAGDRHRTGLSPRVSKGHTRAYARGESITPDERPSWQGIPGIHLVLSESAMNIIQMLQLQTMRRPTAAAIIEPAGRLKDRIATFASLEESSARGAAFLKECGLRSGDVVLVFQPMSIDLYILLLALFRGGMIAMFLDPSAGLKHLETCCSILPPQGFVGPPKAHLLRLASPALRSIPLHLVIGRSLPGARSWKNAEDFAPLREDPPDSPHAPALITFTSGSTGAPKGVVRSHGFLREQHRILEQTLAMNAGDRDLTTLPVFVLANLASGVTSIIPDADLRRPGFIDAAPVLRQINRLGPVRTVASPAFLECLCIAQFRNGGPVHGFRQVFTGGAPVFPQTLQRFAHIFENADIIAVYGSTEAEPIATIRWADVTAQDKGKMVSGAGLLAGIPVPGLRVGILDNRRIVARGVWKSAQFSDFLLPAGETGEIIVTGEHVLKSYLHGHGDSETKILMDGDVWHRTGDSGYFDQRGRLWLMGRTSAVIQDHRGTLHPFAVECAATQYPGVCRSALLQHGRKRLLLVQPRDAAGCVSLKGLSETLSWAGIDEVRCLKRIPCDKRHNAKVDYPALIRMVEKHRR
OleC,WP_049585118.1,Photorhabdus luminescens,528,1584,C-term 6XHIS,Nco1/Xho1,after C_terminal_His_tag,WP_049585118.1 peptide synthase [Photorhabdus luminescens],MTNICQPIVDAAQKHPEHLALQAPHSRDHGRGLSFQEFFSHASHFQHQLTQAGFVAGDRLLVIIQPGLVLYPLLIAILGLGLVPVMLERGLSKKQLREILRRSKLSAVITQPTLGKFWFLIPELWRMRRFVIGQRIWGMKALEAPSQHLPLNNFICRDLPPDTTGLITFTSGSTGIPKGANRTHDSLLAQLYAITALFSEGKSEIDLHSFPVMVLHSLCCGNSSILPDFDFAHPATVDPQKLVRQVQDKGVTCLSGAPAYMGKVTGYAKSKGLSFPNVRTVIVGGAPANKALLENCLTVFPHARHLVVYGSTEVEPISTVEMTTQLNHWATHDGYLVGKPVTQAEICIREITANPQQITPLAAGNAGEVLVAGPHVLKDYIDNPQATKENKLPRKQGGIWHCTGDVGYLDTTGQLWLLGRVKDKVVLDDGRIIHPYVLEKRINELPEVTQNAFVPHPLGGAALILESATLPTDLPAILDELALTLVTRIYYVNPIPVDIRHNSKINRIALINMLAKGQLSSIPHKEKL
OleC,WP_012912112.1,Pirellula staleyi,562,1686,C-term 6XHIS,Nco1/Xho1,after C_terminal_His_tag,WP_012912112.1 peptide synthase [Pirellula staleyi],MTSEVVNVAARLTLCAQQRPDDLAVIMPGGRRSDGKAKYKTISFADLDRDSSTIASGLLSHGLRPGMRVVLMVPPCIDFITLVFATFKAGLVTVLIDPGMGRWNLIQCLEESRPEAFIGIPLAHAVRCLFSRRFPLLKHLVTVGRRWFWGGATLDDIRRKAAADFAIAPTQASDAAAIIFTTGSTGPPKGVLYRHGNFDRQATEIRDFYGIEPGGVDLSGFPLFALFNAAMGMTTLIPEMDATKPALVDPRKIIEAVRDWKVNQAFGSPALWNRVGRYCETSGEKLPTLRRVLSAGAPVPVHVLQRLKKVIHPEGDIHTPYGATEALPVASIAASEVLRETGALSAEGKGTCVGRKFPGIEWKVIAISDGPIDSIEQATMLADGEIGELIVRGPVVTSEYVTRTDCNPLHKVRDGNSFWHRMGDVGYLAEDPQHAGEKRFWFCGRKSHRVLTPDGTLYTIPCEAIFNQHARIYRSALVGIGKPGEQRPVMIVEPWPEQFPTSSKDKRQLIEELKSLGQTYDHTRAISDILVMRAMPVDIRHNAKIFREKLAPWAAKQLGIRT
OleB,WP_085914076.1,Pseudonocardia autotrophica,650,1950,N-term 6XHIS,Nde1/Xho1,before Xho1,WP_085914076.1 alpha/beta fold hydrolase [Pseudonocardia autotrophica],MSAVVPLLEIVLPFVVGLAVVLLPGRFRTVHLLLLAGGTVVATVVPWVLLPERSIVGLVELQLVWAAPMAFWCGVAVLIVNRRPRRERGPRSRVVRRAVRFGLLFGAGIGISALSALFPFTLFLGPREITWPVRSMVRPAEIVELALPALTSFHGHLDGWAWNRALLLLAGLLLWAVAGRRARRVADGAGVGSPAPARPVGAVGALLVLAAAAVTVSVGWPSPAGEWRWGWAESRIDVPVDAAAPDGPTIEISYLVHPARDTTTPHGVVVAAVGGPSPGSQSRDQLVGVLDPIAGTHDVVVSDYRGFGRSTPLACPDVDLGGADASAVSACYARLGPMAGTLGAQSAAGDLEAVRRALGVDRWSLYGQSYGTLFAQAYAEQYPRAVRSVVLDSALPLVSTPDFTFTTSQLTPPADTNAWQDAIDRARAAGPGAPRVTDLATIQLFSTWSEVAAGRDAALRLPPERRSAELTRVADDLNAQLSAMRNDPLAGLVPPQPTALYACNDYPMPFAFDAAPAEREATTRRYAEDRFTTAVAPFTWQEVDEALRAANGLRVHGFRYEACLYGQGRPHSVDPSALPTVPVLVISGSEDYTTTPAMADSIGAQWGATVLKIDGADHFVLLDNHCARRATAAFLDDPRSSDLPRCAAEG
OleC,WP_085914079.1,Pseudonocardia autotrophica,550,1650,C-term 6XHIS,Nco1/Xho1,after C_terminal_His_tag,WP_085914079.1 acyl-CoA synthetase [Pseudonocardia autotrophica],MSVYDERPWLARYDPGQPADVEPEFGDALAMFAATVARAPEADAIRYFDGRIGFAELDRLTDAFAAGLVAEGFAAGERVAIFTQNVPQFVIAQIGTWKAGGIAVPVNPMYKGRELAGLLADSGASVLVCLQSLHRDVAAGVLPGSAVRTVLTTSELDLHSGTATDVLAGVTRIDCPGTIDLLEFLHRHRGATPPAATTGPDDVAFLTYTSGTTGPPKGAMATHRNVVFNARTYRDWIGLDAGDVVLGVAPLFHITGLVGHVAVTLLTGAPLVLMYRLDPALALRTAERERATFTVGSITVFIALMNAPGAQRSQLATLRKIYSGGAPIPPSTVHAFRETFGHYIHNIYGLTETTSPSHAVPLHAEAPVDDASGALSVGVPVYGTVVRIIDEDGADLAPGEVGELVTAGPQVVAGYWEKPEETARALPGGVLHTGDVGYMDADGWFYIVDRKKDQINAGGYKIWPREVEDVLYEHPAVREAAVVGVPDEYRGETVKAFVSLRADATATPAELIAFAGERMAAYKYPRQVEILDEIPKTASGKVLRRELRGR
OleC,WP_073456619.1,Pseudonocardia thermophila,551,1653,C-term 6XHIS,Nco1/Xho1,after C_terminal_His_tag,WP_073456619.1 acyl-CoA synthetase [Pseudonocardia thermophila],MSVYDEKPWLARYDQGQPAEITPEYPNMLELFRATVARNGSGDAIRYFDRKISFAELDELTDAFAAGLIAEGFQRGDRVALFMQNVPQFVIAQLGTWKAGGIAVSINPMNKERELTELLKDSEATVLVALQSLHRDVASKVVPGSTVRTVITTSELDFQTRNEPAVFSGVERIDCPGTIDMLELLEKHKGSKPPAVDLKPEDVAFLTYTSGTTGPPKGAMTTHRNVVFNAQSYRDWIGIGPDDVVLGVAPLFHITGLVGHIAISLLAGAPLVLMYRLDPALTIETIAAEKATFTVGSITVFIALMNAKNAEKDKLASLTKIYSGGAPIPPSTVEAFRSTFGHYIHNIYGLTETTSPSHAVPLSAEAPVDPASGALSVGVPIYNTVVRIVDEDGKELPPGEVGELVTEGPQVVAGYWNKPAETEKALPGGRLHTGDVGYMDENGWFYIVDRKKDQINAGGYKIWPREVEDVLYEHPAVREAAVVGVPDEYRGETVKAFVSLKEGASVTPEEIIAFTKERMAAYKYPRLVEIIDEVPKNASGKILRRELRARG
OleC,WP_059384451.1,Rhodococcus rhodochrous,552,1656,C-term 6XHIS,Nco1/Xho1,after C_terminal_His_tag,WP_059384451.1 acyl-CoA synthetase [Rhodococcus rhodochrous],MTIYDDKVWLSQYDAAQRQPRTIEFDDALAMFRATVERDPDADIIRYFDGRITAGELDELSDAFAAGILDAGFRPGERVAIYAQNVPQFVIAQLGTWKAGGIAVSANPMYRERELEEILRDSGATVLVALQSLYTDVAAKVVESTDVRTVITTSELEYQSANSGTLAGVERIECAGTTDMAEMLTAFRGRTVPPAEIGPETVAFLTYTSGTTGPPKGAMTTHRNVAFNAQTYRDWIDIGPDDVVLGVAPLFHITGLVGHIALSLLTGAPLVLMYRMDPADTIDTIEKQRATFTVGSITVFIALMNAPNASKEALASLTKIYSGGAPIPPSTIAAFEERFGHYIHNIYGLTETTSPSHGVPLGRRAPVDELTGATSVGVPVYDTVVRIVDDNGNDLPPGEVGELVTAGPQVVAGYWNNPEATANSIPNGVLHTGDVGYMDSDGWFYIIDRKKDQINASGYKVWPREVEDVLYEHDAVREAAVVGVPDEYRGETVKAFVSLRPGATVTPDELIAFTKKRLAAYKCPRFVEIISDIPQTATGKLLRRELRTATQS
OleD,WP_013399239.1,Rothia,382,1146,N-term 6XHIS,Nde1/Xho1,before Xho1,WP_013399239.1 MULTISPECIES: NAD-dependent epimerase/dehydratase family protein [Rothia],MATPAPLAARYTDPAPRSLRPVDESYFAARSGERVLITGASGMLGRETAIALLRAGYDVRVFQRSDAGIAALLPDTIRPRFEQIRGSLNNAEVIEQALVGVDGIVHAAAKVSVSGDWEDYERTNIVGTQALLDAAIERSISKFLYVSSPSVAHAGTALIGEGNGAASPEHARGNYARSKATAELTVLAANGTKLASGSTMRVGALRPHLIWGPGDTQLVERVLDRARSGRLPLLSGGTGLIDTLYIDNAADALVRGYERLESIAGRALVVTNGQPRTIAELLSGFCTAVGVPAPRFSVPAPAAAFAGRLIEKVWGRLPKSVTAGDEPPMTEFLAEQLSTAHWFDQRLTRELLQWEPAVTIDEGYRRLGLFYGDKYSRSSSAV
OleA,WP_004004880.1,Rothia,357,1071,N-term 6XHIS,Nde1/Xho1,before Xho1,WP_004004880.1 MULTISPECIES: 3-oxoacyl-ACP synthase III [Rothia],MSEHTAAATSDADKPGVNSDIRHRNAALLSIAHELPPRVVTSSYFDEQLSNTYKRLKMPKGLLERLAGISERRGWAEGQTFEDGAVAAAEKALQAAKVDRDQVGLLINASVTRDNFEPAVSVGIHDRLNLPRHALNFDITNACLGFVNAMTVASTMIDSGAIDYALVVAGEDPSPWHRTALRILSQPHTSREDVLAQFATLTLGSGAAAAVLGKADAHPEGHRIIGSVSRAGTEHRNLCIGGEADQGMNTDAAGLLEHGLQLVAQAWEQAHEDGWEWTDMDSYVTHQISNAHTNAIIEAVGIKRDRIPLTFPVWGNVAAAALPMTLAECAPTYKKGDRILCMGVGSGLNTALMEIDW
OleC,WP_041321808.1,Rothia dentocariosa,976,2928,C-term 6XHIS,Nco1/Xho1,after C_terminal_His_tag,WP_041321808.1 alpha/beta fold hydrolase [Rothia dentocariosa],MRHLNFPKTQPPYNPHEWTGVDPRYSHMLEVPTTAPIEVRAAQAQARRWHYLDNTPALQEHGLDPIGTILCVHGNPTWSYLWRTVLDAGVNSTAPWRVIAVDQLDMGYSERTHLDLEDERRSLEDRIADLSDFTRELGLDKTDKPVVTLAHDWGGLISLGWAIEHQNILSGVMLTNTAVHHDGVERIPAALRLALGVHELGTRDSTAFLDVTLGLAQNQGRAPSEGEPGSSERALAGPQESQPRALYPSKLHEGIRRTYRAPYVHPAWREGIRNFVGDIPTGTDIPSYAHMVRIAEGVRDLKVPAFFQWGTKDPVFQRRYLFDLMDRFPQAKVHRYEKASHLVAEDEDIAAPIFAWLGQNFGALVEGYLEKPVNAEAQHREARRALDERIRNLKTSEEEAHEEFRPMIAALNERAQDTSLAIVDMDSAGDGTQVAAQLTWQQLATHVDAAVARLHALGVRPGDRVNLMVPPGSRLTTLIYACLKLGAVIVVADTGLGLTGLTRALKGANPQFIVGIPAALAAARSLLWPGHRISVEPLGKFQDRVLGVEGSVFEPAHKRSARSKTSENTLSAPIATPAVIEFPDPDPDADAAVLYTSGSTGPAKGVVYTQRQLAGMRDAIVNTYGFKSGSGLVAGFAPFALLGPALGATSVTPKMDVTKPKTLTATALASATEAIGASTVFASPAALVNVVASASELTDSQRAALAEVTTVLSAGAPIPVPLLDELSKLVPHASLHTPYGMTEGLPVTDVSLDMIRQALAEGTPNAEGDILDPFARDGVCVGYAVYGAAVAIAPLQEDGTVASEMTHEPGVTGEILVSAPHVKDRYDTLWVTEEQSISTPGWHHTGDVGHLDAAGRLWVEGRLAHVLLTAQGVLTPVAAEQSAETLDAVRRAALVSVGPAGTAAPVLVIETANRKLKQGQAPFDLSRQIRERVQEDTGIELASVLVIKEHPTDIRHNSKIDRPALGEWASKVLAGA
OleD,WP_005508110.1,Rothia mucilaginosa,413,1239,N-term 6XHIS,Nde1/Xho1,before Xho1,WP_005508110.1 NAD-dependent epimerase/dehydratase family protein [Rothia mucilaginosa],MSPHSSRESSSHEPAPRLSGHRLSTAHAVTSPTARFRKPAQPLAARYTDPAPRSLRPVEEPDFAPRIGERILFTGASGLLGRESVLALLRAGYDVRVFQRGDSGIAALLPDSIRPRFEQVRGDITNAQAVDLALTGVNGVVHAAAKVSVSGEWADYERINIEGTRTLLQAALNHSVGSFLYISSPSVAHAGAAIVGDGAGVASPEHARGNYARSKAAAELLALEANGTPLPGGGVLRVGALRPHLMWGPGDTQLVERILERSAAGRLPLLSGGTGLIDTLYIDNAADAVVRGYQRLDAFAGKALVVTNGQPRTIAELLGGFCEAVGVPAPRFSVPAKVAALAGKVIERVWERLPKNVTAGDEPPMTEFLAEQLSTAHWFDQRRTRELLQWEPAVSIEEGYERLGLFYGDRYKR
OleC,WP_005508111.1,Rothia mucilaginosa,1001,3003,C-term 6XHIS,Nco1/Xho1,after C_terminal_His_tag,WP_005508111.1 alpha/beta fold hydrolase [Rothia mucilaginosa],MRHLNFPKAQPPYNPEEWAGVNPRYSHLLEVPTSAPIEQRAQQAGARRWHYLDNLPVLVEQGLEPIGTILCVHGNPTWSYLWRTVLDAGVNERAPWRVVAVDQIDMGYSERTHLDLEGERRSLTDRIADLGDFTKALGLDETDKPVVTLAHDWGGLVSFGWALEHREILSGVMLTNTAVYHDGIENIPAALRLALGVHEWGTHDSTAFIDVTLGLAQNEGRLPAPGSAGAGALDGALPQPVGQQPKRLYPSPLNEAIYRTYRAPYAHSAWREGVRNFVGDIPTGTDIPSYTPMQRIAEQIRDLDVPAFFQWGTKDPVFQRRYLFDLMERMPQAKVHRYEKASHLVIEDYDIATPMISWLAQTFGTREDGALVPPHNVEAEHRAARARRHGLTTGEGTAAEGAEGAVPAAFRPMLAALTERANDTSTAVVDMDPKGDGTSVSVTLTWAELNQQVNAAATRLHALGVRPGDRVNLMVPPGARLTTLIYACMKLGAVIVVADTGLGIPGLTRALKGANPSFLVGIPTALSAARTLLWPGVRISVEPLGSVQEKLLGVAGSVFTAPAADGTPGAPVPTPTVVEFPSPVPDADAAVLYTSGSTGPAKGVVYTQRQLAGMRDAIANTYGFAPGSGLVAGFAPFALLGPALGATSVTPTMDVTRPKTLTASALASAAAAIDASVVFASPAALVNVVATADELSGEQRAALAKVQTVLSAGAPIPVPLLEALSALVPNASLHTPYGMTEGLPVTDVSFEMIRQAIAEGTPNAAGEVLDPFARDGVCVGFAVYGAAVAIAPLLQDGSVADELTHEPGVTGEILVSAPHVKDRYDTLWVTEEQSISTPGWHHTGDVGHLDASGRLWVEGRLAHVLLTSQGVLTPVAAEQSAESLPEVRRAALVAVGPAGTAAPVLVIEASANTATLEARQSASGLKRALLDRVPGARRFPIAEGVAPFELSQLVRQKVAEDTGVELAAVLVVHEHPTDIRHNSKIDRPALGEWASKVLAGA
OleA,WP_005508112.1,Rothia mucilaginosa,351,1053,N-term 6XHIS,Nde1/Xho1,before Xho1,WP_005508112.1 3-oxoacyl-ACP synthase III [Rothia mucilaginosa],MLNASADKVGTNSDIRHANAALLSITHELPPDVVTSDYFDEQLAQTYKRLRMPKGLLERLAGISTRRGWAEGQTFEDGVVAAAEKAIAEAGIDRSQIGLLINASVTRDNFEPAVSVGVHDRLELPRHALNFDITNACLGFVNAMTVASTMIDAGAIDYALIVAGEDPSPWHRTAVRILNNPDSTREDVLAQFATLTLGSGAAAAVIGRADRHPEGHRIVGSVSRAGTEHRNLCIGGEADQGMNTDAEGLLKHGLELVAQAWEQAHQDGWEWNDMTSYVTHQISNAHTNAIIEAVGIERERIPLTFPKWGNVAAAALPMTLAECAPTYTEGDRILCMGVGSGLNTALLEIQW
OleC,WP_029720995.1,Saccharopolyspora rectivirgula,554,1662,C-term 6XHIS,Nco1/Xho1,after C_terminal_His_tag,WP_029720995.1 acyl-CoA synthetase [Saccharopolyspora rectivirgula],MSAYSSKPWLARYAPGQPAEITPEFANALEMFTASVRRNPDGDIIRYFDGRITLRELDELTDAFAAGITDAGFSPGERVAIYAQNVPQFLIAQIGTWKAGGIAVSVNPMNRQRELELILQDSGASVLVCLESLHRDVAREVLPRTQVRTVITTSELEYQTRNDERLFAGVERIPCDGTVDMGEMLREHRGRAAPPVSLAPDDVALLTYTSGTTGPPKGAMTTHRNIVFNAQTYRDWIGLSGDDVILGVAPLFHITGLIGHAALAMLTGAPLVLMYRLHPSVTIETIQAEQATFTVGAITVFIALMNAPNASKEALTSLTKIYSGGAPIPPSTVRAFQEAFGHYIHNIYGLTETTSPTHAVPLGADAPVDPASGALSVGVPVFNTVVRVVDDDGQDLPPGEIGELVTSGPQIVAGYWNKPEETAEAISNGWFRTGDVGYMDSEGWFYLVDRKKDQINASGYKVWPREVEDVLYEHEAVREAAVVGVPDPYRGETVKAFVSLRPGKTAQPEELITFCKQRMAAYKYPREVEVLDELPKTVTGKLLRRELRARHQQS
OleD,WP_012868613.1,Sanguibacter keddieii,330,990,N-term 6XHIS,Nde1/Xho1,before Xho1,WP_012868613.1 NAD-dependent epimerase/dehydratase family protein [Sanguibacter keddieii],MTGHDVQPPSTVLVTGASGFLGRAVVRELLDQGHEVRTLQRTPSRTAGATDVLGSVTDPDVVARAVDGVDAVVHLAAKVSLAGDPADFERVNVGGTRTLLDAAEAAGVRRVVHVSSPSVAHHGDSIVGDDAGPADPALARGDYARTKASAELLALGRDGSALHVVAVRPHLVWGPGDTQLVARVVERARAGRLPVLGHGAALIDSTYVDNAAGAIVAALAVVDEVHGQAYVVTNGEPRPVAELLAGICRAAGVEPPRWSVPAGVARAAGSAVEAGWKVRPGADEPPMTRFLAEQLSTAHWFDQRRTRRDLRWQPTVTVDEGLRRLAESYR
OleC,WP_012868614.1,Sanguibacter keddieii,922,2766,C-term 6XHIS,Nco1/Xho1,after C_terminal_His_tag,WP_012868614.1 alpha/beta fold hydrolase [Sanguibacter keddieii],MNPTLPAAASTTAAATLPPALDGLDPGWSRLVEAPDSEGTTRTWHVLDNAARLEQVGAVPVGTILCVHGNPTWSYLWRGLLAAATEQAQAGGAAWRVVAVDQLDMGFSERTGQPRRLPQRVRDLDRLTTALGIDGPVVTLGHDWGGVVSLGWAVDHPDRLVAATVLNTAVHQPETDPIPAPLRLTLQGPVLGPATVSTPGFLATTLALARPALSPEVRDGFRAPYLSADRRGGIGAFVADIPVDETHPSHAELDRVAEGLRGLTVPALALWGPRDPIFSDRYLDDLTDRLPHLDVHRFEGAGHMIAEEVDYAGAVLTWLDDLPSRTAAAAQDRAQDRAQARAEAGVEAGADRDARPSTAAAAGWTTAPLWQQLEEHRDSDGTVLVEMAPSTGVGPRSVSWRLLSRRVDEIAAGLLALGVQRGDRVSLLVPPGADLTAVLYACLRVGAVVVVADAGLGLRGLTRAVRGARPSYVVGALPGLSAARALGWPGLKISTTALPAATARALGVSHSLLDVAGLGAQRLEGTTLGALTGTPGPDDTAAVLFTSGSTGPAKGVVYTHGQLAAVRDALASRFGIGPGSGLVAGFAPFALLGPALGARSVTPDMDVTSPSTLTARATAAAVAAADATTLFLSPAAIANVVATADELTPEDHEALARVQTFLSAGAPVSGSLLAAAERLMPHASAHTPYGMTEGLLLTDVTADEIRAAEASGGRGVCVGRPVATATVRVVALDELGRATGDLTDAADVTGEIVVAAPHVKDRYDRLWLTEHSSRAVDGPAAPDGLRWHRTGDVGHLDADGRLWVEGRLAHVVVTAHGVVTPVAPEQAVESSRLVARAGVVGVGPVGTQQLVAVVETVDRARRPGLAPHEVAADVRALSPEPLAAVLVVPDLPTDVRHNSKIDRSRLSAWAEGVLSGGRMTTP
OleA,WP_012868615.1,Sanguibacter keddieii,340,1020,N-term 6XHIS,Nde1/Xho1,before Xho1,WP_012868615.1 3-oxoacyl-ACP synthase III [Sanguibacter keddieii],MNGNATSKHQNVALLSVATVVPDVVTTSDEMDNRLADTLKRLRMPRGLLQRVAGVHERRRWAADQSFESAAIAAGEKALAEAGISASDIGLIINTSVTRPHLEPSVAVRMHHGLGLPSSAMNFDIANACLGFINGMNVAAHMIDSGQIRYAMIIDGEDADEVNDNTIDRLNRPETKRSDFMNEFASLTLGSGAAAAILGPADSHPSGHRILGGVTRAATQFHDVCVGSVNGMYTDTKALLKGGMELVVAAWQEAKESWSWTAMDRYVMHQVSDVHTSAIVKAAKLDRSKVPTTYPRYGNVGPASIPITLAEQSSTLAPGDRVLLMGVGSGLNTSMMEITW
OleC,WP_012861403.1,Sebaldella termitidis,525,1575,C-term 6XHIS,Nco1/Xho1,after C_terminal_His_tag,WP_012861403.1 AMP-dependent ligase [Sebaldella termitidis],MNISDILKELAVKIPNKTAVIDTKTSSRISFNYLEKNSSKIANMFKKAGLQEGDGVLIFVPMSVELYSILAAVFKMKLVAVFIDPYADSKHIKNCCQIYTSKALIISGKKAGLLCYMNSEIRKIPNKYIINGKMPGFRKFSEYEDQSFDFACTETAPDTKALVTFTSGSTGKPKGLVRTHGFLAAQQKVLEKSLEISENSKVLTAFPVFILSNMYSGLTSIIPNTDLRKIGETDGGTISGQIMSESIDTILAPPSFFDNLVEIHKNTGRSIHSIKKIITGGVPVFPEIMENLKKSFPYAEIKVVYGSSEAEPMSELCYNELNENDIQKMKNGNGLLAGTIVEDINLKIIENDQKLSQGDQIKMLEQGEKGEIIVSGGHVLDTYLEAEENSKIKITADNENWHRTGDLGYIDASGRLWLLGRAKAEISRGSEKIYPFSIETMLSFEKDIKRTAIISKKGKILLFIEIFYTEDKEKQLQIQDKLEEKIKELKITVDKVIFADKIPVDKRHNGKIDYGSLERLSEKYI
OleB,WP_011789932.1,Shewanella,303,909,N-term 6XHIS,Nde1/Xho1,before Xho1,WP_011789932.1 MULTISPECIES: alpha/beta fold hydrolase [Shewanella],MLDTLLPFQRHFFNRNGNKLHYINEGHGEPVVMVHGNPSWSFYYRNLVSALKDSHQCIVPDHIGCGLSDKPDDSGYDYTLKRRIDDLEALLDSLNIKENITLVVHDWGGMIGMGYAARYPERIKRLVILNTGAFHLPESKPFPWPLWICRNTLLGTVLVRGFNAFSSIASYVGVKRQPMAKYIREAYVAPFNSWSNRISTLRFVQDIPLREGDRNYQLVSDIAASLPKFAKVPTLICWGLKDFVFDKHFLAKWRQHMPHATVHEFADCGHYILEDASDEVIAHIKGFMADEQVASASAERAAG
OleD,WP_061782731.1,Shewanella putrefaciens,375,1125,N-term 6XHIS,Nde1/Xho1,before Xho1,WP_061782731.1 NAD-dependent epimerase/dehydratase family protein [Shewanella putrefaciens],MMNDPSKSTTLIQFHTVEQIALTQLALKVQHAFVTGAGGFLGKAICLRLLAAGIKVTGFARGHYPELEALGVAMKQGDLVNKEQLQQAMQGCDIVFHVASKAGVWGDRDSYFCPNVKGAANVIAVCKALKINKLVYTSTPSVTFTGQDESGIDESTPYASTFLNYYAHSKAIAEKMMLDANQFGEVPLEHTDATQMITPYALKTVALRPHLIWGPGDPHLVPRVLERGRLGKLKLVGREDKLVDTIYIDNAAYAHVLAALELCQPKPKCQGKAYFLSNDEPITMVKMLNLILACDGLPPVTRRVPRTVAYIAGAALESLYFLLKKKEEPLMTRFVARQLSCSHYFDISAAKRDLGYCALVSIDEGMARLRTSLLG
OleC,WP_082785907.1,Shewanella putrefaciens,604,1812,C-term 6XHIS,Nco1/Xho1,after C_terminal_His_tag,WP_082785907.1 peptide synthase [Shewanella putrefaciens],MPLVTETPFSTGTSQSAIASDANICRHLKQAAHDIPHHLAVAVQSAKGASVANLRYSELDFLSLDRQSDVIAFALNAHGITRGMKAVLMVTPSLDFFALTFALFKAGIIPILVDPGMGIKNLKQCFAEAAPDAFIGIPKAHIARRLFGWGKGTIKILLNVDGGKTGFAAKLNCMATGAMSLSTLLQNTSAQSSGAQSSAQKSPYPMVLLKPNEMAAILFTSGSTGTPKGVVYSHAMFEAQIQALKNDYGICHGERDLATFPLFSLFGPALGMASIVPEMDASKPITANPEFLFAAIEQYQCSNIFVNPALLERLGRAGEQKQHTLPSVKRVISAGAPATIASIARFSKMLSDGVPVLNSYGATESLPISMIASDALFATTEMTDNGAGICVGHAIDGVSIGIIGISEAVIPEWDDALLLKNGEIGEIIVQGPMVSQSYYQYDSQRDNQRDSATAMAKIWDPVANCVRHRMGDLGYLDDQGRLWMCGRKAHRVDATHKGKFAKRYYSIPCERIFNTHPNVKRSALVGVKVANEITPLICIELDTSLVCNKSQQLYQELTTLAEQFHQTQGIKRFLIHPDFPVDVRHNAKIFREKLAVWAQSQTKG
OleA,WP_061782733.1,Shewanella putrefaciens,349,1047,N-term 6XHIS,Nde1/Xho1,before Xho1,WP_061782733.1 3-oxoacyl-ACP synthase III [Shewanella putrefaciens],MKYSRVFINSLAYELALVVVSSSELESRLAPLYQKFRIPMGQLAALTGITERRWWPKGHQLSDGAINAARKAIAETGINVADLGVVVYTGVCRDQHEPATACRIAAELGVSKDTAIYDISNACLGVLSGILDIANRIELGQIKAGMVVSCESARDIVDVTIDNMLASPTMQNFAQSLATLAGGSGAVAVILTDGSLPLTNVRKHQLLGASHLSAPEHHQLCQWGLQEVGHNLYREFMRTDAVTLLKEGVELAKHTWEHFLEQRNWLVEQVDKVICHQVGASNRKQVLSALNIPPEKEFPTYQLLGNMGTVSLPVTAAMAHDEGFLQAGDQVSFLGIGSGLNCMMLGIKW
OleA,CVN04163.1,Streptococcus pneumoniae,356,1068,N-term 6XHIS,Nde1/Xho1,before Xho1,CVN04163.1 3-oxoacyl-ACP synthase [Streptococcus pneumoniae],MSAPSPTPRRLVLVTNVSGNASYEYSRAALLAVTEVEAPVEVTSQDLDDQLAEVLTRLRLPGSLLERVAGVRSRRNWDETEDFQEAAARAGVAALEQAGVPRERVGLLVNTSVTRATLEPSVAVRIHHLMGLPTSATNFDITNACLGFVNGLMLASTLVDAGQIDYAVVVAAEDASKVQAATVANLHAETTHRGNFMEQFASLTLGSGAAAAVVGRIEDHPDAHRIVRGITRAGTDHHGLCVGDHHGMYTDSTALLKDGLELVMDAWHDVPAEWAWPEADRFITHQVSQMHTDAIAESAHLDPARIPTTFPTLGNVGPASLPITLVREMDALEDGDTVVCLGVGSGLNTAMLEIEW
OleC,CVN04195.1,Streptococcus pneumoniae,501,1503,C-term 6XHIS,Nco1/Xho1,after C_terminal_His_tag,CVN04195.1 4-chlorobenzoate--CoA ligase [Streptococcus pneumoniae],MLRVGAVAVVADQGLGVKGMTRAMKSARPRWIIGRTPGLTLARAQSWPGTRISVTEPGAAQRRLLDVSDSLYAMVDRHRDPAAGDAVDEHGTVLPEPALDADAAVLFTSGSTGPAKGVVYTHERLGRLVALISRTLGIRPGGSLLAGFAPFALLGPALGAASVSPDMDVTQPATLTAQKLADAAIAGQSSVLFASPAALANVVATADGLDAPRREALDAVRLVLSAGAPVHPQLMRQVSDLMPNARVHTPWGMTEGLLLTDIDGAEVQRLRAADDEGVCVGSALPTVSLAIAPLLEDGSAEDVILDPARGHGVLGEIVVSAPHLKDRYDALWHTDQQSKRDGLWRRDGRVWHRTADVGHFDAEGRVWLEGRLQHVITTPEGPVGPGGPEKTVDALGPVRRSAVVGVGPRGTQAVVVVVEAAVPATRPARRPGHHRDGRPKQGLAPTALASAVRAALEPLPVAAVLVADEIPTDIRHNSKIDRARVADWAEAVLAGGKVGAL
OleD,WP_063796806.1,Streptomyces ambofaciens,346,1038,N-term 6XHIS,Nde1/Xho1,before Xho1,WP_063796806.1 NAD-dependent epimerase/dehydratase family protein [Streptomyces ambofaciens],MKVLVTGGSGFLGLEICRRLSARGDVASSLHRRPSGALQQLGVHQHLGDLTDADAVSRAVAGCDAVIHNAALAGVSGPPRPYWATNVLGTRHVIEQCRAHGVRTLLYTSTASVVFRPGGLEGATESLPTAPRHLAAYPATKARAEALVLAAHGPELATVSLRPHIIWGPGDPHFAPVLARAVRAGRLLMPGDGANLIDTTHVRTAAHAHLLALDSLRRSPQTAGGRAYFIGQGDPRPLREITRHFLRAAGIDARWCAVPPRLATIGAAVGDTILRAARSTRTHALSRFLVAELLHPHYFDLTAARRDLDFAPPVGFDAGIAELSLSIPNDSEETPCRTPTTPSAPS
OleC,WP_053141833.1,Streptomyces ambofaciens,525,1575,C-term 6XHIS,Nco1/Xho1,after C_terminal_His_tag,WP_053141833.1 AMP-ligase [Streptomyces ambofaciens],MTTTAADFAGRLAERPDAVALVESRKGISRTTRRGELVRHCRRIAQDLREAGVRPGHKAVVMTRDAHDLTAVSYALVMLGAVPVLIEPRAEVGRCLQDIAPDVFIGEPLAHLGRRVLGWGRPHVRTALVTGSAPLSPGRRLVTRTPADDASPPQVREPDGDEPALIAFTSGSTGRPKGAEYRHSTLAGQLDALATLMDPRSEDVLLAGFLPVALLGPLLGLATVAPAVNHLAPARTSPQEVVGPLREHRASIVLASPAVLALIARHCARHDLTLPSVRQILSFGAPLRVGLADALRKAVPDDAEILSVYGATECLPVSAIGDHDLRASRTAPPAGHAGTCLGRPLPGIRARILEADATGLGEIAVTGPTVSPTYHARPVADTFTKSDTDHGVLHRTGDLGRLDDEDRLWFLGRKAHLITGTGFTLTTEDVEAAADTAPGIRRTALVGVGTAVCQLPVLCVEPMPSTPRARALEAVRAVLKDHPDGYRVGAVLIHTAFPTDPRHNSKIDRMRLAGWAAKRLRGRVR
OleB,WP_053141835.1,Streptomyces ambofaciens,314,942,N-term 6XHIS,Nde1/Xho1,before Xho1,WP_053141835.1 alpha/beta fold hydrolase [Streptomyces ambofaciens],MVTARAGHAPAPDRAALERLMPGYPAPRHWRRVPVTGQHYLDLGSGRPVLFLHGNPSWSYVWRKLLHRLAPHARCLAPDLPGFGLSRRLRPADGVPDPYEAQLEGLDSLHRHLVRNEGLPERGWTFVLHDWGGPLGTAWALRNPGVVARLVVCNTVAFPFPEGFRLPFYLRWIRDHRPVATFVHATNAFARVAVRAGVHHPMLPAERRAYLRPYARRAERRAVTDAVRAIPRGPADPVWHLLEPPGAVAGLADLPLLVGWGMRDPVFTPDLLQEWARLYPQAVIHRFPDAGHFVMEDAAAELSDHIRDFLQGAP
OleA,WP_053141838.1,Streptomyces ambofaciens,342,1026,N-term 6XHIS,Nde1/Xho1,before Xho1,WP_053141838.1 3-oxoacyl-ACP synthase [Streptomyces ambofaciens],MSEAIRARIAAVCAHLPSRYRTLDETRAKITETGGYAPPPGLLEDLTGVRGVHVHEDGENSSDLAVAAARSALEQAGLKIRDVDLLLFASTSQDLIEPATAHLVATKLGASCPVFDVKNACNSFLNGMEVAASFIETGRYRTVLIACGEPATLATRWHLPTREDLLRALPGYTASDAGAAMVLTAGPAGDGDPGILSLRFVSNSPAWEACTVAGGGSMHHLSVHDDHTTLRLNGDLWQSALDVLPRIMDTAGEEFRAAQAGAVSFIAFHQIAMPQYREVIDLFSLPEDRCMPAVAEHGNCAAASLPLQLAKAREADRIEGGDLVAMIGLASGFSFGLALVRW
OleC,WP_059196603.1,Streptomyces antibioticus,555,1665,C-term 6XHIS,Nco1/Xho1,after C_terminal_His_tag,WP_059196603.1 acyl-CoA synthetase [Streptomyces antibioticus],MTDSLYAAKPWVALLSDAQRAPIDPADSLVHALREAASDVPDRPFLAYFDGRLSYREVDELSDSVAGHLAARGLERGDRVAVLLQNSPHFLLALLGAWKAGATVVPVNPMYKAGEVTHVLRDGEVAALICSDRAWESYLRETAADSPVRIVLTGCELDFQTRNDARVLSFERLPQPADAEDLTTVARAGLKAPGGRDPEPSDIALISYTSGTSGTPKGATNTHANIMYNAERQRTGLELPDPPVYFALAPLFHITGMVCQLGACLNSAGTLVLAYRFEAGVVLDAFAEHGPHYTVGPSTAFMALAAHPDVTRDHFASFRMISSGGAPLPPALVEKFRAAFGPYIRNGYGLTECTAPCASVPPTLEAPVDPVSGTLAVGLPGPDTVVRIVDDQGAEVPFGEQGEILVRGPQVVPGYWRRPDATAETFPGGELRTGDIGFVDEQGWLYVVDRKKDMINASGFKVWPREVEDVLYTHPAVREAAVVGVPDGYRGETVKAYISLRPGADTDPDELAVYCKERLAAYKYPRQVEILSDLPKTATGKILRRELRSRGQGER
OleA,WP_010983715.1,Streptomyces avermitilis,339,1017,N-term 6XHIS,Nde1/Xho1,before Xho1,WP_010983715.1 3-oxoacyl-ACP synthase [Streptomyces avermitilis],MRFENDLYIASTASWLPDLVPMEEAIAAGLVDDEHRNLGYESIAVADGVAGPEMAVRAGRLALERAVGIERDEVGLVLHSSCGFQGHEMWPAAAYVANETVGRAAPGFDLQQRCNAGLGSLCLAAGYIDAGFTSAVLLTTGDNFAPPWVDRWNVQLNLVFADGGTALVLSGRKGFARVVSATLGADNSLERWNRGTTPFATAPGLEMPLRLRERGLQHAATPEAEGSWERIEAALMDTTRRALAEAQVSVEDISRVVTPLIHRGVWPENYDVLGFTEKQSTWDLGRLVGHIGAGDQFLGLEHLVKERAVGPGDLVLLVAAGAGFSLSAAVVEILDVPPW
OleC,WP_010983718.1,Streptomyces avermitilis,534,1602,C-term 6XHIS,Nco1/Xho1,after C_terminal_His_tag,WP_010983718.1 fatty acid--CoA ligase [Streptomyces avermitilis],MTTTANGSWTLTHTSRAHAGSRPHHAAIVCEGRITTYGKLHRESNRAAHALRVSGVQRGDRVAYLGRESENYYLVILACAKAGAVLVPVNWRLTPDEVDHILRDSGATLVFVDDEFWATATKVRPHLPEFHTMIRIDGTDAEGEPARGAGLPAWYADQPDADLEPGTGPDDAVVQIYTSGTTGLPKGAVLAHRSFFTLPQAMRDHDVAWIDWLPDDVALISLPGFGIAGIGWFMHTFNAGGTSVIMPQFDPQEAVRLIRTHRVTTTFAAPAMLQMMAGERTAGPDAFVSLRKICYGAAPMSETLLKQCLETFDCEFAQIYASTETGSVAVCLPPEAHHPGSTVLESVGKPCPGNEVKVVGPDGAELPPGAIGQICVRAPSRMLGYWNLPEATGRTLVGEWLHMGDAGYLDEDGYIYLCDRMNDTIIVAGQNIYPAEVEKALAAHPAVADSAVVGLPDPRWGEAVHAAVVLRPGAQASPRELLLSLRGHLADYKIPGAYHFVDTLPRNPSGKILRRAVRERLSAPARDPLTSAVQ
OleC,WP_065302598.1,Vibrio natriegens,513,1539,C-term 6XHIS,Nco1/Xho1,after C_terminal_His_tag,WP_065302598.1 long-chain fatty acid--CoA ligase [Vibrio natriegens],MMNLAAALQRNAASKPDKTALICGDLEISYSQFDAIAGKIATSLINSGVKPGDRVALSCPNLPFFAFIYFAVQKAGAVAVPLNVLLKAREIKYHLEDSNAKFFFCFEGTPELPMAREGVKAFKEVETCENMIVMTQSQADLEWGGVPTLNAFIRDVEPLADYVPRNADDTCVVLYTSGTTGMPKGAELTQQNIVMNAIVGQNIMAAQGDDVHLVTLPLFHTFGQTVHLNASVLSGATLVLVPRFEPSHVLELIEKHKVTIFAGVPTMYIGMLHADADYDISSLRVAASGGSSLPTEVFRAFEEKFNVPILEGYGLSETSPIACFNHLDQERIPGSVGQPIQGVEVKLVDLEGNQVPVGEEGEIIVRGHNVMKGYLGRPEVTESVLKNGWFHTGDVGRFDEAGNLYIVDRIKDLIIRGGFNVYPREIEEVFMTHPAVAMVAVIGIPHQEYGEEIKAYVVLKPDQDLEAADLQAWGREHLAAFKYPRFVEIRDQLPMSATGKILKRELKSELKVA
OleC,WP_029804406.1,Vibrio parahaemolyticus,513,1539,C-term 6XHIS,Nco1/Xho1,after C_terminal_His_tag,WP_029804406.1 long-chain fatty acid--CoA ligase [Vibrio parahaemolyticus],MMNLAAALQRNAASKPNKTALICGDKKFTYAEFDAIAGKIATSMIKAGVKPGDRVALSCPNLPFFPFVYFAVQKAGAVTVPLNVLLKSREIKYHLEDSKAKFYFCFEGTPELPMAKEGMKAFKEVDACETMIVMTQDQTQKEYQGLPTLTYFIEDIEPLADYVARDADDTCVILYTSGTTGLPKGAELTQQNIVMNALVAQNIMASQADDVHLVTLPLFHTFGQTVHLNASVQSGATLVLVPRFDPKHVLELIEKHRVTLFAGVPTMYIGLLHVEHNCDISSLRVAVSGGSSLPTEVFKTFEARFNVPILEGYGLSETSPIACFNHLDQERVPGSVGQPIQGVEVKVVDLDGHALPVGEEGEIIVRGHNVMKGYLDRPEVTESVLQSGWFHTGDVGRFDESGNLFIVDRMKDLIIRGGFNVYPREIEEVFMTHPAVAMVAVIGIPHQEYGEEIKAYVVLKPNQFVEADELQLWGREQLANFKYPRFVEIREQLPMSATGKILKRELKSELEVA
OleC,WP_004088270.1,Xylella fastidiosa,548,1644,C-term 6XHIS,Nco1/Xho1,after C_terminal_His_tag,WP_004088270.1 peptide synthase [Xylella fastidiosa],MKEPCNIAAALPRLASERPEQIAIRCPGRPGSGGMAAYDLTLSYRELDSRSDAIAAGFIAYGIGRGVRTVVMVRPSPEFFLLMFALFKVGAVPVLVDPGIDRSALKQCLSEAEPQAFIGVFLAQLARRLLRWAPSVTRVVSVGTRWAWCGTTLAHLERAGIGASAQLADTTADEVAAILFTSGSTGVPKGVVYRHRHFVGQIALLRETLGIVPGGVDLPTFPPFALFNPALGLTSIIPDMDPRCPARADPRKLHDAIARFGVNHLFGSPALLRVLAEYGKPLPTLRCVTSAGAPVPPYVVAQIRALLSDEAQFLTPYGATECLPIAVIESRELETTRAATERGAGTCVGHVIAPNLVRIIAIDDEGIAEWGGAREVDLGEIGEVTVVGPSTTDAYYNRTAATRLAKIRERLADGSERIVHRMGDLGYFDAQRRLWFCGRKTHRVETVQGPLYTEQVEPVFNVIDGVRRTALVGIGTLGAQRPVLCYEALPGVDVAALEQRLRATARAFIHTVGIVDVLGHPGFPVDIRHNAKIGRERLAVWAAQRLRC
OleD,WP_004088268.1,Xylella fastidiosa,323,969,N-term 6XHIS,Nde1/Xho1,before Xho1,WP_004088268.1 SDR family NAD(P)-dependent oxidoreductase [Xylella fastidiosa],MTVLVTGAAGFIGAHVCRALAARNDTVVGLDNYNAYYDPQLKRDRVTALCPDVYIRTLDLTDRERCAALFNEVQPDQVVHLAAQAGVRYSIENPHAYVDSNLVGFLNVLELCRHCRVQHLVYASSSSVYGDSAIPPFSEQQRVDQPRSLYGATKVANEVMAYSYAQLYGLRATGLRFFTVYGPWGRPDMAPLIFSRAVMEGRPIEVFNHGRMERDFTFINDIVAGVIGALDAPGEQAVPHRLFNLGNHTPVSLEHFIKVIEQAAGRPADKHYKPMQPGDMMATMADIAAARAAFGFEPVTSIEIGMPQVVEWCRHYFDTRAST
,,,Total kbp:,152.913,,,,,
,,Total kbp with pCOLA/pDUET: ,,305.826,,,,,