organism,genus,gene,aa_seq,phylum_l,class_l,order_l,family_l
Allokutzneria albata,Allokutzneria,WP_052408244.1_hypothetical_protein_[Allokutzneria_albata],MVSRHAHDFLAAFQDSVEHRPECTAVWWPAGGGAYSRMNYGELGALGEEYTRALWNAGLRRGMRACVLVPPGPELGALFFALVRIGVVPVLIDPGIAKTALRACIAESAPEAFIGVPLAHAARVVLGWGRSSVRVAITVGRRWFWGGPTLKSLCDQVGEEPPEFHPDPDALAGIAFTSGSTGPPKGVEFRGHHLGAQMRLAGQVFPVPSGMVGMSTFPPFSLAGPALGLSMVVPDMDPVHPAEADPATLVTEIDRFGVGGLFGSPALLDRLSRYCVTNDIELSSLSVVTSAGASLDPRIAERMRKCLPPDALLFSGYGATECLPVSVIESRDLLGEVRVASENGAGTCVGVPLPDNDVRIIRVDDGPIAEWSDDLLVPQGDIGEITVAGPSVSERYHDRPDATALHKIRDGERIVHRVGDLGWLDEHGRLWFCGRKSQRVRTAWGDLNTEQIEPIANTVRGVRRSALVGVGPAGQQQPVVCVETERGVRQSGRNRIAAEVLRLVADRGVRTVLFHPKFPVDVRHNAKIGRERLARWASRRAR,Actinobacteria,Actinobacteria,Pseudonocardiales,Pseudonocardiaceae
Saccharothrix espanaensis,Saccharothrix,WP_015101233.1_long-chain_fatty_acid--CoA_ligase_[Saccharothrix_espanaensis],MPDDLLLEVLRAAREHGPRPALTDARGRTSTYRELSDRVLGTAHRLRAEGMRTGTRMLFSVRPGPDAIVLALGTVAAGGTVVFIDPGVGPELFASRFALADPGWAAAESLLYAASAPGPLRALARRRGVLLPNYGRLPLRHIRSGPWLPGVPVRAVSTRSLFRAVPGAVPPDPDPDQEAVVVFTSGTTATPKAVVHTRGSLGAALRTLATRCELGPDTRVHTDQMMLGLPALVAGAHWTMPPYGFAPSADPAAVAAGLAGATHTFLVPADLAVILDSGVALPGSLRQVLLGSAPVLPPLLKRAQRALPDVEFLAVYGMTEILPVAIATADEKIGHGGDLLGRPLPGVSARLAPDGELLVSGPNLCRGYLGEPPLTEHATGDLARWDDDRLVLTGRKKDMIIRGRTNVYPGLYEPAIADLPGVAGAVMVGVPDAIGDERIVLVLTALPGTSAGLAQRVRAALPDLIDASALPDEVVLVDELPLAGRLRKIDRTALRERFAR,Actinobacteria,Actinobacteria,Pseudonocardiales,Pseudonocardiaceae
Actinoplanes atraurantiacus,Actinoplanes,WP_097326008.1_long-chain_fatty_acid--CoA_ligase_[Actinoplanes_atraurantiacus],MLAELIESLREGDDRPALPGATRGELAGLVRGYAVALAHLTPGDTIALAVRPGPRSLAILLAAYHLGLRIAVLDPTAGPDVLRARLALAAPKLVLADAAAQAVAGWAARLARRAHLALPELGAIAPVRTVGRRLPGSPPALRPLPGRLPQPYEGEGDAVIVFTSGTTSRPRAVVHTRRSISAGMTAVRDLVRPVPGAPVLGGTFFVLVPSLAGGAPVAFPSRRALARQVRELNPQATYLTPPQVRAGLAAGARFTGRVYSGSAPVSASLLSAVRRSGASEAWGVYALTEVFPAAAVEESAKASFTGDGDLVGPLLPGVTARVGDDGALFLAGPTAADRYLGEDPFAWVATGDMGRVLDDHSIVLGGRAKDMILRRAENIYPGLYEPSLHIAGVELALLVGVPAGDGDEQVVAVVQTSAGADQRSVRAALRDPLARMGSARPDRLVFAEIPLAGRSRKPDRRATALLAARR,Actinobacteria,Actinobacteria,Micromonosporales,Micromonosporaceae
Bacillus sp. 7586-K,Bacillus,WP_095301812.1_adenylate_cyclase_[Bacillus_sp._7586-K],MNKVRLLKHYILTKYGRKFHSRHEIENYQNKKIKKHLDFIVEKSPFYRSLYSEYETELKTNHWRKLPIIDKAMMMEQFDLFNTVGIKKEEALNLAFSAEKTRDFSPKINNISIGLSSGTSGNRGLFLVSDKESEMWAGTVLAKLLPGSLLNTHRIAFFLRANNNLYSSTENGKITFHYFDLLDDFQSHKTRLQDIQPTIMIGPPSMLRKIAEWQAEHQLHISPTKLISVAEVLEDIDKKFIEAVFKQQLHQVYQCTEGFLATTCKHGTLHINEDLVAIQKEYLDRERGIFVPIITDFTRITQPIIRYRLNDLLIERKTPCPCGSQFLALERIDGRSDDLFYGERYGEKEKKVLFPDFIRRAVMLASEHILEYKVIQKELNLIEVKIKVEQKNHEQEVKERIRMELIKLWKSFHLIEPTIIFSDYNILPSDKKLKRIESRL,Firmicutes,Bacilli,Bacillales,Bacillaceae
Bacteroides luti,Bacteroides,WP_073399364.1_long-chain_fatty_acid--CoA_ligase_[Bacteroides_luti],MTIEEIIYQNSLNEPNKIAVISGEISLSYSDLWLKIEEAASYFLLRTDINAGDRIIISASKNVNFIYSYLGAHLAKLICVPIDTETNEVRLERIYNQSQPKLIIGELRDSKGFDVIPFAEVSSETKQVYSFPDETSIADLLFTTGTTGLPKGVALSYNNLLSAAKNINSFIGNNSSDIELLALPISHSFGLGRLRCTLVQGATLVLLGSFASMKKFYNEIERCGVTGFGMVPASWAYIKKMSSERIAKYADQLKYIEIGSAFMPVEDKKLLMNLLPKTRICMHYGLTEASRSAFISFHDDIAHLNTVGKSSPNTEIEVYSEKGELLGPNKEGEICVKGNHVCSAYWGLPKSDFDNDFNGEFFKTGDWGYKNFEGYIYLKSRKKEIINVGGKKVSPIEVEEFINKIDGILESACIGVKDNVFGEVVKAFIVCDNEIKDAEIKEILKSQIENYKIPVYIEKIYEIPKTNSGKIQRLMLK,Bacteroidetes,Bacteroidia,Bacteroidales,Bacteroidaceae
Chlamydiales bacterium SCGC AG-110-P3,Chlamydiales,WP_088206053.1_peptide_synthase_[Chlamydiales_bacterium_SCGC_AG-110-P3],MSTLAFKSITSHIDRMALENPEMDALVVPTGKRVGGETEYTHLSFKELKRESEVIAAGLIKAGISKGSRTVLMLKPSLDFFVLTFAALKAGIVPIMIDPGLGVKNLKTCLQETHPEAFIGISKAHVARILFRWSKDSIKTLVTSGRRYFWGGYSLEDIKKLGRIDAGLQAPQIRPEDIAAILFTSGSTGVPKGVVYQHKHLVAQVEMIKKTYNIKPGEIDLPTFPFFALFDPALGMTAVIPNMDPTRPAKVDPRNLLEPIRRFNITNMFGSPALLNTFGRYCEKHTITLPSLKRIISAGEAVSPTVLDRFKHALSSTTEIYTPYGATESLPVSSIGSHEILEHAKKKTEQGAGTCVGKAVDSMEIAIIAIDDKPIEYWNETLQLQQGEIGEIVVKGPPVTSSYYNRTASTQLAKIKDGKTIRHRMGDLGYFDREGNLWFCGRKGHRVETENKCYYSVPCEGIFNVHPLVYRSALVSLTSDGAITPGVCIELKNGKRSAKKDELFKELRTIGSSYDQTKDIQYFFIHPGFPVDIRHNSKISRERLSRWAQKELR,Chlamydiae,Chlamydiia,Chlamydiales,Unknown
Agreia bicolorata,Agreia,WP_044441907.1,MDARFSRLVTVADGDSGRSATWHLLDNGPVLDELGVTPVGTLLCVHGNPTWSYLWRGLVAAATDAATTAAETGSGLVSSGVWRVVAVDQLEMGFSERTGTERGLERRVADLSALTDALELTGPVVTVGHDWGGVVSMGWAVDHSELLAGVVLLNTAIHQPEDRAIPWPLRLTLQRGMLGRATVATPAFLETTLALAHPALAADVKNGYRAPYRSADRRGGIGAFVADIPVDEQHRSWNELERIAAGVRELGVPSLMLWGPRDPIFSDTYLDDLAERMPQADIHRFEGAGHMIAEDVEYAPVVLGWLEARSLSLSKGTDSVDELPVDKLREQKASKRPLWSVLDELRGSTDIALVDMKPYRAVSWRLLSRRVRQLAAGLVRAGVKPGDRVSLLIPPSADLTAVLYACLRIGAVVVVADAGLGLPGLTRAVRGARPDHVIGALPGLTVARAFSWPGQKISTATLPLPTALALGVRHSLGEIARLGADESLPEPPAASAVAAVLFTSGSTGPAKGVVYTHAQLEAVRDALSSQYDIGVGTGLVAGFAPFALLGPALGARSVTPDMNVTSPRTLTAKATAEAAAAVDASVVFLSPAALANVVATSDALGLADTAALAGVKTFLSAGAPVPESLLAAAGRLMPNATPHTPYGMTEGLLMTDITLEGIRAAADDAAALPDGEHAGGVCVGAPAGSVRVRIAALDENGMPGGEPSEQPGVTGEIVLSAPHLKQSYDRLWATNRVADADSVPASAGDQGERWHRTGDVGHLDSAGRLWVEGRLPHVIVTAAGVITPVGPEQKIESLLGVNRAALAGIGPRGTQQLVAVLETEPAASRPAALGDSELAAAVRHATGLDIAAVLVVAALPTDIRHNSKIDRSALSRWAEGVLSGAKLSAP,Actinobacteria,Actinobacteria,Micrococcales,Microbacteriaceae
Arthrobacter globiformis,Arthrobacter,WP_003805731.1,MVTADWHGVDPAWSREIAVASTSAADEPGTVRRWHLLDNGAELSRRGLAPAGTLLCVHGNPTWSYLWRTLLAAGSDPAHPWRVVAVDQLDMGFSERTGRFRRLADRINDLGDLTDALGLDGPVVTVGHDWGGVISLGWALAHPQHVSGVVLTNTAVHQPSGAAIPPALRLALHPAVHRWGTTTSDTFLRVTHSLANPPLPADIRKAYMVPYRGAPRRAGVGNFVADIPADASHPSFPALSRVAEGLRGLKVPALMLWGPRDPIFSDRYLKDLISRLPHADVHRFEGAGHLVAEDRNIAAPVFQWLAGHRGTSGAGSPAAEAAATGGQGLKGAEERGRAGFRPLWELLGELAAGPAKGATAVAEMGPDGRVSRSLSWQQLDGNILDLAAGLREAGVRSGSRVSLMVPPGVDLTVALYACLRLGAVVVVADAGLGTSGLSRAVKGATADFLIGIDKALAAASVLGWPGRRISVQDLPAARRRIVGVETSLAALAGRGAGRGARRPTHTVDPAAPAAVLFTSGSTGPAKGVLYTHRQLAAMRDTVAETFGIRPGARLVAGFAPFALLGPALGTVSVTPAMDVTAPRTLTARALADAAAAIEATVVFASPAALRNVLATRDAVGGAGHKALESIELLLSAGAPVPEPLLAEVQRLMPRASLHTPYGMTEALPVTDISLEQIQAADAETAAGTVAGAGNGVCVGRPVHGARVAVVPLAADGTAPGSHLVTEAGVTGEILVSAAHVKEAYDRLWLTQRASTSLPGWHRTGDVGHFDAAGRLWVEGRLDHVVTAPGAAVTPVGAEQAIERLDCVRLAAIAGVGPAGTQAVVAVVETVPPARKAGPAAPELSGRVRRAAREAGVNVSAVLAVPALPTDIRHNAKIDRTRLSRWASRVLAGGRPGEP,Actinobacteria,Actinobacteria,Micrococcales,Micrococcaceae
Azospirillum brasilense,Azospirillum,WP_014198152.1,MAHLLHQFLSETAARRPHHTALIAGENAVTFAELDRQSDAVACALQSAGVVRGDRVAVMLENSIEYVAGLFGALKAGAVYVPVNPSTKADKLAYILTDAGVRALIAPSALARQVVPAAGEASHLATTLWVGPAVPAGAGGLSFTDIVATHPDPQSGGTKPQSRGLIDQDLAAILYTSGTTGRPKGVMLSHAALVNTTWSISTYLENTPDDVVMCVLPLTFGYGLSQILTGARVGFTVVLERSFAFPAETLARMVKHRITGLPGVPTFFSTLLGMEALKTADLSSLRYLTNAAAPLPTAHIDRLRERFPDAAFYSMYGMTECCTRICYLDPRDLGTKTASVGRAIPNCEAYVVDELGNRAAPGEVGELVVRGANVMRGYWNRPEETAKRLRSGPQGETLLYTGDLFTMDADGCLYFVSRKDDVFKCRGEKVSPKEVENALYELEAVVEAAVLGVPDSADGMAVKAYLVVRPGATLTEMAIRQHCRGRLESHLVPKFIEIRDELPKTESGKIKRAMLAETA,Proteobacteria,Alphaproteobacteria,Rhodospirillales,Rhodospirillaceae
Blastopirellula marina,Blastopirellula,WP_002653827.1,MTTAASSTSKNVGLLLAQVAAERGDAVAIATPGRRDADGRRVYQTITFAQLEADSTRLAAGLAALGVTPGTRLALLVKPSIDFVSLVFALFKVGAVSVLIDPGMGRKNLLRCLDQVEPEGFVAISIVQAVRVLMGRRYGQAKMNVTVGRRWFWGGPTIDDLRKTDASHFQPVAAAADDPAAIIFTTGSTGPPKGVLFRHEGFYEQVQQIRDRYDIQPGEIDLPGFPLFGLFNSAMGVTSVIPEMDASRPAAVNPLNIIEPIHDWQITQSFASPAVWNKVGLYCEQHEIRLPSLKRVLSAGAPVPPHVLRRMKNAIHADGDIYTPYGATEALPIASIAASEVLDGTELASAQGAGTCVGRRFSGIQWRVIRITDADIATLDQCEAVDEGEIGELIVTGPVVTHRYFTSEAATQAAKIADGERIWHRMGDVGYLDAEDRFWFCGRKAHRVRTIDGDMFTIPCEAIANNHASIFRSALVGVGEPGDQFPVMIVEPWSDKYPQSREAIDALLEEVRQLCAAHPLTETIHDFLLHPAFPVDIRHNAKIFREKLAVWAEERLNEPSQD,Planctomycetes,Planctomycetia,Planctomycetales,Planctomycetaceae
Brevibacterium mcbrellneri,Brevibacterium,WP_005885359.1,MSHPSQAAFGAAPATTPPDLAEWDPQWSRIVTVPTFDGERSFHVLDTLPALRERGLEPTGTIVALHGNPTWSYLWRRLAQATVDAADEPGARTWRVIAPDQLEMGYSERVEHSNLPTPLGDDPTQRRIAQRVADFDAVISELTAEVSATSGADHPLVTLGHDWGGVLSLTWAARNQDRVAAVMTLNTAVWHDDNENIPAALRAALTGPVLPYSTVRTDAFLRATLALSNSIPPEVANAYRSPYQTAAQRHGIGQFVADIPATSDHPSHGELQQLARDIATIEAPALILWGPKDPVFQERYLRDLRKRLPQADIHRFERTSHLFAEDVDYASTVLQWLAATLPVDGTEAAAGGAADSARTVTGETGPDAATDSNDDLPMIFDALDARHTDPSVASVDMSKDQAISWAQLSHVVDAIALSLQEKGLKRGDRVSLLVPPGNNLTAAAYAVLKAGGVVVVADAGLGAAGMTRAIKASDPQWIIGEVPGLTLARGAGWPGRRVSVTPLNALTRRLLGVETSMTEMSRRWVKSHEKIDTPHLDDDAAVLFTSGSTGPAKGVRYTHRALGALATVLQRHFDVKPGTGLVAGFPPFALLGPGIGASSVTPNMSVTKPRTLTARALAEAVAAGSCTMVFASPAAYTNVAATADELTDEQRAACAGVEMALSAGAPVPLELMRKIKSVFPNASVHSPYGMTEGLLLADITADGVAEAMEAASDHGVCVGRPIEGVRFAIAPILPDGSSSEELIELSSPGGSDVAGSEAVGVLGEFVVSADHIKSGYDRLWLTDVESKRDTAGGHTWHRTNDIGHVDAQGRIWVEGRTQHIVTTPYGPVAPGGVEAVVDTVPGVSRSAVVGVGPHGNQALVVVLERTDEMKPGLAGLDITAQIRETVLEKCDLDVAAVLVAKDFLTDIRHNSKINRERLREWAEDQLG,Actinobacteria,Actinobacteria,Micrococcales,Brevibacteriaceae
Cellulomonas cellasea,Cellulomonas,WP_034630946.1,MTSPGAPGPTAPASLPPRGLAGLDAGFSRLVRAPETPLTAVPEHGAGRAGAGSSAGPVRTWHVLDNGGRLDELGREPVGTVLCVHGNPTWSYLWRRLVAVATEAAAAGRPAWRVVAVDQLEMGFSERTGAHRPLARRVRDLGDLTDALGLAGPVVTLGHDWGGVVSLGWAVDHPDVLAGVAVLNTAVHQPAGTPVPAPLRLALRRGVLASSTRRTTAFLDTTLALAHPPLDPAVKAGYRAPYRSAGRRGGIEGFVADIPADAAHPSAAELDRVAAGVRALDVPALVLWGAKDPVFRDRYLDDLQARLPHADVHRFETAGHLVAEDVDHATAVLDWLDDRFGEHDAGGAYRAGAGGATLGADADTHGRHAAPGHVEDAPADVAAHAAPGVDRPAHPDGVADDDPRPGRPAHVGPGHVEDVPAGHPAHAAGGTAGEWGDRHPLWYRLESLAGSAETALVELAPSAGPAPRVVSWRLLARRVREIAAGLDALGVRRGDRVSLVVPPGADLTAVLYACLRIGAVVVVADAGLGVRGLTRAVRGARPDVVIGAAPGLSAARALGWPGRRISVAPLAPALARALGVEHTLADVAELGARREPPAPPGPDDTAAVLFTSGSTGPAKGVVYTHAQLAAACRALATRYDLGPGTGLVAGFAPFALLAPGLGARTAIPAMDVTSPRTLTAAAVADAAAAVDATVLFLSPAALANVVATADGLTAEQHAGLGSVRTFLSAGAPVPVELLARAAELLPHATPHTPYGMTECLVVTDITLDEIRDAAGAPGPDVPGGVCVGRPAAGAVVRISALDDDGAATGTPSTEPDVTGEIVVSAPHLKQGYDRLHLTDRASTLGTATSSGSDTGPRAGTGTGTAPGPGPGPERWHRTGDVGHLDAEGRLWVEGRLAHVVVTADGVVTPVGVEQRVDGVPGVARSALVGVGPRGAAVLVAVVETGPAARRPGLAAPDLAAAVRAAAGRPLAAVLVVPRMPTDVRHNSKIDRTRLAAWAEGVLAGRRARRP,Actinobacteria,Actinobacteria,Micrococcales,Cellulomonadaceae
Clavibacter michiganensis,Clavibacter,WP_015490788.1,MSASAAVDAATVPAAGPDGLPLPGLDPAWSRVVRAGGHGWHLLDTGERLAATGAPVAGTILCVHGNPTWSYLWRRIAAESLARAERDPSRPAWRVVAVDQLDMGFSERTGTARTLPTRLDDLQALTDELGLSGSAARAPVVTLGHDWGGVVSLGWALRNRDVLAGVMALNTAVHQEEGVPIPWPLRLALATGIHDAATRGTPGFLATTLALAHPPLDPAVRRAFAAPYRGADRRAGIRGFVADIPVGPAHPSHATLTSIAEGLRDLDVPALFVWGPRDPIFSDVYLSDLLERLPHAEVHRVEGAGHLVAEDHDYASAALDWLADRIAPGSDRSPAPARAAAPVRPLGALLEELRDSDDPVLVEMAPRGGGGPRTVSWRLLSRRVREIAAGLHARGLRAGDRVSLLVPPGADLTALLYACLRIGAIVVVADAGLGVKGLGRAVAGSRPDMVVGIPAGLALARALGWPGERISVTTLAPPVARALGVAASLPEIARDGRAQVLPPEPAADDDAAILFTSGSTGPAKGVVYTHRQLAALRDTLGSRFDVGVGTGLVAGFAPFALLGPALGATSVTPDMDVTRPRDLTASALAAAARAADATVVFASPAALANVVATADALTDADRAALGRVRSLLSAGAPLSEALLTRAAALVPAAQVHTPYGMTEGLLLTDVTLEGIRDAARRGDAGVCVGVPVDPVDIRISRLDADGAATGALTSEPGVTGEIVAAAPHVHDRYDRLHVTDRAARRDSADGIRRHRTGDVGHLDAQGALWVEGRLPHVITTADGVLTPVGPEQRAESAPGVGRAAAVGVGPAGVQQLVLVVETVPAARRVGLAGADLAGVVRAAVGDPVAAVIVVPVLPTDVRHNSKVDRARLGRWAAGILAGGRVTAP,Actinobacteria,Actinobacteria,Micrococcales,Microbacteriaceae
Dermatophilus congolensis,Dermatophilus,WP_051277576.1,MVTPVEIRSQLTGLPGIDPAWSRTVTAVDADGIDRTWHILDTHAPNGSDKETEPTHGTLLCVHGNPTWSYLWRHILAAPAPGWRVIAVDQLGMGFSENPRGSMAQPRTLAQRIKDLAGLTQALNLTGRVVAAGHDWGGMVATGWALEHRELLAGLVLANTTVHHDFDAGLPTALKFSLTPRTLRAATVDTPAFVRGTTAVSSPRPSRDVQNAYALPYRTRSDRSFVGQFVADIPTTSGHPTRATMRNLADGLSALGSETAPVPVLLLRGPKDSVFSEAHLRDLQARLPHADVHRYEGASHLVLEDAPRITEDIARWIETRVDQHGACINSDPAAHAGRPPQAPFAVGTPAQPWSGLTDLAHRDPEALCVAEVATGRRITFGQIDTDIEHVALGLRDAGLRPGDRVALLVEPGIDLTVAAYAAWRAGGVIVVADAGLGLSGMGRALRGAGVHHVIAMSKAMPALPALRVPGTRFLVGDLPRLARKALGVRASFDDLRARGRALAAGGHTLPASRKPEDDAAVLFTSGATGPSKGVVYTLDQIRAQVGGFGHIYRLTPGDRLVAAFAPFALYGPALGVAGVVPDMKVTAPATLTAAALADAVTAARGTTVFASPAALRNVLATSEQLQPSQRRALAGVKIVMSAGAPVPLTLLRRLSDTVFPHAEMHTPYGMTECLPVSDITLDELEQVYAPERMQDGVCVGRAIESVQIMVAPLPAVPDGPDGDLTAEAGVVGEICVRAPHMKDRYDQLWGVDDASKSPRGWHRTGDVGHLDGDGRLWVEGRRVHVIHTAEGPLTPVGLEQRVESLNGVANAAVVGVGPRGLQQLVVVLTPDERGLARAAGGVLADQALHTAVRAAADRPVAAVLVRDSMPVDIRHQSKIDRTALACWAEDVLAGNGGRR,Actinobacteria,Actinobacteria,Micrococcales,Dermatophilaceae
Geodermatophilus obscurus,Geodermatophilus,WP_012948568.1,MTAPDTTAEEAARLPPALPGLDPAWSRLVAVADSTGVKHTWHVLDNGVPDPVGTLLCVHGNPTWSYLWRRLLAAAPPGWRVVAPDHLGMGFSDRLPGPRPLRQRVADLGDLTAALGVTGPVVTVGHDWGGVLSLGWALAHRQDLRGVVLANTAVAMPEGDLGPALIRMASAPGVRATVTVGTPVFVRATTALSRPALPAGVRSAFAAPYRSPARRRSVGDFVADIPFSPGHPSRPAQEAIAEGIRTLDVPALLLWGPRDPVFGERYLADLRSRLPQARLHRYEGASHLLPEDAPRYAEAVAQWVTDLGTGTTEPPDRPAGHAARRLWTALDERSGDDAPAVVEVGGTTVSWSALARRVRNLAAGLAASGVRPGHRVALLVEPSADLTTAVYAVWRAGATVVVADKGLGLGGMRRALRSASVDAVIGSRPGLAAARLMGLPGSRFAAGRAGRAALRALGAAATLDELEARGRSAPVPAEGPVDDDCAVLFTSGATGPAKGVVYTHRQAAAQLDLVRSTYGLTADDRLVAAFAPFAILGPALGIGSAVPDVDVTAPGSLTAAALADAAAAVDATVVFASPAALRRVGATAGDLSSGQRRALARVRLLMSAGAPVPASLLRSLREALPAADAHTPYGMTEVLPVTDVSLAGIEAAGEGEGVCVGAPLPGVTVRVSPLSPEGTADGPLTDRPGVVGEVCVRAAHVKDRYDALWALERAASRDPGFHRTGDVGHLDPDGRLWIEGRLQHVIATASGPVTPVGIEQRVERVDGVTAAAAVGIGPPGTQVVVLVVVPSEGSSGRRRQRLGLAGPDLADAVRAAAGVDVAAVLTTSALPVDIRHQSKVDRGEVARRAARVLAGARAPRP,Actinobacteria,Actinobacteria,Geodermatophilales,Geodermatophilaceae
Gimesia maris,Gimesia,WP_002649035.1,MSDSQRNIADRLKQSAQAWPFQKAVVFPAGQDKQGRYTYSSLTFQQLDQESDRLARGLIQLGVQPGTRMALMVRPSLEFIALTFALFKAGAVIILIDPGMGRKNIMRCLAEVEPEGFVAIPLAQLIRKLKHRSFPKAHLNVTVGKPVLTSGIDYEWLLGGEWEPFEIVQRSVTDPAAVIFTSGSTGPPKGVAYEHGMFWSQVDLLRDYYQIQPGEVDLPGFPLFALFNSAMGVTTVVPDMDPTKPAQVDPEKIIRQINDQGVTQAFGSPAMWNRIGRYCEQHQIQLPSLKRVLSAGAPVPVHVIQRMRQTFTNSETDINTPYGATESLPVASICGRDVLEKTSEQTQSGAGTCVGTPFPGVQVKIIQIHNEPIRSIEHAVELPVGEIGEIIVQGPMATREYFQRPEATQLAKIPDGDRFWHRMGDVGYRDAEGKLWFCGRKAHMLETSLGAMFTICCEAIFNQHPRVYRSALVGVGSKPNQKPVIIVEPEQGDYPENQAVRDQFTHELLTLGRANALTESIETVLFHRSLPVDIRHNVKIFREKLTPWAEKQVK,Planctomycetes,Planctomycetia,Planctomycetales,Planctomycetaceae
Granulosicoccus antarcticus,Granulosicoccus,WP_088919873.1,MSNRPTAPASLPPAGIVGLEPEWSRLVHTPKIDAVGRTWHILDSWADRSDDATPALTLLCVHGNPSWSFLWRRLLAQVMEAHGDRIRLIAVDQLDMGFSERTGVKRPLAQRIDDLCQLTDTLRIKGPVVTVAHDWGGPISLGWALQHLPKANPDVSESSDSVQLAGVVLTNTAVHQPQGSPAPAVIRLIRSPLVLRNATVNTRAFIQGAIEMSRPALDARVRAGFHAPYLKRSQRSAIADFVADIPLDAKHESASTLDAIATGLTELAQIPALLLWGPRDKVFSDLYLHDLEQRLPHADVHRFPGAAHFVSEDADVAGAVIAWIDQYQLAVNDPAKASTHTAVSPDVPAQPDRRALSDFSVATATNDAIVEIAPVHRSISFGELTERVDHLAAGMNSFGINAGDRVAVMVTPGIDLCLAVYGCWRLGATLVLVDSGLGRTGMQRALRSANPAYLIGIDKALIAAKLLRWPGKRIAVGKRSSVMNKALSIASDMATLTERGRDQATPPWPAPETLAALAFTSGSTGPSKGVIYRHHQIQAQRDALMSLYQITQNDRLVAAFAPFALYGPTMGITSIVPDMDVTSPGTLNAQALADAVKLVNATLVFASPAALVNVIASKSKLTEPQQAACSDVRLVLSAGAPVRAKLLTQATSIFTCADVHTPYGMTEALPIADIALSELQQIGKEAASDNLHAGGVCVGHPLPGVLVHIDPLDPQGEPMGQLSGEPGKLGEIMVQAAHTRDSYDRLWLTNYRASQPAGWHRTGDVGQLDATGRLWVGGRLGHIITTPKGVLAPVASEQRIESLYDITAAAVVGVGPVGTQVVVAVVELLLTLTPRGGASMELTEKVRKVVGEEVDIAAVLVVKKLPVDRRHNSKVDRTAVALWASRTLSGDSVASL,Proteobacteria,Gammaproteobacteria,Chromatiales,Granulosicoccaceae
Halobacteriovorax marinus,Halobacteriovorax,WP_014243240.1,MIKAIVYHGSPGTEEDFKFLEGYLENVVMASRGKSYDGDIYIGYSFGSYFAIKDFVNNPKASKLILISPYLFSEPLGSLKKLLLSNSLSANFLISKLKDKIIDELIEKSAHPKSASNEYREIAARYNNVNILQRAALEKEIPASEIEDLCKKCKDREVVIIWGDQDQSTDLGHIQRIRKLITAKEITLTGAGHAIPWTHREEVMKYILENSKERIGYHSGESAGNNVATFLREHVRENPEKSVLTWVDLQKISGWKGDLNTPLPHESISVKELDHLVSKISGGLLKLGIKKGDRVIIFIPMSLQLYAAMFALQKIGAVAVFLDSWARRDQLGVSAQTAEPKAILSLEKAFMYLKGVQEIEDIELKISVGPVEGKYDSSLEELMQSEPNDEITPVEKEHTALITFTTGSSGKPKGADRSHRFLSAQHYALNRHIPYIESDVDLPVFPIFSLNNLAAGVTTVIPAIDVGAPNERDPLILIAQFLTMKVTCTTLSPSLLNAVSAFCLKNNLKLNGLKRIVTGGAPVSRDDVQRIKEAAPNAEILVLYGSTEVEPMAHIEAKDMLAQVGDDDPEIVEPGVNVGKFDSGLEVKYIKIINDPITINSESEWQDIEVAKGSAGEIIVSGEHVCRNYYNNEEAFKKTKIVDNQNRVWHRTGDLGFEDEKGDLWLVGRVHNAINRGGEYCFPVRAEIVMKRVSGLLHAAYLGIPDDRLTEKPIAVFSVKEGEDASLVRSEIERMLTKNEIIFDDIIHVESIPMDPRHHSKVEYHVLRDSLKNEGKI,Proteobacteria,Oligoflexia,Bacteriovoracales,Halobacteriovoraceae
Isosphaera pallida,Isosphaera,WP_013563922.1,MNVILASNRPTVSTGSISTDPLVALPDFPASWNSLGGALWSVSKRAATRVAMWDSTGASLTYSELLVRACVLWRALSRRLTAAENVGILMPPLVPSAVANLALNLGGRVPVNLNYTAGAEAVNSAIRQAGITHVVTARKATDRLGFVPDAEPIWLEDLPATITTIDKAWGFFVSKLGAGLASWFLPGLRGNRLDRLATIIFTSGSTGDPKGVMLSHRNILSNVMAVGCHLDFHDDDKLLGVLPFFHSMGTTICLWMALVLGIPVVFHSDPRDARVIGDLIERHELTILLGTPTFMRMYLTRCKPPQLKSLRYLILGAEKLKPELERDIREKLGITPLEGYGCTELSPVVSVNTPFEVTAPDGRTIPGNRVGTVGRPIPGTAVRTIHPETGEPLPPGTEGLVLVKGPQVMMGYLNKPEETAAVLKEGWYNTGDLGLLDADGFLKINDRLSRFSKIAGEMVPHVKVESAIMAVTGRNEQQVAVTGVLDHKRGEKLVVLYVPASDDAEHPVPPLEPEVVVKAIREAGLPNLWVPDPADFFEIDHLPTLGSGKIDLKALKQIARSKAGI,Planctomycetes,Planctomycetia,Planctomycetales,Isosphaeraceae
Isosphaera pallida,Isosphaera,WP_081458927.1,MMCAMILDVPRTGTPTTSAPFSYPSHNIAETLAARARECPEAIAVIDRTQSRSTRTGERVGIVVSTFAELETLASRAAVRWRALGIGQGTKTVVMVPPGRRLFATLFGLFKLGAVPVLIDPGMGVRSLGRCLSEARPQAFLGVARAQWARRLLGWARDSIRITATVSRTVEPHQAPCDFESVSPVAVNEQDLAAILFTSGSTGPPKGVEYTHGQFQAQLELVRKALGIEPGQVELATFPLFALFGPALGMTLVLPRMDYTRPARVDPEEILDALRRHQAVSMFASPALLRRVATSWLAQGTRPPTSLKRIATAGAPIAPAILEEFDRLIAPDAVILTPYGATEALPVAVLDHRTILSETRGGTERGRGVCVGSPIPGVTVDVIAVSHDPIAVWSDSLRLPQGQVGEIVVAGPTVTRAYHNNDEATRLAKIADPSATEGVRHRMGDLGCFDEQGRLWFQGRKAHRLVTAQGPRDTAPVEGVACSHPGVARAALVGIPGTTRLELVVWIEPKPSIRPRDWPTLTREVAGLLAERLPETPVDQVWALKRFPVDIRHNAKIGYEELTARAARRRGDRVSFEDERGLRTRAIGVQGINRTE,Planctomycetes,Planctomycetia,Planctomycetales,Isosphaeraceae
Kibdelosporangium aridum,Kibdelosporangium,WP_084433636.1,MAVVNLAANLARTAAQYPDRVAIRLDDTMLTYSELDDATKRAAGLLAEHGVQPGDRVGIMLPNVPQFAVLYYATLRAGAVVVPMNPLFKEREVAYYLSDSGAKVLFVWEDFQPGAKAGAKLADTACVVVDGSLTAAPPIDHVVDRADEDTAVIFYTSGTTGRPKGAEFTHANLMRNVEIAVRDLIQATAEDVVFGALPLFHVFGQTVGLNVVVAVGGCLTLMSRFDAAKALKVLQRDKVTVFEGVPTMYVALANHPDRANHDLSSLRVCLAGGAPLPAEVITAFEQAFGCVIMEGYGLSETSPIASFNVPGKRRPGSIGTPVSGVRFRIVDDHGEDVPPGEIGEITIKGHNVMKGYRGKPEQTAKAIRDGWFHSGDLGRQDEDGFYYIVDRKKDMIIRGGYNVYPREIEEVLYEHPAVGEAAVIGVPHTELGEEVAAVVALKPPATATADELRDFVKGKVAAYKYPRTVRIVGELPKNATGKILKRELRISHDRLD,Actinobacteria,Actinobacteria,Pseudonocardiales,Pseudonocardiaceae
Kineosphaera limosa,Kineosphaera,WP_006592559.1,MTAAATDRAGDAQPMPASTTARATKPMPGPEAVSRPEAIRRRLTGMPGLDPAWSRVVRAPDADGVPRAWHVLDTGAAQPARAESAHAESERAAPAAGGTILAVHGNPTWSYLWRHLLAAPPPGWRVVAVDQLGMGFSEDPRGDLTHPRTLRQRIDDLTALTEALDLGPSVVVAGHDWGGLVAAGWALAHRERLSGLVLANTTVQHDFSQGLPLPLRFATRPGLLRAACVSTPAFVAAATAISSPRPEADVRAAYAAPYPDAQSRSFVGQFVADIPARPGHPTGVTFLELADGLGSLDVPALLLRGPKDPVFSEAHLRDLRARLPHADVHRYEGASHLVLEDAPRSAQDIAAWIRTRVEGHANGSTRDDTTDDSTKDVEGRASAAESTRPELPPWAVGTSTHPWAELTRAAREDPDRLCVAEVATGRQATYAQVEDDVQAVALGLAQEGVRPGQRVGVLVEPGIDLTVVIYAAWRLGAVVVVADAGLGAAAMGRALRGAGTDHIIGIPKGIAALPALRIPGARFLAGELPAPARRALTVRATLDELRACGARLRSQGATLPEVVTGDADAAVLFTSGATGPSKGVVYRVDQLRAQIGGFGHIYGLTAGDRLVAAFAPFALYGPALGIGAVVPDMKVTAPSTLTAAALAEAVLAADATSVFASPAALRNVQRTRDDLTQQQRAALAGVRVVMSAGAPVPAALLRALLELFPQADLHTPYGMTECLPVSDITLAQIETLIEGEGVCVGAPLAGVELAVAPLPDDVGAPDGALTSEPEVTGEICVRAAHVKDRYDQLWATQHASADQPPGWHRTGDVGHLDGQGRLWVQGRRAHVVHTAEGPFTPVGLEQRVEALPQVDSAAVTGVGPAGTQGVVVVIVPNPDDDQRGSSTPGRRLPRIGTQQRAMPVLADPEVAAAVRACTARPVAAVLQVAAMPVDIRHQSKIDRTRLGRWAEMVLSGGAVGTP,Actinobacteria,Actinobacteria,Micrococcales,Dermatophilaceae
Kytococcus sedentarius,Kytococcus,WP_081439756.1,MPHTSRPRMTPLAQLPQVDPRWQHHLTLPARGDLPGARMAVLDTHSPAMVEAGARPQDVRHVLVCVHGNPTWSYLWRRVLEQAPADWRVIAVDHIGMGHSERTSTIRRLADRTDDLDEALTQLGVLGGDHGELPVSVMVHDWGGVIGLGWASRHPDRITSAVITNTALWQPDDRVPPGIRAARAAGLHRAATVGTPTFVHAAAWVGQPGPDREAAAALASPYARRDQRQAVGEFVADIPLESDHPSRHALEAAAAGATALDVPALVLWGANDPVFTDRYLRDVLDRFETTDVHRFGDASHLVLEDRPEGVGYAWDWLTSRTDDDSTDTTQDPAAAGQPGQPAPEQPAAGSGGVIWSRLTERAQREPDAVAIVELADAGRRTVTFAELESRVAELASGFRQHGVCPGTRVAVLVPPGIDLTAVVYAVWRAGGSIVVADAGLGVRPMAGALRSADPDLVVGIPAGLAAARALGVEGDRIVVRPTAPGAVASLAEGVADADLSLESVQAAGAASPVALAAPATEAEAAVLFTSGATGPPKGVVYRHRQLLAQRDVIESALELRAGESLVAAFAPFALYGPALGMTSAVPDMDVTSPDTLTAAALADAVDAVGADVVFASPAALRNVVATHDPAAPTLEGVRMVMSAGAPVPVELLERVRRVTPHAATVTPYGMTEALPLTAIDPRTVDAADLAVHAGVCVGQPVRGVELRIAPLDDGGEPGDDARLTTEPGTRGEVVARAAHVKSHYDRLWGTQRATAHPVGWHRTGDIGHLDDRGRLWIEGRGVHTVTTDQGPVAPGGIESRVERLEGVQQAAVVGVGPAGGQRVVVVVRPTEGIDLRLHAASPVASVEFSAAVREAASQGPGAAPVAAVLVRDSLPVDIRHASKIDRTALAGWAAQTLAGDGGSSLGDRAGRLLGAPRRLLGRLDRVGFRP,Actinobacteria,Actinobacteria,Micrococcales,Dermacoccaceae
Legionella brunensis,Legionella,WP_058441479.1,MSEPSPIVNISGFLSILAQRKPDKVALYVQTKTGQYLSYTYQELNQASHWIAKGLLIHGLKPKDRVVLMVKPGLMFFSLVFGLFKAGIVPVIIDPGLEKAKLKHALDQVEPIGFIGIPLAQIARILLKWGKKSIQQIITVGPRLFWGGTTLEQICQQGKETQSPLDLPVTHGNDIAAILFTSGSTGIPKGAVYKHSNFLAQVELIKKSFQIQPGEVDVPTFPLFALFDPALEMTSVIPNMDFSKPAKANPDTIIQLVHEFNATNLFASPALLDRLSRYAATKKLKMPTLKRTISAGAALHPKIVQQFKDTLNPNSELFTAYGATESLPVSLMGGNDILQDTQIKTHQGFGICVGKTVPPSDVKIIQIDDRPLREWNKQFVLPPGEIGEIVVRGPQVTESYFQMERETLLAKIPIDNHRDFYHRMGDVGYFDESGRLWYCGRKSQRVITKDQTYFTEVCEGIFNQHPMVFRSALVGVHVQGSIVPVICIELESNTKARFTSIQLELRQLAQKFPQTQRISYFLHHKKLPVDIRHNAKIIREQVAKWAAKEINK,Proteobacteria,Gammaproteobacteria,Legionellales,Legionellaceae
Lysobacter enzymogenes,Lysobacter,WP_074871001.1,MDASDAVCNIAASLPRLAAQSPQRVAMRCPGTRGPDGLARYDVELTYAELDRRSDAIAAGLAKRGIVRGTRTAVMVRPSPEFFLLMFALFKAGAVPVLIDPGIDKRALRQCLDEAAPEAFIGIPLAHIARVVLGWAKSARIRITTGARAFLADDTLARVERAGEGAGSQLADTKAEEVAAIVFTSGSTGVPKGVVFRHRHFVAQIEMMGEAFGIAPGGVDLPTFPPFALFDPALGLTSVIPDMDPTRPAQADPAKLHDALRRFGCDQLFGSPALMKVLADYGQPLPTLRRVTSAGAPVPPDTVAKLRELMHEDAQFWTPYGATECLPVAVIEGRELQSTRAATEAGAGTCVGRAVARNQVRIVRISDEAIEQWSDELLVPAGTVGEITVAGPTATDAYFNRDGMTRLAKIRERTAQGERIVHRMGDVGYLDEQGRLWFCGRKGHRVETANGPLYTEQVEPVFNTHPKVRRTALVGTGAQGQQRPLLWVELHQPRVGNRERERILAELREIGAGHAHTAGIERFRFHPGFPVDIRHNAKIGREKLALQARAIGD,Proteobacteria,Gammaproteobacteria,Xanthomonadales,Xanthomonadaceae
Marivirga tractuosa,Marivirga,WP_013453768.1,MEAGQFNIVSLFTESAKHFPDRIAIIEKETQITYSELAKEIDITAAYFQQKGISKGDRVLVFVPMGIDLYRIVLALFKIGATAVFLDEWVSFKRLNLCCKIADCTAFIGILKARILTFFSSEIRKIPVKLGINYKEVKNSYQYITTDLDDIALITFTTGSSGTPKAAKRTHGFLRAQFEVLEKKIDPEISKIDMPVLPIVLMINLGKGLTSVIADFKASKPESLKADKIIAQIEKHQVESIASSPYFVLNLAKYALENDHPIKNIKRIFTGGAAVFPEEAQSYVDGFPNSTSKILYGSTEAEPISSVNAKELAHRNLTKDKGLFVGPIDASATVLIMPIEDRALEFNSLNDLQNFSLDDGEIGEIIVSGPHVLKEYVNNPDAMKRQKIWVEGRCWHRTGDSGFRIGNELFLTGPCNALIQNEAGFLSPFLYEEILKSNNGVKAGTIIRIRNKNYAVVEIETKADSNAITKELLRIYAIDDVHFMEKIPRDPRHFSKIEYKKLKLILKQKLK,Bacteroidetes,Cytophagia,Cytophagales,Flammeovirgaceae
Microlunatus phosphovorus,Microlunatus,WP_013865924.1,MNSARTAAAPLLDGLPGIDPTWSRRVDVPDADQIVRTWHLLERPANSESPIGTMICLHGNPTWSYLWRRFLQLAPDGWRVIAPDQLSMGWSEQLEQPRSLAQRIDDLARLTEALGVTGPVVAVAHDWGGPVLLGWAERHRDQLAGIVLTNTGVAIPAGTTLPPLIRIARSAPMLESVCVRTPAFVRGATAISRPRLPKEIRDAYASPYAIAGRRRAVRDFVADIPLESDHPSRAALDQVVDGLANLADVPTLLAWGPRDPVFSIRYLHDLRRRLPQADIQLYPAASHLVVEDAPTAAADIWEWVQQAPLSADPHRALRHPADPESEITTEVRPLWAGLLERADDPATAIAELGPRGVVPISFAALERRVADLTIGLVRAGVGPGQRVAVLVRPGIDLTVAVYACWRAGAAIVVADAGLGLRNLGRALRSADPDHLIAIPAGLTAAHALRVPGHRIVAGDLPPIMRARMRVSHTLAELEELGRHARQLDQRAGIPELTPPAELTELAAIPPSPGPDAEAAVLFTSGATGPSKGVVYRHRQLRAQIDLFGRVGDLRPGARLVAAFAPFALYAAALGAAAAVPDMDVTKPGTLTAKALAEAVAAVSATVVFASPAALRNVVATADGLTDDLRAQLGSVRILLSAGAPVPLPLLRRVQALLPNAELHTPYGMTEALPATDVTMAEIEQAVAEVGSRANGVCVGRPVPGVRIGIAPLGPDAVPAGEPVDVTDRTDLTDCTGEICISATHVKDHYDRLWLTQQRSVAAGQQQAGQRRTGWHRTGDVGHVDARQRLWVEGRLVHVITSPAGPITPVGIEQRVEALPGVELAAAVGVGPAGTQQTVVVLVPTGGATARRPLAPAALAASVRQAAGSPIAAVLVTDRLPVDIRHASKIDRSRVARWAEQVLAGDSLLHRDRRP,Actinobacteria,Actinobacteria,Propionibacteriales,Propionibacteriaceae
Micromonospora peucetia,Micromonospora,WP_091632187.1,MHGGRLRPEHVRPGGRVVSNRNALPPLGLPGLDSAWSRWVTAVDSQGVQRTWHVLDTAATDSGGPIRHIGTLLCVHGNPTWSYLWRHLLARFERADAPPWRVVAVDHLDMGFSERTGTVRGLAQRIDDLTTVTDALGLTGPVVTVGHDWGGSISLGWALRHRDQLRGVVLTNTAVHQPSGSPAPTLIRLARLPGVLPAVTVRTPTFLQATLALANPWLPEPVREGYSAPYRTVDRRAAIGGFVADIPLSPDHPSWPALQEVAQGLHTLAETPTLLLWGPRDPVFGEVHLRDLRNRLPHAQLHRFEGAGHLLAEDADVAGAVAQWLVDLDRRPADPIATPEPAAPWRPLWAALAERAEDRSVALVELANNGRQVSWSLLWQRIREIGAGLSASGVRRGDRVALLVPPGADLTAAVYACLRIGAVIVVADPGLGLAGMNRALRSADPSYLVAIGRGLVVARALRWPGRRFGAGPGAAVLGALTLGRLARLGAGVRELPAMPDPDDDAAVLFTSGSTGPAKGVVYTHRQLAAMRDALFELGVNADAGIVAAFAPFALFGPALGAPSAIPDMRVTAPRTLTATALAEATAAVDASAVFASPAALRNVVDTRDALDDRQRTALEGVTLLLSAGAPVPAVLLTQTRALMPKAQPHTPYGMTEVLPVTDITLDEIVDTEPGDGVCVGRPLPGVQVAIAALDPTGTPSEQPGCAPGLTGEILVRAGHAKDRYDALWLTERDSSRNPGWHRTGDVGYLDPDGRLWVQGRLAHILVTSDGVLSPVGIEQQVESLPQIARAAVVGVGPPGVAQVVVIAETLPGARRARLASRELADAVRTAAAPPVAAVLVVPSLPTDIRHNSKIDRTRLRRWAERVLAGGRVSGL,Actinobacteria,Actinobacteria,Micromonosporales,Micromonosporaceae
Mobilicoccus massiliensis,Mobilicoccus,WP_040156583.1,MPGIDPSWSRLVEAPDADGIRRTWHLLDTHAETEDAGERPRGTLLAIHGNPTWSYLWRRLLAAAPPGWRVVAVDQLGMGFSDRPHGSMSAPRTLAHRIEDLSRLTDALDLGDRVVVAGHDWGGMVASGWALRHRDRLAGLVLANTTVWHDFQAGLPLPLRFAVVAGLLRAATVDTPTFVRGATAVSSPRPPRVVRRAYAAPYRSRAEREFVGQFVADIPADPADATRTTMAELAEGLAALGAEPAETRVPALLLRGPKDPVFSEDHLRDLRRRLPHADVHRYEGASHLVLEDAPRTATDIATWVRTRVDGEVSDGDPRAASERPPAAWAVGTSGCPWAGLTQMAREQPNALCVAEIRGGETVASVTFGQLEETVEHLALGLREAGVRPGDRVGLLVEPGIDLTTAAYACWRAGAVLVVADAGLGLPAMGRALRGAGTDHIIGIPKAITALPALRVPGARFLAGEMPGAVRRMLGVQSSLRELIARGRDLAGHGERLGDLGALGRAGSSDAAVLFTSGATGPSKGVVYTVDQIRAQIGGFGHIYRLRPGDRLGAAFAPFALYGAALGVAGIVPDMQVTAPSTLTAAALADAIRAADATTVFASPAALRNVLRTAADVDEAQRTALSRVGIVMSAGAPVPLTLLQELRSVFPVAEMHTPYGMTECLPVSDVTLAELEQIAESGETQEGVCVGVPLDGVSIAIAPLAREHGDGDGPLTTEPGVTGEICVRAAHMKDRYDQLWAVDHAAADHPRGWHRSGDVGHLDDAGRLWVEGRRVHVVHTPRGPVTPVGIEQRVETSSQVGSAAVVGVGPAGVQQIVVVVTVGDEEAVTQRESDPRRVLAGDELADEVRALAGVPVAAVLVRAAMPVDIRHQSKIDRAELAAWAESVLAGRSER,Actinobacteria,Actinobacteria,Micrococcales,Dermatophilaceae
Mycobacterium gordonae,Mycobacterium,WP_069433349.1,MEQIVNALSANLIASKDRHADRIALRCDDIELTYAELDAAASRVATLLERAGIGPGDRVGVMLPNTPAFAIAFYGILYRGAIAVPMNPLLKSREVAYYLSNSGAQALFGTTLFADEATAGAQETGARCWLVDDAGLAQLTEDLPAQDEPVARADDDVAVILHTSGTTGKPKGAMLTHGNLSRNADISVRTLIKTGPDDVVMGCLPLFHVFGLTCGLNGSILAGATLTLIPRFDPRKALEVIGRDAVTVFQGVPTMYSALLSLAGDVAPEAIASLRTCVSGGASLPVQVLSDFENAYGCAILEGYGLSETSPVASFNHPDRPRKAGSIGTPVHGVEMRVVDPHGAEVAQGEPGEIQIRGHNVMKGYWNLPDATAAAVSADGWFSTGDVGRVDEDGYFYIVDRTKDMIIRGGYNVYPREIEEVLYEHPAVAEAAVVGVPHPELGEDVGAAVALKNNASVDPDELREYVRARVAAYKYPRQIWLVDALPKGPTGKILKREISVPANEST,Actinobacteria,Actinobacteria,Corynebacteriales,Mycobacteriaceae
Myxococcus fulvus,Myxococcus,WP_074958408.1,MGQTPEAVYKHISRVSLGDVIRRSALRWPERTALIDGELELSYAELDRRANAFAHHLLGQGLAPGARVAMLCGNSAQMVTAFFGIYKAGLVWVPINTGLSVEAIGYILEHAEVSRVVIDLELLAKPELRAMLDARGLGLIVCVPEGQAAPGGGAVAFLDTLKGQHGTPPAVDIESTQLAQIMYTSGTTGQQKGVMHSHASIHSALSGNLFELELRPSDVTLCVLPMFHCAQHAVSVSFLMAGATVIVRRVFEPGAMLATIERRGVTFLLGLPIMYGAMLAHPARPTTKLSSLRMCLYVMAPMARTMLVELLEKFCPGGFALASGQTEMYPATTMFKPEQQLKRFGSYWGDSVVTNETAIMDDEGRLLGRGEVGEIVHRGPNVMLGYYKDPEATERARAFGWHHTGDLGMFDADGQLLFVDRKKDMIKTGGENVPSIKVEEVLLRHPAVLQVAVVGLPHPRWAEAVTGFVVLKPGASATAPDLITHCRQHLGGFEVPKSVVLLEAMPQTSTGKAQKFVLRQRFEQHYQDGAA,Proteobacteria,Deltaproteobacteria,Myxococcales,Myxococcaceae
Nakamurella multipartita,Nakamurella,WP_015749355.1,MVAPTVPPAPARRPPADLDGLDPAWSRLVRVPGTDGVGRTWHLLDNRTADPALTLLCVHGNPSWSYLFRSLLRQAPPRVRVIAVDQLDMGFSERTGRLRRAGDRIDELTELTDELRLTGPVVTVGHDWGGAISLGWALRHRDRLAGVVLTNTAVSGTRGPAVIRLVRSRWLLPTLTVRSTAFIDGALAMSHPRLRGPVRRAFRAPYRSADRRAAIEDFVADIPIETDHPSAAVLDGIAGGLDALSRVPVLMMWGAADPVFSDTYLHDLERRLPHADVHRYARAGHLLPEDADVAGVVVDWISTLGRRRPDRAAAEPVHAAVTHEPATDELITDEPSTLPDPHGELGDRPAILELGAPGRPAGARSVTFGEFADLVGRTAAGLGHTGVRPGDRVALMIPPGIDLAVTLYACWRIGAVAVLIDSGLGPAGMSAAIRAAAPAYLVGIPKALVAARALRWPGRRISTRTLRAPGLLDVVGDLPTLRTATAPLPPPPTTADEAAVVFTSGATGPSKGVRYTHGRLTAQRDVLAGLYDVTPDDRLVAAFAPFALYGPAAGIPSVVPDMDVARPGTLTATALGDAAVAVDATLVFASPAALANVVATRDALTEAHRAAFARVRLLLSAGAPVRPSLLAAAAELFPNAAAHTPYGMTECLPVATISLAEIRAATGGDGVCVGSPAPGVAVRIRRLDERGRPTGDLLEQPDVLGEVVVRAAHARAGYDRLWHTEFLASQPAGWHATGDVGRLDRAGRLWIGGRLGHVITTPDGPVAPVGLEQAVEDLPGVRAAAVVGVGPVGAQQLVVLLTVDPDGRFDPPSRPRLAGLDRLDQVRAVAGDRDVVAVFELPRLPVDRRHNSKIDRTRLAGWAARALQGRRPRTP,Actinobacteria,Actinobacteria,Nakamurellales,Nakamurellaceae
Nocardia brasiliensis,Nocardia,WP_042260945.1,MSSATYWQAIDRFRAFARAEPDREAVIYPVGTDAAGLPAYRHISYRELDDWSETIAERLTASGVGSGTRTIVLVLPSPELYAILFALLKIGAVPVVIDPGMGLRKMVHCLRAVEAEAFIGIPPAHAVRVLFRRSFRKVRTTVTVGKRWFWRGAKLAAWGTTPSGGAVDRVPADPGDVLVIGFTTGSTGPAKAVELTHGNLASMIDQVHTARGEIAPETSLITLPLVGILDLLLGSRCVLPPLIPSKVGSTDPAHVAHAIETFGVRTMFASPALLIPLLRHLEQQPNELKTLASIYSGGAPVPDWCIAGLRAALTDDVQIFAGYGSTEALPMSLIESRELFDGLVERTHRGEGTCIGRPADRIDARIVAITDDPIPTWARAEELAGDLARSRGIGELVVAGPNVSTHYYWPDTANRQGKIVDGDRIWHRTGDLAWIDDAGRIWFCGRKSQRVVTADGPMFTVQVEQIFNTVAGVARTALVGVGAPGAQRPVLCIELKPDAEGAAVGAALRARGAEFDLSRPIADFLIHPGFPVDIRHNAKIGREQLAQWAGEQLGARA,Actinobacteria,Actinobacteria,Corynebacteriales,Nocardiaceae
Okibacterium fritillariae,Okibacterium,WP_079726386.1,MPGAARTPAPASMPPQGLPGLDSRFSRIALVPDSGDAIGTTRGWHALDNGAELDRLGVTPVGTILCVHGNPTWSYLWRELVQQATDVAATGSGDAWRVIAVDQLDMGFSERTGVHRPLAQRVRDLADFTLAIGLEGPVVTLGHDWGGVVSMGWAVDHPELLSGLMLLNTAIHQPSDAPIPAPLRLALARGVFGQATVATPAFLETTLALGHPAVSRAVKDAYRAPYRGAARRGGIGGFVADIPVDASHQSFAELSRISSALRRLTVPAVMLWGPRDPIFSDRYLDDLIDRLPHADVHRFEGAGHLIAEDVDYADALLTWLGDNAARVTTGAARSEQPTEDYADTVATGSKAALVEKASDDAGTGAAASDRPLWHYLDELSDSGETALVEMNPGNGAEPRVVSWKLLSRRVREIAAGLAGVGVKKGDRVSLLVQPGADLTAVLYACLRLGAVVVVADAGLGLPGLTRAVRGAQADHVIGAAPGLAAARALGWPGQKISVTTFPRAVARALGISHTLAELVRDGRGATLPEAPAPSDTAAILFTSGSTGPAKGVVYSHAQLGAIRDTLAAQYGVGVGTGLVAGFAPFALLGPALGARSVTPDMDVTSPKTLTATAVAQAAAAVDATVVFLSPAAVTNVVATADALTDAQRHALAGVQTFLSAGAPVSESLLAAAADLMPNASAHTPYGMTEGLLMTDISLDGIRAAAASRAVGGVCVGTPAASVQVRISALDDLGQPTGEPTTEAGVTGEIVVSAPHLKSNYDRLWMTDRASRVGTDSAFADRRDAGDASPGAVSAAAAAASTRTRWHRTGDVGHLDEAGRLWVEGRLPHVIATPDGVVTPVAPEQRVESLDRVARAAVVGVGPRGTQQIVVIVETASPARRVALADRELTSSIRGVAGVPVAAVLEVPRLPTDIRHNSKIDRSGLSRWAADVLAGGRMRQP,Actinobacteria,Actinobacteria,Micrococcales,Microbacteriaceae
Pelobacter acetylenicus,Pelobacter,WP_083558809.1,MERQGHRVTVAGDRHRTGLSPRVSKGHTRAYARGESITPDERPSWQGIPGIHLVLSESAMNIIQMLQLQTMRRPTAAAIIEPAGRLKDRIATFASLEESSARGAAFLKECGLRSGDVVLVFQPMSIDLYILLLALFRGGMIAMFLDPSAGLKHLETCCSILPPQGFVGPPKAHLLRLASPALRSIPLHLVIGRSLPGARSWKNAEDFAPLREDPPDSPHAPALITFTSGSTGAPKGVVRSHGFLREQHRILEQTLAMNAGDRDLTTLPVFVLANLASGVTSIIPDADLRRPGFIDAAPVLRQINRLGPVRTVASPAFLECLCIAQFRNGGPVHGFRQVFTGGAPVFPQTLQRFAHIFENADIIAVYGSTEAEPIATIRWADVTAQDKGKMVSGAGLLAGIPVPGLRVGILDNRRIVARGVWKSAQFSDFLLPAGETGEIIVTGEHVLKSYLHGHGDSETKILMDGDVWHRTGDSGYFDQRGRLWLMGRTSAVIQDHRGTLHPFAVECAATQYPGVCRSALLQHGRKRLLLVQPRDAAGCVSLKGLSETLSWAGIDEVRCLKRIPCDKRHNAKVDYPALIRMVEKHRR,Proteobacteria,Deltaproteobacteria,Desulfuromonadales,Desulfuromonadaceae
Photorhabdus luminescens,Photorhabdus,WP_049585118.1,MTNICQPIVDAAQKHPEHLALQAPHSRDHGRGLSFQEFFSHASHFQHQLTQAGFVAGDRLLVIIQPGLVLYPLLIAILGLGLVPVMLERGLSKKQLREILRRSKLSAVITQPTLGKFWFLIPELWRMRRFVIGQRIWGMKALEAPSQHLPLNNFICRDLPPDTTGLITFTSGSTGIPKGANRTHDSLLAQLYAITALFSEGKSEIDLHSFPVMVLHSLCCGNSSILPDFDFAHPATVDPQKLVRQVQDKGVTCLSGAPAYMGKVTGYAKSKGLSFPNVRTVIVGGAPANKALLENCLTVFPHARHLVVYGSTEVEPISTVEMTTQLNHWATHDGYLVGKPVTQAEICIREITANPQQITPLAAGNAGEVLVAGPHVLKDYIDNPQATKENKLPRKQGGIWHCTGDVGYLDTTGQLWLLGRVKDKVVLDDGRIIHPYVLEKRINELPEVTQNAFVPHPLGGAALILESATLPTDLPAILDELALTLVTRIYYVNPIPVDIRHNSKINRIALINMLAKGQLSSIPHKEKL,Proteobacteria,Gammaproteobacteria,Enterobacterales,Morganellaceae
Pirellula staleyi,Pirellula,WP_012912112.1,MTSEVVNVAARLTLCAQQRPDDLAVIMPGGRRSDGKAKYKTISFADLDRDSSTIASGLLSHGLRPGMRVVLMVPPCIDFITLVFATFKAGLVTVLIDPGMGRWNLIQCLEESRPEAFIGIPLAHAVRCLFSRRFPLLKHLVTVGRRWFWGGATLDDIRRKAAADFAIAPTQASDAAAIIFTTGSTGPPKGVLYRHGNFDRQATEIRDFYGIEPGGVDLSGFPLFALFNAAMGMTTLIPEMDATKPALVDPRKIIEAVRDWKVNQAFGSPALWNRVGRYCETSGEKLPTLRRVLSAGAPVPVHVLQRLKKVIHPEGDIHTPYGATEALPVASIAASEVLRETGALSAEGKGTCVGRKFPGIEWKVIAISDGPIDSIEQATMLADGEIGELIVRGPVVTSEYVTRTDCNPLHKVRDGNSFWHRMGDVGYLAEDPQHAGEKRFWFCGRKSHRVLTPDGTLYTIPCEAIFNQHARIYRSALVGIGKPGEQRPVMIVEPWPEQFPTSSKDKRQLIEELKSLGQTYDHTRAISDILVMRAMPVDIRHNAKIFREKLAPWAAKQLGIRT,Planctomycetes,Planctomycetia,Planctomycetales,Planctomycetaceae
Pseudonocardia thermophila,Pseudonocardia,WP_073456619.1,MSVYDEKPWLARYDQGQPAEITPEYPNMLELFRATVARNGSGDAIRYFDRKISFAELDELTDAFAAGLIAEGFQRGDRVALFMQNVPQFVIAQLGTWKAGGIAVSINPMNKERELTELLKDSEATVLVALQSLHRDVASKVVPGSTVRTVITTSELDFQTRNEPAVFSGVERIDCPGTIDMLELLEKHKGSKPPAVDLKPEDVAFLTYTSGTTGPPKGAMTTHRNVVFNAQSYRDWIGIGPDDVVLGVAPLFHITGLVGHIAISLLAGAPLVLMYRLDPALTIETIAAEKATFTVGSITVFIALMNAKNAEKDKLASLTKIYSGGAPIPPSTVEAFRSTFGHYIHNIYGLTETTSPSHAVPLSAEAPVDPASGALSVGVPIYNTVVRIVDEDGKELPPGEVGELVTEGPQVVAGYWNKPAETEKALPGGRLHTGDVGYMDENGWFYIVDRKKDQINAGGYKIWPREVEDVLYEHPAVREAAVVGVPDEYRGETVKAFVSLKEGASVTPEEIIAFTKERMAAYKYPRLVEIIDEVPKNASGKILRRELRARG,Actinobacteria,Actinobacteria,Pseudonocardiales,Pseudonocardiaceae
Rhodococcus rhodochrous,Rhodococcus,WP_059384451.1,MTIYDDKVWLSQYDAAQRQPRTIEFDDALAMFRATVERDPDADIIRYFDGRITAGELDELSDAFAAGILDAGFRPGERVAIYAQNVPQFVIAQLGTWKAGGIAVSANPMYRERELEEILRDSGATVLVALQSLYTDVAAKVVESTDVRTVITTSELEYQSANSGTLAGVERIECAGTTDMAEMLTAFRGRTVPPAEIGPETVAFLTYTSGTTGPPKGAMTTHRNVAFNAQTYRDWIDIGPDDVVLGVAPLFHITGLVGHIALSLLTGAPLVLMYRMDPADTIDTIEKQRATFTVGSITVFIALMNAPNASKEALASLTKIYSGGAPIPPSTIAAFEERFGHYIHNIYGLTETTSPSHGVPLGRRAPVDELTGATSVGVPVYDTVVRIVDDNGNDLPPGEVGELVTAGPQVVAGYWNNPEATANSIPNGVLHTGDVGYMDSDGWFYIIDRKKDQINASGYKVWPREVEDVLYEHDAVREAAVVGVPDEYRGETVKAFVSLRPGATVTPDELIAFTKKRLAAYKCPRFVEIISDIPQTATGKLLRRELRTATQS,Actinobacteria,Actinobacteria,Corynebacteriales,Nocardiaceae
Rothia mucilaginosa,Rothia,WP_005508111.1,MRHLNFPKAQPPYNPEEWAGVNPRYSHLLEVPTSAPIEQRAQQAGARRWHYLDNLPVLVEQGLEPIGTILCVHGNPTWSYLWRTVLDAGVNERAPWRVVAVDQIDMGYSERTHLDLEGERRSLTDRIADLGDFTKALGLDETDKPVVTLAHDWGGLVSFGWALEHREILSGVMLTNTAVYHDGIENIPAALRLALGVHEWGTHDSTAFIDVTLGLAQNEGRLPAPGSAGAGALDGALPQPVGQQPKRLYPSPLNEAIYRTYRAPYAHSAWREGVRNFVGDIPTGTDIPSYTPMQRIAEQIRDLDVPAFFQWGTKDPVFQRRYLFDLMERMPQAKVHRYEKASHLVIEDYDIATPMISWLAQTFGTREDGALVPPHNVEAEHRAARARRHGLTTGEGTAAEGAEGAVPAAFRPMLAALTERANDTSTAVVDMDPKGDGTSVSVTLTWAELNQQVNAAATRLHALGVRPGDRVNLMVPPGARLTTLIYACMKLGAVIVVADTGLGIPGLTRALKGANPSFLVGIPTALSAARTLLWPGVRISVEPLGSVQEKLLGVAGSVFTAPAADGTPGAPVPTPTVVEFPSPVPDADAAVLYTSGSTGPAKGVVYTQRQLAGMRDAIANTYGFAPGSGLVAGFAPFALLGPALGATSVTPTMDVTRPKTLTASALASAAAAIDASVVFASPAALVNVVATADELSGEQRAALAKVQTVLSAGAPIPVPLLEALSALVPNASLHTPYGMTEGLPVTDVSFEMIRQAIAEGTPNAAGEVLDPFARDGVCVGFAVYGAAVAIAPLLQDGSVADELTHEPGVTGEILVSAPHVKDRYDTLWVTEEQSISTPGWHHTGDVGHLDASGRLWVEGRLAHVLLTSQGVLTPVAAEQSAESLPEVRRAALVAVGPAGTAAPVLVIEASANTATLEARQSASGLKRALLDRVPGARRFPIAEGVAPFELSQLVRQKVAEDTGVELAAVLVVHEHPTDIRHNSKIDRPALGEWASKVLAGA,Actinobacteria,Actinobacteria,Micrococcales,Micrococcaceae
Saccharopolyspora rectivirgula,Saccharopolyspora,WP_029720995.1,MSAYSSKPWLARYAPGQPAEITPEFANALEMFTASVRRNPDGDIIRYFDGRITLRELDELTDAFAAGITDAGFSPGERVAIYAQNVPQFLIAQIGTWKAGGIAVSVNPMNRQRELELILQDSGASVLVCLESLHRDVAREVLPRTQVRTVITTSELEYQTRNDERLFAGVERIPCDGTVDMGEMLREHRGRAAPPVSLAPDDVALLTYTSGTTGPPKGAMTTHRNIVFNAQTYRDWIGLSGDDVILGVAPLFHITGLIGHAALAMLTGAPLVLMYRLHPSVTIETIQAEQATFTVGAITVFIALMNAPNASKEALTSLTKIYSGGAPIPPSTVRAFQEAFGHYIHNIYGLTETTSPTHAVPLGADAPVDPASGALSVGVPVFNTVVRVVDDDGQDLPPGEIGELVTSGPQIVAGYWNKPEETAEAISNGWFRTGDVGYMDSEGWFYLVDRKKDQINASGYKVWPREVEDVLYEHEAVREAAVVGVPDPYRGETVKAFVSLRPGKTAQPEELITFCKQRMAAYKYPREVEVLDELPKTVTGKLLRRELRARHQQS,Actinobacteria,Actinobacteria,Pseudonocardiales,Pseudonocardiaceae
Sanguibacter keddieii,Sanguibacter,WP_012868614.1,MNPTLPAAASTTAAATLPPALDGLDPGWSRLVEAPDSEGTTRTWHVLDNAARLEQVGAVPVGTILCVHGNPTWSYLWRGLLAAATEQAQAGGAAWRVVAVDQLDMGFSERTGQPRRLPQRVRDLDRLTTALGIDGPVVTLGHDWGGVVSLGWAVDHPDRLVAATVLNTAVHQPETDPIPAPLRLTLQGPVLGPATVSTPGFLATTLALARPALSPEVRDGFRAPYLSADRRGGIGAFVADIPVDETHPSHAELDRVAEGLRGLTVPALALWGPRDPIFSDRYLDDLTDRLPHLDVHRFEGAGHMIAEEVDYAGAVLTWLDDLPSRTAAAAQDRAQDRAQARAEAGVEAGADRDARPSTAAAAGWTTAPLWQQLEEHRDSDGTVLVEMAPSTGVGPRSVSWRLLSRRVDEIAAGLLALGVQRGDRVSLLVPPGADLTAVLYACLRVGAVVVVADAGLGLRGLTRAVRGARPSYVVGALPGLSAARALGWPGLKISTTALPAATARALGVSHSLLDVAGLGAQRLEGTTLGALTGTPGPDDTAAVLFTSGSTGPAKGVVYTHGQLAAVRDALASRFGIGPGSGLVAGFAPFALLGPALGARSVTPDMDVTSPSTLTARATAAAVAAADATTLFLSPAAIANVVATADELTPEDHEALARVQTFLSAGAPVSGSLLAAAERLMPHASAHTPYGMTEGLLLTDVTADEIRAAEASGGRGVCVGRPVATATVRVVALDELGRATGDLTDAADVTGEIVVAAPHVKDRYDRLWLTEHSSRAVDGPAAPDGLRWHRTGDVGHLDADGRLWVEGRLAHVVVTAHGVVTPVAPEQAVESSRLVARAGVVGVGPVGTQQLVAVVETVDRARRPGLAPHEVAADVRALSPEPLAAVLVVPDLPTDVRHNSKIDRSRLSAWAEGVLSGGRMTTP,Actinobacteria,Actinobacteria,Micrococcales,Sanguibacteraceae
Sebaldella termitidis,Sebaldella,WP_012861403.1,MNISDILKELAVKIPNKTAVIDTKTSSRISFNYLEKNSSKIANMFKKAGLQEGDGVLIFVPMSVELYSILAAVFKMKLVAVFIDPYADSKHIKNCCQIYTSKALIISGKKAGLLCYMNSEIRKIPNKYIINGKMPGFRKFSEYEDQSFDFACTETAPDTKALVTFTSGSTGKPKGLVRTHGFLAAQQKVLEKSLEISENSKVLTAFPVFILSNMYSGLTSIIPNTDLRKIGETDGGTISGQIMSESIDTILAPPSFFDNLVEIHKNTGRSIHSIKKIITGGVPVFPEIMENLKKSFPYAEIKVVYGSSEAEPMSELCYNELNENDIQKMKNGNGLLAGTIVEDINLKIIENDQKLSQGDQIKMLEQGEKGEIIVSGGHVLDTYLEAEENSKIKITADNENWHRTGDLGYIDASGRLWLLGRAKAEISRGSEKIYPFSIETMLSFEKDIKRTAIISKKGKILLFIEIFYTEDKEKQLQIQDKLEEKIKELKITVDKVIFADKIPVDKRHNGKIDYGSLERLSEKYI,Fusobacteria,Fusobacteriia,Fusobacteriales,Leptotrichiaceae
Shewanella putrefaciens,Shewanella,WP_082785907.1,MPLVTETPFSTGTSQSAIASDANICRHLKQAAHDIPHHLAVAVQSAKGASVANLRYSELDFLSLDRQSDVIAFALNAHGITRGMKAVLMVTPSLDFFALTFALFKAGIIPILVDPGMGIKNLKQCFAEAAPDAFIGIPKAHIARRLFGWGKGTIKILLNVDGGKTGFAAKLNCMATGAMSLSTLLQNTSAQSSGAQSSAQKSPYPMVLLKPNEMAAILFTSGSTGTPKGVVYSHAMFEAQIQALKNDYGICHGERDLATFPLFSLFGPALGMASIVPEMDASKPITANPEFLFAAIEQYQCSNIFVNPALLERLGRAGEQKQHTLPSVKRVISAGAPATIASIARFSKMLSDGVPVLNSYGATESLPISMIASDALFATTEMTDNGAGICVGHAIDGVSIGIIGISEAVIPEWDDALLLKNGEIGEIIVQGPMVSQSYYQYDSQRDNQRDSATAMAKIWDPVANCVRHRMGDLGYLDDQGRLWMCGRKAHRVDATHKGKFAKRYYSIPCERIFNTHPNVKRSALVGVKVANEITPLICIELDTSLVCNKSQQLYQELTTLAEQFHQTQGIKRFLIHPDFPVDVRHNAKIFREKLAVWAQSQTKG,Proteobacteria,Gammaproteobacteria,Alteromonadales,Shewanellaceae
Stenotrophomonas maltophilia,Stenotrophomonas,AFC01244.1,MNRPCNIAARLPELARERPDQIAIRCPGRRGAGNGMAAYDVTLDYRQLDARSDAMAAGLAGYGIGRGVRTVVMVRPSPEFFLLMFALFKLGAVPVLVDPGIDKRALKQCLDEAQPEAFIGIPLAHVARLALRWARSATRLVTVGRRLGWGGTTLAALERAGANGGAMLAATDGEDMAAILFTSGSTGVPKGVVYRHRHFVGQIQLLGSAFGMEAGGVDLPTFPPFALFDPALGLTSVIPDMDPTRPAQADPARLHDAIQRFGVTQLFGSPALMRVLARHGRPLPTVTRVTSAGAPVPPDVVATIRSLLPADAQFWTPYGATECLPVAVVEGRELERTRAATEAGAGTCVGSVVEPNEVRIIGIDDGPLADWSQARVLATGEVGEITVAGPTATDSYFNRPQATAAAKIRETLADGSTRVVHRMGDVGYFDAQGRLWFCGRKTHRVETARGPLYTEQVEPVFNTVPGVARTALVGVGPAGAQVPVLCVELQRGQSDSPALQEALRAHAAARAPEAGLQHFLVHPAFPVDIRHNAKIGREKLAVWASAELEKRA,Proteobacteria,Gammaproteobacteria,Xanthomonadales,Xanthomonadaceae
Streptococcus pneumoniae,Streptococcus,CVN04195.1,MLRVGAVAVVADQGLGVKGMTRAMKSARPRWIIGRTPGLTLARAQSWPGTRISVTEPGAAQRRLLDVSDSLYAMVDRHRDPAAGDAVDEHGTVLPEPALDADAAVLFTSGSTGPAKGVVYTHERLGRLVALISRTLGIRPGGSLLAGFAPFALLGPALGAASVSPDMDVTQPATLTAQKLADAAIAGQSSVLFASPAALANVVATADGLDAPRREALDAVRLVLSAGAPVHPQLMRQVSDLMPNARVHTPWGMTEGLLLTDIDGAEVQRLRAADDEGVCVGSALPTVSLAIAPLLEDGSAEDVILDPARGHGVLGEIVVSAPHLKDRYDALWHTDQQSKRDGLWRRDGRVWHRTADVGHFDAEGRVWLEGRLQHVITTPEGPVGPGGPEKTVDALGPVRRSAVVGVGPRGTQAVVVVVEAAVPATRPARRPGHHRDGRPKQGLAPTALASAVRAALEPLPVAAVLVADEIPTDIRHNSKIDRARVADWAEAVLAGGKVGAL,Firmicutes,Bacilli,Lactobacillales,Streptococcaceae
Streptomyces ambofaciens,Streptomyces,WP_053141833.1,MTTTAADFAGRLAERPDAVALVESRKGISRTTRRGELVRHCRRIAQDLREAGVRPGHKAVVMTRDAHDLTAVSYALVMLGAVPVLIEPRAEVGRCLQDIAPDVFIGEPLAHLGRRVLGWGRPHVRTALVTGSAPLSPGRRLVTRTPADDASPPQVREPDGDEPALIAFTSGSTGRPKGAEYRHSTLAGQLDALATLMDPRSEDVLLAGFLPVALLGPLLGLATVAPAVNHLAPARTSPQEVVGPLREHRASIVLASPAVLALIARHCARHDLTLPSVRQILSFGAPLRVGLADALRKAVPDDAEILSVYGATECLPVSAIGDHDLRASRTAPPAGHAGTCLGRPLPGIRARILEADATGLGEIAVTGPTVSPTYHARPVADTFTKSDTDHGVLHRTGDLGRLDDEDRLWFLGRKAHLITGTGFTLTTEDVEAAADTAPGIRRTALVGVGTAVCQLPVLCVEPMPSTPRARALEAVRAVLKDHPDGYRVGAVLIHTAFPTDPRHNSKIDRMRLAGWAAKRLRGRVR,Actinobacteria,Actinobacteria,Streptomycetales,Streptomycetaceae
Streptomyces antibioticus,Streptomyces,WP_059196603.1,MTDSLYAAKPWVALLSDAQRAPIDPADSLVHALREAASDVPDRPFLAYFDGRLSYREVDELSDSVAGHLAARGLERGDRVAVLLQNSPHFLLALLGAWKAGATVVPVNPMYKAGEVTHVLRDGEVAALICSDRAWESYLRETAADSPVRIVLTGCELDFQTRNDARVLSFERLPQPADAEDLTTVARAGLKAPGGRDPEPSDIALISYTSGTSGTPKGATNTHANIMYNAERQRTGLELPDPPVYFALAPLFHITGMVCQLGACLNSAGTLVLAYRFEAGVVLDAFAEHGPHYTVGPSTAFMALAAHPDVTRDHFASFRMISSGGAPLPPALVEKFRAAFGPYIRNGYGLTECTAPCASVPPTLEAPVDPVSGTLAVGLPGPDTVVRIVDDQGAEVPFGEQGEILVRGPQVVPGYWRRPDATAETFPGGELRTGDIGFVDEQGWLYVVDRKKDMINASGFKVWPREVEDVLYTHPAVREAAVVGVPDGYRGETVKAYISLRPGADTDPDELAVYCKERLAAYKYPRQVEILSDLPKTATGKILRRELRSRGQGER,Actinobacteria,Actinobacteria,Streptomycetales,Streptomycetaceae
Streptomyces avermitilis,Streptomyces,WP_010983718.1,MTTTANGSWTLTHTSRAHAGSRPHHAAIVCEGRITTYGKLHRESNRAAHALRVSGVQRGDRVAYLGRESENYYLVILACAKAGAVLVPVNWRLTPDEVDHILRDSGATLVFVDDEFWATATKVRPHLPEFHTMIRIDGTDAEGEPARGAGLPAWYADQPDADLEPGTGPDDAVVQIYTSGTTGLPKGAVLAHRSFFTLPQAMRDHDVAWIDWLPDDVALISLPGFGIAGIGWFMHTFNAGGTSVIMPQFDPQEAVRLIRTHRVTTTFAAPAMLQMMAGERTAGPDAFVSLRKICYGAAPMSETLLKQCLETFDCEFAQIYASTETGSVAVCLPPEAHHPGSTVLESVGKPCPGNEVKVVGPDGAELPPGAIGQICVRAPSRMLGYWNLPEATGRTLVGEWLHMGDAGYLDEDGYIYLCDRMNDTIIVAGQNIYPAEVEKALAAHPAVADSAVVGLPDPRWGEAVHAAVVLRPGAQASPRELLLSLRGHLADYKIPGAYHFVDTLPRNPSGKILRRAVRERLSAPARDPLTSAVQ,Actinobacteria,Actinobacteria,Streptomycetales,Streptomycetaceae
Vibrio natriegens,Vibrio,WP_065302598.1,MMNLAAALQRNAASKPDKTALICGDLEISYSQFDAIAGKIATSLINSGVKPGDRVALSCPNLPFFAFIYFAVQKAGAVAVPLNVLLKAREIKYHLEDSNAKFFFCFEGTPELPMAREGVKAFKEVETCENMIVMTQSQADLEWGGVPTLNAFIRDVEPLADYVPRNADDTCVVLYTSGTTGMPKGAELTQQNIVMNAIVGQNIMAAQGDDVHLVTLPLFHTFGQTVHLNASVLSGATLVLVPRFEPSHVLELIEKHKVTIFAGVPTMYIGMLHADADYDISSLRVAASGGSSLPTEVFRAFEEKFNVPILEGYGLSETSPIACFNHLDQERIPGSVGQPIQGVEVKLVDLEGNQVPVGEEGEIIVRGHNVMKGYLGRPEVTESVLKNGWFHTGDVGRFDEAGNLYIVDRIKDLIIRGGFNVYPREIEEVFMTHPAVAMVAVIGIPHQEYGEEIKAYVVLKPDQDLEAADLQAWGREHLAAFKYPRFVEIRDQLPMSATGKILKRELKSELKVA,Proteobacteria,Gammaproteobacteria,Vibrionales,Vibrionaceae
Vibrio parahaemolyticus,Vibrio,WP_029804406.1,MMNLAAALQRNAASKPNKTALICGDKKFTYAEFDAIAGKIATSMIKAGVKPGDRVALSCPNLPFFPFVYFAVQKAGAVTVPLNVLLKSREIKYHLEDSKAKFYFCFEGTPELPMAKEGMKAFKEVDACETMIVMTQDQTQKEYQGLPTLTYFIEDIEPLADYVARDADDTCVILYTSGTTGLPKGAELTQQNIVMNALVAQNIMASQADDVHLVTLPLFHTFGQTVHLNASVQSGATLVLVPRFDPKHVLELIEKHRVTLFAGVPTMYIGLLHVEHNCDISSLRVAVSGGSSLPTEVFKTFEARFNVPILEGYGLSETSPIACFNHLDQERVPGSVGQPIQGVEVKVVDLDGHALPVGEEGEIIVRGHNVMKGYLDRPEVTESVLQSGWFHTGDVGRFDESGNLFIVDRMKDLIIRGGFNVYPREIEEVFMTHPAVAMVAVIGIPHQEYGEEIKAYVVLKPNQFVEADELQLWGREQLANFKYPRFVEIREQLPMSATGKILKRELKSELEVA,Proteobacteria,Gammaproteobacteria,Vibrionales,Vibrionaceae
Xanthomonas_campestris,Xanthomonas,WP_011035474.1,MTTLCNIAASLPRLARERPDQIAIRCPGGRGANGMAAYDVTLSYAELDARSDAIAAGLALHGIGRGVRAVVMVRPSPEFFLLMFALFKAGAVPVLVDPGIDKRALKQCLDEAQPQAFIGIPLAQLARRLLRWAPSATQIVTVGGRYCWGGVTLARVERDGAGAGSQLADTAADDVAAILFTSGSTGVPKGVVYRHRHFVGQIELLRNAFDMQPGGVDLPTFPPFALFDPALGLTSVIPDMDPTRPATADPRKLHDAMTRFGVTQLFGSPALMRVLADYGQPLPVRLATSAGAPVPPDVVAKIRALLPADAQFWTPYGATECLPVAAIEGRTLDATRTATEAGAGTCVGQVVAPNEVRIIAIDDAAIPEWSGVRVLAAGEVGEITVAGPTTTDTYFNRDAATRNAKIRERCSDGSERVVHRMGDVGYFDAEGRLWFCGRKTHRVETATGPLYTEQVEPIFNVHPQVRRTALVGVGTPGQQQPVLCVELQPGVAASAFAEVETALRAVGAAHPHTAGIARFLRHSGFPVDIRHNAKIGREKLAIWAAQQRV,Proteobacteria,Gammaproteobacteria,Xanthomonadales,Xanthomonadaceae
Xylella fastidiosa,Xylella,WP_004088270.1,MKEPCNIAAALPRLASERPEQIAIRCPGRPGSGGMAAYDLTLSYRELDSRSDAIAAGFIAYGIGRGVRTVVMVRPSPEFFLLMFALFKVGAVPVLVDPGIDRSALKQCLSEAEPQAFIGVFLAQLARRLLRWAPSVTRVVSVGTRWAWCGTTLAHLERAGIGASAQLADTTADEVAAILFTSGSTGVPKGVVYRHRHFVGQIALLRETLGIVPGGVDLPTFPPFALFNPALGLTSIIPDMDPRCPARADPRKLHDAIARFGVNHLFGSPALLRVLAEYGKPLPTLRCVTSAGAPVPPYVVAQIRALLSDEAQFLTPYGATECLPIAVIESRELETTRAATERGAGTCVGHVIAPNLVRIIAIDDEGIAEWGGAREVDLGEIGEVTVVGPSTTDAYYNRTAATRLAKIRERLADGSERIVHRMGDLGYFDAQRRLWFCGRKTHRVETVQGPLYTEQVEPVFNVIDGVRRTALVGIGTLGAQRPVLCYEALPGVDVAALEQRLRATARAFIHTVGIVDVLGHPGFPVDIRHNAKIGRERLAVWAAQRLRC,Proteobacteria,Gammaproteobacteria,Xanthomonadales,Xanthomonadaceae
Dyadobacter fermentans (strain ATCC 700827 / DSM 18053 / NS114),Dyadobacter,C6W5A4_DYAFD_Acyl-CoA synthetase (AMP-forming)/AMP-acid ligase II-like protein,MIWTTGKTLCKTQKRPRNPYFAQAYDFMEKWLGGAREFVLHTSGSTGMPKPITVTRAQLAASAAMTGKALSLGPGTRALVCLNVGYIAGLMMLVRGMELDWELTVTEPTANPLAGLDHADFDFVAMVPMQLQSILENSATSGQVDRLGKVLLGGAPVNHALAMQISDLAMPVYQSYGMTETVSHVALKALNGPEASELYVFLPGIQYGVDERGCLHISGAVTNGQTVQTNDLVEIHGNAFQWIGRADNVINSGGVKIVLDQIDQRIAAVFHHLNIGNAFFCWWEPDAKLGQKLVLVIENAMPEALTERLTAEIRSRVSTYENPKHIYFAKAFAKTQTDKIDKRATFQKLSDSSNG,Bacteroidetes,Cytophagia,Cytophagales,Cytophagaceae
Brucella canis (strain ATCC 23365 / NCTC 10854),Brucella,A9MB96_BRUC2_AMP-dependent synthetase and ligase,MTESPASARLDRYDDAVAQFDIAKAIALLAGNPDTGINACIECCDRYTGENRVALRAISIDNTLTELTFEDLRDMSARVGNMLADAGISAGDVVAGLLPRTPELVATILGAWRIGAIYQPLFTAFGPKAIEQRFGTSGAKLVVTNLANRSKLAEVENCPRVATILAPGESLPEGDIDFRAAVAAASTECEPVMRKGSDLFMMMSTSGTAGLPKGVPVPLRALMAFGAYMRDAVGLRSDDIFWNIADPGWAYGLYYAVTGPLLLGVPTILNEGGFTAENTYDIIERLGVTSLAGSPTAFRLLIAAGPESAARVKGRLRVVSSAGEPLNPEVIRWFDACLGAPIHDHYGQTELGMVVNNHHGLEHPVRQGSAGYAMPGYRVAVLDEAGKEVGPNEPGVLAIDIDNSPLLWFTGYYKKDTPSISGGYYRTGDTVEFEPDGSISFIGRADDVITSSGYRIGPFDVESALLKHPAVNEAAVVGVPDPQRTEIVKAFVILAPGFEGTPELAEELALHVKKQLSAHAYPRQIDFVAELPKTPSGKIQRFLLRKAEVEKQQQQN,Proteobacteria,Alphaproteobacteria,Rhizobiales,Brucellaceae
Thermobifida halotolerans,Thermobifida,WP_068691907.1,MSATESPSPASPSALRSMNSATVQLLYSGSRFEMARVDVAGVPTRVWADARPHLRAVLESSLEHGDRPALVFGEERISHAEHFRRAAALARRLVEDYGVARGDRVALAMRNYPEWVTAFFAATSVGAIAVPVNAWLSAPEMEFVLRDSGASVLVADAERLDRLGDVLGRLPLPVIAVRCARPLPEGVRAWEEILGEVADDAALPETDLAPDDPATLFYTSGTTGNPKGALGSHRNMVSNVLSMAFMKARTLLRLGADLDDALALTFDAAPSKVLCALPLFHVTGAQAVMLPTLSAGGALVLMRRWDAETALEVIERERVSGMTGVPTMLTQLFAAPSFARRDLSSLVSLGSGGAPAAPALVERALRGGLRPDATLLGAGYGLTECSATAAVSYGPDYLARPDSVGMPVPVVDVRIVGPDGADLPPGRVGEIWISGPGVVHGYWNRPEETAATFVDGWLRTGDLGRLDDAGFLYVVDRAKDMILRGGENVYCAEVEAALQEHPAVLDAAVVGVPHEELGEEVGAVVRVVAGTPPDAEELRAFLSGRLAAFKIPSRIITTADELPRNAAGKLLKRRMRDEVAWTLAD,Actinobacteria,Actinobacteria,Streptosporangiales,Nocardiopsaceae