role,gene,organism,aa_seq_length,nucleotide_seq_length,x6x_his_tag_terminus,cut_sites,add_stop_codon,primary_amino_acid_sequence,vector
LstA,WP_068014234.1,Nocardia mexicana,349,1050,N-term 6XHIS,Nde1/Xho1,before Xho1,MSHSRFESIGAYLPEKRVTTAELLSRLKVPPAFDLEKITGVQERRVHDTRPESREDSFSLAIKAAEDCLSRSQYAPVELDVVISTSITRSKDGTRMYMEPSFSSSIAKQIGAGKAITFDLSNACAGMLTGTYILDRMIRAGIVRNGLVVSGEAITPIAETAVEEISEKYDLQFASLTVGDSGAAVVLDRSVDERDRIDYVELVTASEFSHLCLGMPSDKSQGVALYTDNRKMHNEDRFLGWTDTQREFYARRGTTFAEEKFDYIVHHQFGAAAIPYMNAIAEREFGTPMPPDLNVISKYGNTSSTSHFIVLHDYLSRQEIPAGSKLLLVPAASGVVGGFLSTTISSLKV,pET28b+
LstB,WP_068014237.1,Nocardia mexicana,302,909,N-term 6XHIS,Nde1/Xho1,before Xho1,MGVRIKSTGISRDSDTFSIVDHSGRAARRSLERAGVRPDQVGVLINAGVFRDSNTVEPAVSALIQKSAGIGLDYSYGDPRSFSFDLMNGAVGVLNAVQVAQSVLETGSAEHVLVVSGDTHPSLARSEADDEFPYATAGAALLLERTEEDEGFGRVHTATGDGSPAVESYVDVATMGTVGRTLMTVEQEPGFEERLLDAAAQVALAALDEAGDIDPATTVVIASTPSPTFPRRLADKLGIATVRTPDLAAGDPHTAALPLAYDLAVQEDSLGGYTTVLFVAAGSGPSAAAVLYRLPAPVGAPA,pET28b+
LstA,WP_033216105.1,Streptomyces virginiae,353,1062,N-term 6XHIS,Nde1/Xho1,before Xho1,MSTATAHSRIEALGLCLPATVQTTPQLAALVPGLGDVDIEKITGITERRVYDPEPDAGEDSFGMALAAARDALRSSRYEAADLDIVISASITRFKDGSRFTFEPSFAAMLAGELGARSAIHFDVSNACAGMMTGVWLLDRMIRSGAVRRGLVVSGEQATRVAQTAAREMTDSYDPQFASLSVGDSAAAVVLDVSVDAADRIHYIELMTCSEYSHLCMGMPSDRTPGISLYTDNKKMHNRDRLKLWPRFHEDFLAKRGRTFAAEEFDHIIQHQVGTRFIDYANQTAEAEFGTPMPDSLSVVERYGNTATTSHFLTLCEHLRAGDARPGATYLLVPAASGVVTGALSATLTNVGV,pET28b+
LstB,WP_033216107.1,Streptomyces virginiae,286,861,N-term 6XHIS,Nde1/Xho1,before Xho1,MGMIITAAATALPDRSAPASVVDLAGRAARGALARAQVPASSIGTLINVGVYREHNTFEPAMAALVQKEVGINLDYIADPEPAAGFSFDLMNGACGVLNAVQVGQALLDTGSTERLLITAADVHPGGDARDDVDYPYADLAGALLLERSADPDAGFGPVRHYTADRPTDVEGYLDTATMGRQGRTAITVRREPDHAERLAEFAARAAADYAREFDIDLDRTLVIGPATTADGVGAQGEPHTAAPVLGYLTATDGIRHDDHDHDQFLFVSVGAGPSAACALYRPEGR,pET28b+
LstA,WP_114059297.1,Streptomyces globosus,367,1104,N-term 6XHIS,Nde1/Xho1,before Xho1,MSTTERRSRIEALGAFLPAGRETNDELRAKVPNLGDADVRRITGIAERRVHDPDPAAGEDSFGMALAAARDCLAVSRHRAADLDVVISASITRVKDGSRFHFEPSFAGMLAKELGARPAVSFDVSNACAGMMTGVWLLDRMIRSGAVRTGMVVSGEQATRVARTAARELRDSYDPQFASLSVGDSAAAVVLDESTGPADRIHYIELMTCAEYSHLCMGMPSDRSQGIGLYTDNKKMHDRERLKLWPRFHEDFLAKNGRSFEDEEFDHIIQHQVGTRFIEYANRTAEAEFGTPMPPSLQTVEQYGNTATTSHFLTLRDHLRRTRAAAGDGTGPDRDRAATAGAKYLLVPAASGLVTGALSATVTHAGA,pET28b+
LstB,WP_114059298.1,Streptomyces globosus,287,864,N-term 6XHIS,Nde1/Xho1,before Xho1,MGIVITASATATHTDPGTPASAADLAGRAARRCLARARVSPSAVGVLVNVGVYRENNTFEPALAALVQKETGINPDYLADPQPAAGFSFDLMDGACGVLSAVQAGQSLLATGTTERLLITAADVHPGGDASRDPDYPYADLAGAFLLERDADPGTGFGPVRHYGGDRPTDVAGYLDLDTMGTGGRSRITVHRTPGHEQRTAELAAAAVAAYTAEFGLDTGRTLVIGPDAPAGAGGDPGRGRPHTAAPVLGYLHALEHARPQGVDTLLFVTAGAGPRAACASYRPQGW,pET28b+
LstA,AOW95261.1,Rhodococcus sp. WMMA185,349,1050,N-term 6XHIS,Nde1/Xho1,before Xho1,MTHSRFEAIGAYLPEQVVTTDELIGRLAQKPSFDFAAVTGVRERRVRSTSPEASEDSFTLAMNAARDCLSRSRYRAEDLDAIISVSITRSKNGETIYFEPSFASMIAKELGARQVIHFDVSNACAGMLTGTYLLDKMIRSGIIRNGMVVSGEAITPIAETAVKELAGGYDPQFASLSVGDSGSAVILDVSEDERDRIHYVEMMTASEYSDACIGKPSDRTQGVALYTDNRRMHNEDRFKLWTGSQSIFLAEQGRTFADEEFDYVIHHQFGSSAVEFLNALGEREFSTPMPPPLNVIDKYGNTSSTSHFIVLHDHLRQGNIPSGSKVLMVPAASGVVTGYLSATISSLEA,pET28b+
LstB,AOW94079.1,Rhodococcus sp. WMMA186,299,900,N-term 6XHIS,Nde1/Xho1,before Xho1,MGVIITATGVSHDTDTASVIEHSSRAARAALEAASISPEQVGVLINTGIYRDSNMVEPAIAALIQKAAGIGLDYGETDPKSFSFDLMNGACGVLNAVQVASGLLETSTTERVLIVSGDTHPSMTGAAAPQDFPYSTAGAAMLLEYTDGAEGFGPVHVDLLAGEPTIEGYVDISTMGITGRSAMTVARADDFDTRILDAAVSVASSALDGADTDPATTVLISSQPTPGFQDALAKKLGVRALTAGEQPIVGDTHTAALTLAYHSAAAASGLTGVTSVLFVAAGAGPSAAATIYRVPTQAA,pET28b+
LstA,KPI33619.1,Actinobacteria bacterium OV450 ctg11,352,1059,N-term 6XHIS,Nde1/Xho1,before Xho1,MSTTAYSRIASLGTRLPATVQTTPQLAALVPGLGDADIEKITGIAERRGCDPDPAAGEDSFGMALAAARDALASSHYQAADLDIVISASITRFTQGDRFTFEPSFAAMLASELGARSAIHFDVSNACAGMMTGVWLLDRMIRSGAVRRGLVVSGEQATRVAQTAAREMTDSYDPQFASLSVGDSAAAVVMDVSTDPGDRIHYVELMTCSEYSHLCMGMPSDRTRGIALYTDNKKMHNRDRLRLWPRFHGDLLAKGGRSFAGEGFDYVIQHQVGTRFIDYANAMAEDEFATPMPTSLSVVERYGNTATTSHFLTLREHIRAGTARRGATFLLVPAASGVVTGALSATLTNVGV,pET28b+
LstB,KPI33618.1,Actinobacteria bacterium OV450 ctg12,313,942,N-term 6XHIS,Nde1/Xho1,before Xho1,MIITAAETAVPASAAPATAPQSPARAPASAVDLAGRAARACLARAGVPASSVGVLVNVGVYREHNTFEPAMAALVQKEIGINLDYIADPEPAAGFSFDLMNGACGVLNAVQVGQALLETGSTDRLLITAADVHPAGDADRDAGYPYADLAGAFLLERSAEPGAGFGPVRHYTADRPTDVEGYLDTGTMGTRGRTTITVRREPGHRARLTELAARAVTEYAEEFGLDLDRTLVIGPSARTAASTAGTGARAGTWAEDGPGVRAGAGGEPHTAAPVLGYLRAMDGARRDDYDRFLFVSAGAGPSAACAAYRPEGW,pET28b+
LstA,WP_014350598.1,Nocardia cyriacigeorgica GUH-2,349,1050,N-term 6XHIS,Nde1/Xho1,before Xho1,MLHSRFESIGAYLPSKTVTTDEVLAQLAIPPSFDLERITGVAERRVRDTRPESHEDSFTLAVAAASDCLSRSRYAPTEIDVIISTSITRSKHATRMYMEPSFASSIARAIGAKQAITFDISNACAGMLTGTYILDRMIRSGAVRNGLVVSGEAITPISETAVNEISEKYDLQFASLTVGDSGCALMLDQAVDDADKIHYIEMMTASEYSHLCLGMPSDKTQGVALYTDNRKMHNESRFLLWTDTQRDFLAKRGRSFADEEFDYIIHHQFGAAAVPYMNAIGEREFGTPMPPDLNVIHKYGNTSTTSHFIVLHDQLGQDGIPAGSKVLMIPAASGVVTGFLSTTISSLKV,pET28b+
LstB,WP_014350597.1,Nocardia cyriacigeorgica GUH-3,307,924,N-term 6XHIS,Nde1/Xho1,before Xho1,MGVRITATAVCRAGETRSVVENSGRAARDCLARAGVRPDQVGVLINAGIFRDSNTVEPAVSALIQKAAGIGLEYGADDPRTFSFDLMNGAVGVLDAVRVATAILETGSASHVLIVSGDTHPSLARTAATEDFPYASSGAALLLESTDGPEGFGRVHSLAGSGGPGVEAYVDTATMGTEGRGLMTVVREPDVEQRLTALATEAALAALTEAGHADLSTTALIASTPGPEFPARLAESLGIAAESVLLPDLTDGDPHTAALTQAYDLASAGERLGGHTHVLFVAAGAGPSAAAVLYRLPERAAAAGAAA,pET28b+
LstA,WP_130513667.1,Krasilnikovia cinnamomea strain DSM 45162 Ga0197533_11,323,972,N-term 6XHIS,Nde1/Xho1,before Xho1,MSYQPPFDLEQITGIAERRVHDKRPDSLEDSFVLARRAAQDCLSRSRYAAADLDVVISASITRYHGDRVFQFEPSFAHQLARSLGATRAIHFDVSNACAGMLTGVAVLDRMIRAGVVRNGLVVSGEQITAIAETAVKEISELYDPQFGSLTVGDSGAAVILDESTSEADRIHYVELMTCSEYSHLCIGKPSDRNQGIALYTDNHQMHKEDRSRLWSRFQTDFLAKRGTTFAEEGYDYVVHHQVGSKFIRNVNNHGEKAFGTPMPESLSVVEKYGNTSSTSHFVVLHDHLRSGRARPGAKYLLVPAASGVVTGCVSATISSLEV,pET28b+
LstB,WP_130512604.1,Krasilnikovia cinnamomea strain DSM 45162 Ga0197533_12,295,888,N-term 6XHIS,Nde1/Xho1,before Xho1,MPTAITSTAVSTDPHLSGSIARASAAATACLNRAGVHPDQVDVLINVGVYRDENMAEPAMSALIQKNVGTNLDYLRSGSPAFSFDLMNGACGLLNAVQVAGAFLAGDAEYALVVSGDTHPSGRPDPDFGYAHVGAAMLLSRSADAGTGFGPVSTVTAPDDAPGVRGYADLGAVGTHGREMIWVRRDPDYARRLVELAAAEASRYAAEQGLDLSRTLLVASQPTPSFAAELAQRLGVPADAVVTVHGVDGDPHTSALTLAYHQAVEAGQADAYPEALFVAAGAGLSVACSVYHRAG,pET28b+
LstA,WP_007537033.1,Rhodococcus triatomae,349,1050,N-term 6XHIS,Nde1/Xho1,before Xho1,MIHSRFEAIGAYLPSAVQTTDELIGRLAEPPSFDFEAVTGVRERRVRSTSPDDFEDSFALALKAARDCLSRSRYAADELDAIISVSITRSKEQSRIYFEPSFAAMVAKELGARRAIHFDLSNACAGMLTGTYILDRMIRAGTVRNGMVLSGEAITPIAETAALEIAGGYNPQFASLSVGDSGSAVVLDRSEDESDRIHYVELMTAAEYADACLGMPSDRTQGVALYTDNRRMHNESRFLLWTDTQRNHLAAQGRTFADEEFDFVIHHQFGASAITAMNALGEREFGTPMPESPGVVDKYGNTSTTSHFVVLHDQLGQQRMPAGSKVLMVPAASGIVTGFLSTTISSLEV,pET28b+
LstB,WP_007537031.1,Rhodococcus triatomae,298,897,N-term 6XHIS,Nde1/Xho1,before Xho1,MGVVITATGAVRGAGNASAVEGAARAARDALTSAGAAPETVGVLVNAGIYRDSNMVEPAMGALIQKAAGIGLEYRADDPRSFSFDLMNGACGVLNAVQVASAILVTGSTGRVLVVSGDTHPALTGTDATEDFPYATASGALLLELVEGPAGFGPVHVELADGPVAVEGFVDTATMGTTGRSAMTVIRADDAERRILDAAVTAGARALADGVDPLSTVLISSRPTPGFAAALSAKLGVPLVAAGGEDTADVHTATIPLDYHRAVAAGLLDDARTVLMVAAGAGPSAAACLYHLPEPNTR,pET28b+
LstA,WP_059094468.1,Mycobacterium sp. IS-1742,360,1083,N-term 6XHIS,Nde1/Xho1,before Xho1,MDHSTKGGGAPYRTRVAAAGRHLPPTRLTTDELMASTRHNTHIDLERLTGIHERRVSVGDEDSYSLATTAARDCLDRAGSPASDIDVVISCSITKFHGGLTQWVEPTMSSAVAHAIGAHRAMTFDLSNACAGMLTGVTVLNNWIRQGVVRSGLVVSGEYISQLGRNAARHIRTIMSRELACLTLGDAGAALLLERAGADSGSITLAGFTTIADHSRLCLAYPKGRDPGARMFTDSRAIQRAAIADTPLLLHEVLDAAGIAIHDIDHVITHQTSARAIRKGMAEMSAVFGDAPRHDAVITVDRYGNTASTTHTVALVEELEAGRIQPGETIALIALASGLEIGVVLIEVDEDLVKRYGHHH,pET28b+
LstB,WP_059094405.1,Mycobacterium sp. IS-1743,304,915,N-term 6XHIS,Nde1/Xho1,before Xho1,MGTIIDQVAVTRGGWRDRHSALHLAVAAARSCLDAARRDPDDLSLLVNAGIYRDKNLGEPALAALIQEDIGANPEDPHDGLRDGAHGTFSFDISNGSCGVLTGLQVVDGFLRSRAATHALITAGDADPGRGMSRHFPFSPVGAALLCDWTDDDSGLGRVSWVSDPDDGKSFRATVGSADARNVLRFTESGDLDDRLAEAAAHAARICLDDAGLRVPDVDVVVAAPGRPDYAAALAERLDLGAGRIVVADDENAHTASLAAALKGALTDLPPGALILIVAAGAGITAGAALYRAPGRSESDRRSR,pET28b+
LstA,WP_043656390.1,Nocardia thailandica,349,1050,N-term 6XHIS,Nde1/Xho1,before Xho1,MVRSTIEAVGAYLPTTELTTTELLSRLSVESPLDLEKVSGVRARRVRGVDAEGRAEDSFTIALAAARDALRHSRHAPEDLDVVISCSITRTRGADFCLEPSFALMLRNELGATAAQHFDVSNACAGMLTGVLVLDRLIRSGAVRRGLVVSGECITPISDTAVREIAQKYDPQFASLTVGDAGAAVVLEATGDEGPGLDYVELNTSAAFAKLCLGMPSDQGPGVALYTDNRAMHNESRYLLWTSRQREFLAARGSSFAEEDYDYIIHHQFSGPAVELIDKIAEREFDALMPPRLAVLDKYGNTASTSHFVVLHDALRSGAIRPGHRVLLVPAASGVVAGFLSVTLGEVGV,pET28b+
LstB,WP_043656306.1,Nocardia thailandica,285,858,N-term 6XHIS,Nde1/Xho1,before Xho1,MGVVISSAATESGGTSSVAQAAAAAVTALGGDTAHVDAVINVGVYRDSNLVEPAISALIQQAAGIGLEYRPGDTPCLSFDLMNGACGVVNALGVAVSLLDANPGGRVVIVSGDAHPSMRADSGFAFVPVGGALVLENDPAAPGFGAVRVSAGAGDVAAQGYVRLPEMGSSGRSAVSVEQRVTTAELVTHAASAARDALDAAGLSPAEVVLVTGRPTAEFPGDLAAALGISTVVTDEFDGDTHTSALTAAYTVARDAGLTGRPLLFVAADAGPTAAAVVYRGRGVA,pET28b+
LstA,CCK75917.1,Oleispira antartica Rb-8,345,1038,N-term 6XHIS,Nde1/Xho1,before Xho1,MTKARFESIGAYIPNKRVSTEELTANMNIPPQFDLEAITGIKTRSWKEDKDDSYTMAIDAANSCLENSKYEAADLDIIISCSIARFVGDCSYYEPPMSLFLKHKLGAHKAIFFDVSNACAGMFSGLYILESMIKAGVVKNGLVVSGEYISTIAETAVLEAKDIYDPQFGSLTVGDAGAAVILDKAVDDNDVIDCFNLISTPEYSDLAIGKPSNDSNRYAMYASNSKMHTEERLKIWPNFQIDMLAKEGKDFKSEQFDYIIHHQVGSKFVERLLKVGKEAFSAEQPESLNVLEKYGNTSSTSHFIVLYEYLKANKLKDKSKILMVPAASGFVTGFLSMSINNLAVK,pET28b+
LstB,CCK75916.1,Oleispira antartica Rb-8,295,888,N-term 6XHIS,Nde1/Xho1,before Xho1,MGTIIKATGISTDNAIKSSNENAIAAGHQCIEAAGIDVNDIDLLINVGIYRDENMLEPAMAAFAQKGLGIKPDYIKSQPFNAAFSLDMMNSACGIINAIQTADAMFKSRQIKYALIVSGDAHPSNKDLESFPYATVGAAMLLEYTEDQKGFQNFSFKHSPTTEHSVRGYLDFNNLAEPAKERLTVDMPAQYKEKLLEFTIESAEEYLTANNLDRQTVKLITPQAEEGFGHKIAQSVNVKDDVILDLYKEYGDAHSSALTMAYHLGAEKGLYNSNDNVLFVAAGAGLTSACATYTV,pET28b+
OleA,WP_068469535.1,Kocuria varians strain G6,341,1026,N-term 6XHIS,Nde1/Xho1,before Xho1,MTGNSTITNRNVAILSVTKTEADVVIPSTRFDEELAETFRRLRMPKGLLERLAGIKERRGWAPGRHFTDGATEAGEAALAESGVRPEQIGLFVNASVTRDNYEPAVAVGIHERLGLPSSALNFDMTNACLGFVNALTVAASMIDAGAIEYALVVAGEDPSPWHKAAVERLRADDITREQVVQEFATLTLGCGAAAAVVGPADRHPDGHRIVGSVTRAGTEFNHLCIGGDDGMFTDATGLLNHGVGLVVEAWHEAEQDGWDWREMDSYVTHQVSNSHTNKLIEDMGLDATKVPLTFPYWGNVAAAALPMTLALEAERLEPGARVLCLGVGSGLNTTLMEIAW,pET28b+
OleA,WP_115933252.1,Citricoccus muralis,341,1026,N-term 6XHIS,Nde1/Xho1,before Xho1,MVQGNATFRHSNASLLSVTEVLAPVTVTSAQLDEELADVLKGLRLPKGLLPRVAGVNARRNWEHPGHFQLGAAEAGRQALEKAGVRPDQIGLMVNTSVTRETLEPSVAVRIHHEMGLPTSATNFDITNACLGFVNGITLAASMIDSGQVDYAVVVAGEDSVKVQQATLENLKQDGVDRTNFMEQFASLTLGSGAAAAIIGRTDQHPEGHRIVRGITRAGTDHHDLCVGDHKGMFTDSTALLKDGLELVMDAWNDVPADWGWATMDRYVTHQVSRLHTDSITEATGLDPSLFPVTFPELGNVGPASLPITLAREVDQLSAGDKVLCMGVGSGLNTAMLEIAW,pET28b+
OleA,ABL00697.1,Pelobacter propionicus DSM 2379,347,1044,N-term 6XHIS,Nde1/Xho1,before Xho1,MKYRAVTLESFGYQLAPVVVSTSDLEARLEPLYRQLRIAPGQLQAMTGIRERRWWEPGYPLSQGAIAAARKALAASAVPVDQIGALIYAGVCREQFEPATACRVAHGLGIGGQAAVFDISNACLGVLNGMLDLANRIELGQIRAGMVVSCESAREINEIMIERMLKERRMEHFASSLATLTGGSGAVAVLLTDGSFSGAQRRKLLGGVCLSAPEHHQFCLWGMAPDGRGGYQQVMSTDGVNVMNHGVELGKRTWNAFLPHLGWSAEQVDQVICHQVGSAHQNAILKTLGISADQDFTTYEYLGNMGTVSLPLTAALAAERDILLTGDRVALLGIGSGLNCLMLGVEW,pET28b+
OleA,WP_130552392.1,Pseudoxanthomonas sp. NML171200,338,1017,N-term 6XHIS,Nde1/Xho1,before Xho1,MLFQNVSIAGLAHVDAPHVLTSKEINARLQPTFDRLGIRTDVLNDVAGVHARRLWDDEVQSSDAATLAAKKALADAGIGAERLGLLVNTSVSRDFLEPSTASIVSGNLGVGDHCMAFDVANACLAFINGMDIAARMIERGEIEYALVVDGETANLVYEKTLERMTSPTVTEAEFRDELAALTLGCGSVAMVMARRELVPDAPVYKGGVTRSATEWNKLCRGNLDRMVTDTKMLLIEGMKLAQKTFVAARQVLGWAVDEIDQFIIHQVSQPHTQAFIKTFGIDPKKVMTIFGEHGNIGPASVPIVLSKLKELGRLKKGDRIALLGIGSGLNCTMAEVVW,pET28b+
OleA,WP_117315975.1,Chromatocurvus halotolerans,338,1017,N-term 6XHIS,Nde1/Xho1,before Xho1,MHFKNVVIQAPVAVNAPVSLSSQEIAQRLKPTMDRLGIRENLLAEISGIESRGLWDEHTSPSDAATLAAEEAIARSGIDRSRIGLVINTSVSRDFLEPSTACMVHGNLGLAPDCLNFDVANACLGFLNGMDIAARMLERAEVDYALIVDGESSRPLIEATIARLLSPEVEEAQFRAEFASLTLGSGSAAMIMARRELAPDGHSYRGSVTRAATRFNKLCQGNMDRMQTDTRGLLGAGLELAAETFAEARKSFGWAPDELDQFVIHQVSKVHTESLVQLLGLDPVKVHTIYPHMGNVGPASVPIVLSRVAEAGKLDTGSRVALLGIGSGLNCSMAEVVW,pET28b+
OleA,WP_056126981.1,Sanguibacter sp. Leaf3,340,1023,N-term 6XHIS,Nde1/Xho1,before Xho1,MNGNATSKHQNVALLSVATVVPDVVTTSEEMDNRLAETLKRLRMPRGLLQRVAGVHERRRWAADQSFESAAIAAGEKALAEAGISASDIGLIINTSVTRPHLEPSVAVRMHNGLGLPSSAMNFDIANACLGFINGMTVAAHMIDSGQIRYAMIIDGEDADEVNDNTIERLNRPETKRSDFMNEFASLTLGSGAAAAILGPADSHPSGHRILGGVTRAATQFHDVCVGSVNGMYTDTKALLKGGMELVVAAWQEAKDTWSWSAMDRYVLHQVSDVHTSAIVKAAKLDRSKVPTTYPRYGNVGPASIPITLAEQSSTLAPGDRVLLMGVGSGLNTSMMEITW,pET28b+
OleA,WP_056164922.1,Leafsonia sp. Leaf325,342,1029,N-term 6XHIS,Nde1/Xho1,before Xho1,MSLDGNATTTHRNVALLSVASTMAERVTTSEEIDSRLAPVLKRLKLPTGLLQRVAGVRERRNWEEGATFDDAAISAGKRAMAEAGIRPDQVGLLINTSVTRPHLEPSVAVRIHHGLGLPTSAINFDITNACLGFVNGMTLASGLIDSGQIDYAIIVDGEDADQIQINTIERLGREGINRKQFMSEFASLTLGSGAAAAVLGRADQHPEAHRILGGITRAATQFNELCVGSVDGMFTDAKALLRGGMELVTSAWKDALKTWDWKSMDRYIMHQVSDVHTDAIVKAVGLDRSRVPLTYPTLGNVGPASIPITLAEQASTLKRGDRVLLMGVGSGLNTSMMELAW,pET28b+
OleA,WP_086472704.1,Plantibacter sp. VKM Ac-1784,342,1029,N-term 6XHIS,Nde1/Xho1,before Xho1,MVTGNATTRFDNVAMLSVASTLPSAVVTSVEIEEGLAAAMKRARLPKGILRRVAGVVERRHWGPDENSDDATVSAGRRALAEAGISPSQIGLMINTSVTRQHLEPSVAVRIHDGLGLPSSAINFDIANACLGFVTGMTMAAAMIESGQIEYALIVNGEDASEVHANTIERLSGSTIDRDDFMSEFASLTLGSGAAAAVIGPADRHPEGHRILGGVTRAATEFNHLCVGSVDGMFTDARALLKGGLDLVVSAWKEAAGDSWRWSKMDRYITHQVSSIHTDSMVKAASLDRSRVPVTYPYLGNVGPASIPITLADQQSTLNKGDRVLLMGVGSGLNTGLMELAW,pET28b+
OleA,WP_070193933.1,Humibacillus sp. DSM 29435 ,340,1023,N-term 6XHIS,Nde1/Xho1,before Xho1,MSGNATYRHTNAAVLSVCAVDAPVVVTSDDFDRQLLSTYERVGLKPGMLAKLAGIHERRWWPEGVSFTEGAATAGAKALAEAGVDPSRVGLMVNTSVSREHLEPSVAVEIHHNMGMPTSCINFDLANACLGFVNGMQLAASMIDSGQIDYAVIVNGESSRHTQEVTIERLAGPDATAEDVMSQFATLTLGSGAAAMVLGRADLHPEGHRIVGGVTRAGTEHHNLCVGDLEWMRTDTRGLLDAGIALASDTWNDAKAEFEWSNMDRYVAHQISQVHTKAMCKALDIPADRLPLTFPTRGNMGPAAIAFTLATQVDSLSPGDRVVLLGVGSGLNVSCLEIAW,pET28b+
OleA,WP_106091803.1,Enhygromyxa salina strain SWB007,338,1017,N-term 6XHIS,Nde1/Xho1,before Xho1,MRFDHVSICSVAHVDAPDRVTSAELERRLAGTMKRLHVPTGLLESLTGITARRMWPEGTQPSDAATLAASRALAAADLDPQRVGALINTSVCRDYVEPSTACLVHAKLGLAPTCINFDVGNACLGFLNGMEIIGNMIERGQLDYGLVVDGESSRYVVDQTIARLSSDTADQAAFWANFATLTLGSAGVAMVLTRSDLAPNGHRFLGGVTVAATEHSDLCRGQVDRMETNSGDLLNTGLELAQRTWAAAQRELGWSPGSLDEYVIHQVSKVHTDKFRAAFEIDPQRLLATYPEYGNVGPAGVPLVLSKAAELGRLRAGDRVALMGIGSGLNCAMAEVVW,pET28b+
OleA,WP_033420292.1,Nesterenkonia alba,345,1023,N-term 6XHIS,Nde1/Xho1,before Xho1,MQKRSEGNTTFHHRNAALLSVAEVEAPLVLTSKDLDKRLADALKRLKLPSGLLQRVAGVKARRNWRSDDEVRAGTVEAGRRALEAAGVSTEDISVMINTSVTREHLEPSVAVGVHHELGLPSSAMNFDITNACLGFVNAMTLAATMIDAGQARYVLIVNGEDARKVQDATVERINALEEVSRQDFMTEFASLTLGCGAAAAVIGPADEHPEGHRIVGGVTRAATQHHELCVGDHRGMFTDARGLLDGGLELVMNAWEDAKKHFSWQSMDAYVTHQVSQLHTSSIIKAAKLDKKKVPVTYPELGNVGPASLPITLAREAKNLVTGSRVLCMGVGSGLNTAMVEIEW,pET28b+
OleA,WP_096909276.1,Halobacteriovorax marinus strain BE01,343,1032,N-term 6XHIS,Nde1/Xho1,before Xho1,MKYTKVAIHSFDYLEPDEFLTSDDIETKLAPVYKRLNLPAGRLELMTGIKSRGLWANGMRPSELSTRAAERVLEKSGIDRNEIGLLIHASVCRDFLEPSTASVVHHNLELNEDAMIYDLSNACLGVVNAMAMASNMIELGQIKYALIVSGENGGPLLTQTIEHLNNDETLTRKSIKKYIANLTIGSAAVAYLLCDSSLAPDAPRILGGAVSTDSSANILCQGDGDTTSLMMETDSEELLKHGLELAKKNWNKTKQELSLENKDIDWVVGHQVGTAHETLTMKAMELQDHKTFTTYETLGNTGSAALPITLAKLSEKQKIKKGEKVALLGIGSGLTSIMLGVQW,pET28b+
OleA,WP_058859095.1,Kocuria flava,341,1026,N-term 6XHIS,Nde1/Xho1,before Xho1,MTGNSTMRHRNAALLAITKVEADEVVPSSQADEVLAGTFERLRMPKGLLERLAGVKERREWAPGRHFTDGAVEAGQAALEQAGVRPEQVGLLINASVTRDGYEPAVSVSVHHRLGLPSSALNFDVTNACLGFVNGLTIAATMIDAGAIDYAVVVAGEDPRPWHRETYERLQAPGVTRADVVREFATLTLGCGAAAAVVGPADRHPEGHRVAGSVTRSATEHHGLCIGGFDGMFTDATGLLKHGVGLLEQAWNDAHADGWDWQEMDRYIGHQVSMSHTNKLFADVGIDPDRFPVTFPFWGNVAAAALPMTLALEAESLGAGDRVLLLGVGSGLNATYMEIDW,pET28b+
OleA,WP_101686474.1,Dermabacter hominis,342,1029,N-term 6XHIS,Nde1/Xho1,before Xho1,MIPNTAFDHKNAAILSVSAVEAQVPVTSDSIDEMLSPARKRLRLPKGTLQRVAGVYERRWWKDPENGWKQGAVIAAERAMASAGITREDVGVLINASVSRQHLEPAMSAHIHAALGMPASCMNFDITNACLGFVNAMTLAAGLIDAGQIDYALIVGAEDVEEVQRRTIARLNDKNSTRQDFNNQFASLTLGSGAAAAVVGRFDKHPDGHRIVHTQTRAGTEHHELCIGNMDDMRTDTAGLLENGLELVTQTWRAAEESGRNYSNKQWYITHQVSMVYTRAFAKAMGINPEIIPVTFPELGNIAAEAVPLTLALNQDRFAKGDELLLLGVGSGLNTAMMEVQW,pET28b+
OleA,WP_126985334.1,Brachybacterium paraconglomeratum,343,1032,N-term 6XHIS,Nde1/Xho1,before Xho1,MGNGNTGIVHSNTSLLAVEGTLPQVTVTSDEIDEMLAPARKRLRLPKGVLQRVAGVYERKWWRDRENGWKQGVVLAAERAMAKAGIMRDQVGLLINASVSRKHLEPAVSTGIHHSLGLPPACMNFDITNACLGFVNAMTMAAGMIDSGQIKYALIVGAEDVEQVQRGTIERLNAKGSTRADFNNQFASLTLGSGAAAAVLGPADVHPEGHRLKVTQARSGTEHHELCVANMDDMRTDSNGLLENGINLIVDTWKAANESGLDFRSIDYVIPHQVSMVYTRNFSKITGVGMERIPVTFPDWGNIAAEAVPMTLAHIQDDIERGQRVLLMGVGSGLNTAMMEVQW,pET28b+
OleA,OGN97459.1,Chloroflexi bacterium RBG_13_51_36,349,1050,N-term 6XHIS,Nde1/Xho1,before Xho1,MQYRKVCVESFGYELPENIVTSVSLEEKLAPIYGKFNLSYGRLEMMTGIRERRFWDDGATPSQASIRAAEKAIAKSGVKKEDIGCLLHTSVSRDFLEPATATVVHDSLGLPPTATIFDISNACLGFINGMVTLANMIELGQIKAGIVVGCESSRPMVNATIDRLLRDPDITRDKLKLAFPTFTLGSGAVAAVLTHSSLSQDGHKLLGGVTRAASQHNGLCRIEADVSFLDLAELPNMHTDYDGVLKNGLRLAPDTWKDTKQEIGWNDSDISRFFTHQVSAVHSKLLFQALGLDATKDFSTVEYLGNIGSVSLPITMAIGIERGYLKPGDKAAMLGIGSGLVCLMLGLQW,pET28b+
OleA,WP_108826550.1,Ereboglobus luteus,342,1029,N-term 6XHIS,Nde1/Xho1,before Xho1,MRNDAPPHGNEIPKEQPFANPQSQTNETPVHSPESGNPHSAIRNPHSSRPDWLRALYPFAQNTFVTPRGARMNYADEGPRTDEAVLMLHGNPTWSFFYRDIIRALSPSLRCIAPDHIGMGLSEKPSARDYPYTLAQRIADIETLVASLNLRRIHLIVHDWGGAIGFGFATRHPEKIGRITILNTAAFPDIHMPARIGLCRAPLGIGALIVRGFNGFAWPATWMTMHRRKLTPDEKRAYLFPHNNWANRVAVHEFVRDIPMSPAHPTHATLTAIERNLPLLVANPKLIVWGGADFCFNDHFYNRWRKVYPEAATHHFPDVGHYLLDDGGEEVRAKIVQFFTQS,pET28b+
OleA,WP_104244666.1,Subtercola sp. Z020,341,1026,N-term 6XHIS,Nde1/Xho1,before Xho1,MTNSNATFRHQNSALLAVKARLAPLVVTSEEIDVRLADALTRLRLPTGLLQRVAGVISRRNWDDTTTFDEAAAGAASEALKEANVDPQDVGLLINTSVTRKHLEPSVAVGIHHALGLPSSAMNFDITNACLGFVNGMTLASQMIDSGQIKYAVIVDGEDSNEIQANTIARLSQPGISRKDFVNEFASLTLGSGAAAAVLGPADAHPEGHRIMGGISRAGTEHHLLCVGDKDGMFTHTKELLAGGMALVVEAWKEAKGSWDWQKMDRYILHQVSDVHTDSIVKAAKLDRKRIPLTYPSLGNVGPASLPMTLALEASKLVKGNRVLCMGVGSGINTAMTEIVW,pET28b+
OleA,WP_022969495.1,Arenimonas oryziterrae,338,1017,N-term 6XHIS,Nde1/Xho1,before Xho1,MLFTHVAIAGLAHIDAPHALSSADINARLQPTMDRLGIKTDVLQDIAGIFSRRMWDDETQSSDAATMAAEKALLDANVPRDKIGLLVNTSVSRDFLEPSTASIVSGNLGLGENCQNFDVANACLAFLNGMDIASRMIERGDIEYALVVDGETANLVYEKTLTRLSDPNVTEEQFRNELASLTLGCGAAAMVLARAELVPDAPRYKGGVTKAATQWNTLCRGNLDRMVTDTRMLLIEGLKLAQKTFVAARLALGWAVEEMDQFVIHQVSRVHTEAFIKAFGIDPAKVLTIFNEHGNIGPASVPIVLSKLKEMGRLKKGNRIALLGIGSGLNCSMAEVVW,pET28b+
OleA,WP_114959563.1,Thermomonas haemolytica,338,1017,N-term 6XHIS,Nde1/Xho1,before Xho1,MLFHHVAIAGLAHIDAPRRLTSEEINARLKPTLDRLGIRVDVLGDVAGVHARRLWDGDVQASDAATLAGVKALADAGIDPDKVGLLVNTSVSRDFLEPSTASIVSGNLGLPDTCQNFDVANACLAFINGMDIAARMIERGEIEYALVVDGETANLAYEKTLERMTRADVTEEDFKNELATLTLGSGAAAMVLARAELAPGAPRYKGGVTRAATEWNKLCRGNIDGMITDTRMLLVEGIKLATKTFEVAKQKLGWVASELDEFVIHQVSKVHTAAFTKAMGIDPKKVMTIFAEHGNIGPASVPIVLSKLREMGRLKKGSRVALLGIGSGLNCSMAEVEW,pET28b+
OleA,WP_028771085.1,Silanimonas lenta,338,1017,N-term 6XHIS,Nde1/Xho1,before Xho1,MLFQHVSIAGLAHLDAPHTLSSEEINRRLKPTLDRLGIKTDVLREVAGINARRLWDDGKPTADAATEVARKAIAEAGIEPGKIGILINTSVSRDFLEPSVASIVSGQLGLPDTCQNFDVANACLAFINGMDIAGRMIERGEVDYALIVNAENANVVYEKTIERLNREGITHEEFRNEFASLTLGCGAAAMVLARRELVPDAPQYKGGVTRAATQWSHLCRGNLDRMVTDTKLLLIEGIKLAQLTFAAAKQALGWAVEEMDEFVIHQISRAHTEAFLKTFGIDPKKVLTIFHEHGNIGPASVPIVLSKLKEMGRLKKGKRIALLGIGSGLNCSMAEVVW,pET28b+
OleA,WP_116651321.1,Wenzhouxiangella sediminis,338,1017,N-term 6XHIS,Nde1/Xho1,before Xho1,MLFDNVVIKSVASVDAPHTVTSEEIRERLAPTFKKLRLRGNPLIDLAGIEERRFWDEGVLPSQAATMAAEKALARADIDPDRVGILINTSVSRDFLEPSTACMVHGNLKLPNTCESFDVGNACLAFINGMNIAAHMLDRGEIDYALIVNAENSREINEITINRLLEPKVTRKQFKSEFASLTLGCGAAAMIMSRGDLEPDGHQYKGGVSRAATEFNNLCRGWNHQMWTDTKSLLREGMKLAGATYSTARQVLGWVANELDHVVIHQVSRVHTEAFIRAFGVQPERVYRIFPKFGNIGPASIPTVLSKIVDENRIQRGDKVALMGIGSGLNCCMAEVIW,pET28b+
OleA,WP_003480168.1,Xanthomonas translucens pv. graminis,338,1017,N-term 6XHIS,Nde1/Xho1,before Xho1,MLFNNVSIAGLAHIDAPHTLTSKQINERLQPTYDRLGIRTDVLGDVAGIHARRMWDADMQASDAATLAARKAMTDAGITAGQVGLLVNTSVSRDYLEPSTASIVSGNLGVGEECVTFDVANACLAFINGMDIAARMIERGEVDYALVVDGETANLVYEKTLERMTSPDVTAQEFRDELAALTLGCGAAAMVMARAELVPDAPRYRGGVTRSATEWNTLCRGNLDRMVTDTRMLLIEGLKLAQKTFVAAMQALGWVVDELDQFVIHQVSLPHTQAFIKNFGIDPKKVMTIFGEHGNIGPASVPIVLSKLRELGRLKKGDRIALMGIGSGLNCSMAEVVW,pET28b+
OleA,WP_053234550.1,Andaracinus amylolyticus,337,1014,N-term 6XHIS,Nde1/Xho1,before Xho1,MLFSSVSVASVAYVDAPHRVSSRELEDRLSPLLKRLGLAPGIIASLSGVQARRFWDEGVQPSEVAAQAGEKAIVASGIDRARIGVLVNTSVCRDFVEPSTASIVHRHLGLSPRCRNFDLANACLGFLDGMELVAAMIERGAIDAALVVDGEGSRFAVEKTIDRLNASGDARALGEEFATLTLGSGAAAMVLCRRDLAPAAHAFRGGVSLAATDWNHLCRGHADRMVTDAQKLLTQGLDLASKTFELARTELGWSPDVLDEVVIHQVSRQHTEKLAAQLGVAPAKIHAIFPEHGNVGPASVPMVLAKAAEIGRLRSGMRVALMGIGSGLNCAMAEIVW,pET28b+
OleA,WP_119951226.1,Frankiales bacterium,342,1029,N-term 6XHIS,Nde1/Xho1,before Xho1,MPNAGQRYSDVVISGLAHLDAPQVLTSEAIEDRLAPAMKRLGVGRGLLGRLVGISQRRVWDEGTPPSDPAAEAGRRAIERSGVPAEQLGMLVNTSVSRDFLEPSTASIVHGKLGLPTTAMNFDLGNACLGFVNGMNLVSTMIERGEIDHGIVVNAESSRFVVESTIERLLTKGTPEVLREQFATLTLGSGAVAMVLSRKGTVDDGHAYLGGLSRASTQHAHLCTGHAHEMLTDLRGLLDAGIELGHLTWKEAVDAYGWDPDGFDLYALHQVSLVHTRAVCDTLGIDPQRVPLIFPEHGNMGPASVPYVLSKAAEEGRLRRGDKAVLMGIGSGLNACAAEVHW,pET28b+
OleA,WP_101620581.1,Brevibacterium antiquum,342,1029,N-term 6XHIS,Nde1/Xho1,before Xho1,MANGNATFRHSNVALLGLTEILAPNVVTSQEFDERLADTLSTLNLPTGLLQRVAGVNARRNWDEPSQFADGAIAAGKKALAEAGVSPDSIGLMVNTSVTREHLEPSVAVGVHAGIGLGSRAMNFDIANACLGFVNGMTLAANMIDAGQIEYALVVAGEDASRVQEATLRRLTRPGISREEYLNEFASLTLGSGASAAVLGPADKHPNGHRILGGITRAATQHHELCVGDHNGMFTDTKGLLAGGMELVVAAWEEAHEDGWDWREMDRYIMHQVSDVHVNSITKAANLDPDRIPVTYPELGNVGPASLPITLSREASHLKRGDRILCMGVGSGLNTAMTEIEW,pET28b+
OleA,WP_100422947.1,Sediminihabitans luteus ,334,1005,N-term 6XHIS,Nde1/Xho1,before Xho1,MVHQNVALLALATTLPDDVTTSDEIDERLGETLRRLRVPRRMLQRVAGVHERRRWAKDQSFVSAAVAAGEKALAEAGVAPSEVGLIINTSVTRPHLEPSVAVRMHDGLGLPSSAMNFDIANACLGFVNGMTVAASMIDAGQIRYAIVIDGEDADEMQDRTIERLSRPTTTREDFMNEFASLTLGSGAAAVVLGPADAHPVGHRILGGVTRAATQFHEVCVGSVDGMITDTKALLKGGMELVVAAWKDAREHFSWSSMDRYILHQVSDVHTDAIVKAARLDRSKVPLTYPRHGNVGPASIPITLAEQAPSLAPGDRVLLMGVGSGLNTSMMEIAW,pET28b+
OleA H291A,NP_635607.1,Xanthomonas campestris pv. campestris str. ATCC 33913,338,1017,N-term 6XHIS,Nde1/Xho2,before Xho2,MLFQNVSIAGLAHIDAPHTLTSKEINERLQPTYDRLGIKTDVLGDVAGIHARRLWDQDVQASDAATQAARKALIDANIGIEKIGLLINTSVSRDYLEPSTASIVSGNLGVSDHCMTFDVANACLAFINGMDIAARMLERGEIDYALVVDGETANLVYEKTLERMTSPDVTEEEFRNELAALTLGCGAAAMVMARSELVPDAPRYKGGVTRSATEWNKLCRGNLDRMVTDTRLLLIEGIKLAQKTFVAAKQVLGWAVEELDQFVIAQVSRPHTAAFVKSFGIDPAKVMTIFGEHGNIGPASVPIVLSKLKELGRLKKGDRIALLGIGSGLNCSMAEVVW,pET28b+
OleA,WP_044441590.1,Agreia bicolorata,340,1020,N-term 6XHIS,Nde1/Xho1,before Xho1,MDGNATTTHRNVALLSVATTMATRITTSAEIDRRLAPSLKRLKLPTGLLQRVAGVHERRNWGEGQTFDDAAIEAGKKALAEAGIRPDQVGLLINTSVTRKHLEPSVAVRIHHGLGLPSSATNFDIANACLGFVNGMALAGQLIDAGQIDYAVIIDGEDADEIQVNTIERLGREGIKRKDFMSEFASLTLGSGAAAAVIGRADLHPEGHRMLGGITRAATQFNDLCVGSVDGMFTDAKALLKGGMELVVSAWKDAKRQWSWSHMDRYIMHQVSSVHTNAIVKAANLDATRVPVTFPLLGNVGPASIPITLAQEASKLVRGNRVLLMGVGSGLNTSMMEIAW,pET28b
OleBC,WP_044441907.1,Agreia bicolorata,890,2670,C-term 6XHIS,Nde1/Xho1,after C_terminal_His_tag,MDARFSRLVTVADGDSGRSATWHLLDNGPVLDELGVTPVGTLLCVHGNPTWSYLWRGLVAAATDAATTAAETGSGLVSSGVWRVVAVDQLEMGFSERTGTERGLERRVADLSALTDALELTGPVVTVGHDWGGVVSMGWAVDHSELLAGVVLLNTAIHQPEDRAIPWPLRLTLQRGMLGRATVATPAFLETTLALAHPALAADVKNGYRAPYRSADRRGGIGAFVADIPVDEQHRSWNELERIAAGVRELGVPSLMLWGPRDPIFSDTYLDDLAERMPQADIHRFEGAGHMIAEDVEYAPVVLGWLEARSLSLSKGTDSVDELPVDKLREQKASKRPLWSVLDELRGSTDIALVDMKPYRAVSWRLLSRRVRQLAAGLVRAGVKPGDRVSLLIPPSADLTAVLYACLRIGAVVVVADAGLGLPGLTRAVRGARPDHVIGALPGLTVARAFSWPGQKISTATLPLPTALALGVRHSLGEIARLGADESLPEPPAASAVAAVLFTSGSTGPAKGVVYTHAQLEAVRDALSSQYDIGVGTGLVAGFAPFALLGPALGARSVTPDMNVTSPRTLTAKATAEAAAAVDASVVFLSPAALANVVATSDALGLADTAALAGVKTFLSAGAPVPESLLAAAGRLMPNATPHTPYGMTEGLLMTDITLEGIRAAADDAAALPDGEHAGGVCVGAPAGSVRVRIAALDENGMPGGEPSEQPGVTGEIVLSAPHLKQSYDRLWATNRVADADSVPASAGDQGERWHRTGDVGHLDSAGRLWVEGRLPHVIVTAAGVITPVGPEQKIESLLGVNRAALAGIGPRGTQQLVAVLETEPAASRPAALGDSELAAAVRHATGLDIAAVLVVAALPTDIRHNSKIDRSALSRWAEGVLSGAKLSAP,pET30b
OleD,WP_044441591.1,Agreia bicolorata,325,975,N-term 6XHIS,Nde1/Xho1,before Xho1,MRVLVTGASGFLGGAVAREIAVAGHEVRTFQRRPSGVDGVDDVLGSLTSTADVARAVEGMDAVVHLAAKVSLAGDPAEFEAVNVEGTRALLASMRDAGVGRLVFVSSPSVAHAGASIVGDDAQPADPRHARGEYARTKALAELLALGSDSGSLRVVAVRPHLVWGPGDTQLVERIVERARAGRLPLLDRGAALIDSTYIDNAASAIAAALERVDEVHGNAYVITNGEPRPVAELLGGICAAAGVAAPAWSVPAGVARAAGSLIEVVWRVKPGADEPPMTRFLAEQLSTAHWFDQRRTRSELQWRPAVSLDEGLRRLAGHYSATPR,pET22b
OleA,WP_003805730.1,Arthrobacter globiformis,350,1050,N-term 6XHIS,Nde1/Xho1,before Xho1,MQDGNEQGLDLAGNATFRHSNTALLSVSSVEAPRIVSSTDFDRRLASTLQRLKFPPRLLERVAGITHRRWWAAGTSFDDAAVEAGAKALAEAGVEASDIGLLINTSVTRRNLEPSVAVKIHHGLSLPSSAMNFDLANACLGFVNGMTLAANMIDSGQIKYAMIVNGEDAQATQEATLARLQRPETTREDFNREFATLTLGSGAAAAVLGPADQHPGAHRILGGVMRAGTEHHELCVGGIDGMATDTKGLLDGGLRLVVDAWNEAQPEWDWASMDRYITHQVSTAYTQAIIGAIDLDPDRVPITFPHWGNVGPASLPMTLAAEAQTLGTGDRVLCMGVGSGLNTAMVEIVW,pET28b
OleBC,WP_003805731.1,Arthrobacter globiformis,898,2694,C-term 6XHIS,Nde1/Xho1,after C_terminal_His_tag,MVTADWHGVDPAWSREIAVASTSAADEPGTVRRWHLLDNGAELSRRGLAPAGTLLCVHGNPTWSYLWRTLLAAGSDPAHPWRVVAVDQLDMGFSERTGRFRRLADRINDLGDLTDALGLDGPVVTVGHDWGGVISLGWALAHPQHVSGVVLTNTAVHQPSGAAIPPALRLALHPAVHRWGTTTSDTFLRVTHSLANPPLPADIRKAYMVPYRGAPRRAGVGNFVADIPADASHPSFPALSRVAEGLRGLKVPALMLWGPRDPIFSDRYLKDLISRLPHADVHRFEGAGHLVAEDRNIAAPVFQWLAGHRGTSGAGSPAAEAAATGGQGLKGAEERGRAGFRPLWELLGELAAGPAKGATAVAEMGPDGRVSRSLSWQQLDGNILDLAAGLREAGVRSGSRVSLMVPPGVDLTVALYACLRLGAVVVVADAGLGTSGLSRAVKGATADFLIGIDKALAAASVLGWPGRRISVQDLPAARRRIVGVETSLAALAGRGAGRGARRPTHTVDPAAPAAVLFTSGSTGPAKGVLYTHRQLAAMRDTVAETFGIRPGARLVAGFAPFALLGPALGTVSVTPAMDVTAPRTLTARALADAAAAIEATVVFASPAALRNVLATRDAVGGAGHKALESIELLLSAGAPVPEPLLAEVQRLMPRASLHTPYGMTEALPVTDISLEQIQAADAETAAGTVAGAGNGVCVGRPVHGARVAVVPLAADGTAPGSHLVTEAGVTGEILVSAAHVKEAYDRLWLTQRASTSLPGWHRTGDVGHFDAAGRLWVEGRLDHVVTAPGAAVTPVGAEQAIERLDCVRLAAIAGVGPAGTQAVVAVVETVPPARKAGPAAPELSGRVRRAAREAGVNVSAVLAVPALPTDIRHNAKIDRTRLSRWASRVLAGGRPGEP,pET30b
OleD,WP_003805732.1,Arthrobacter globiformis,329,987,N-term 6XHIS,Nde1/Xho1,before Xho1,MRVLVTGASGLLGREVARLLVRQGHAVATFQRRPSGIDGAADFCGSLTDDAALRRAIEGSDGIIHLAAKVSFTGRAVEFDEVNVEGTRRLLHSARAAGVRDVVFVSSPSVANSGAAIVGVGAEPADPQHAHGDYSRTKAEAELLALAADAPECRVAAVRPHIVWGPGDTQLVERVLARASRSRLPLLDAGAALIDTTYVDNAASAIVAALHRMEHVHGRAVVVSNGEPRPVGELLAGICAAGGVPAPSWTVPGGVARAAGAVVEKLWTWAGRKEEPPMTRFLAEQLSTAHWFDQRQTRELLNWTPAVSLDEGLARLAEHYSCGSAAPRR,pET22b
OleC,WP_035678212.1,Azospirillum,519,1557,C-term 6XHIS,Nde1/Xho1,after C_terminal_His_tag,MAHLLHQFLSETAARRPHHTALIAGENAVTFAELDRQSDAVACALQSAGVVRGDRVAVMLENSIEYVAGLFGALKAGAVYVPVNPSTKADKLAYILTDAGVRALIAPAALARQVVPATGEAPHLATTLWVGPAVPAGAGGLSFTDIVAAHPDAPSGSTKPQNRGLIDQDLAAILYTSGTTGRPKGVMLSHAALVNTTWSISTYLENTPDDVVMCVLPLTFGYGLSQILTGARVGFTVVLERSFAFPAETLARMVKHRITGLPGVPTFFSTLLGMEALKTADLSSLRYLTNAAAPLPTAHIDRLRERFPDAAFYSMYGMTECCTRICYLDPRDLGTKTASVGRAIPNCEAYVVDELGNRAAPGEVGELVVRGANVMRGYWNRPEETAKRLRSGPQGETLLHTGDLFTMDADGCLYFVSRKDDVFKCRGEKVSPKEVENALYELEAVVEAAVLGVPDPADGMAVKAYLVVRPGATLTEMAIRQHCRGRLESHLVPKFIEIRDELPKTESGKIKRAMLAETA,pET30b
OleC,WP_014198152.1,Azospirillum brasilense,519,1557,C-term 6XHIS,Nde1/Xho1,after C_terminal_His_tag,MAHLLHQFLSETAARRPHHTALIAGENAVTFAELDRQSDAVACALQSAGVVRGDRVAVMLENSIEYVAGLFGALKAGAVYVPVNPSTKADKLAYILTDAGVRALIAPSALARQVVPAAGEASHLATTLWVGPAVPAGAGGLSFTDIVATHPDPQSGGTKPQSRGLIDQDLAAILYTSGTTGRPKGVMLSHAALVNTTWSISTYLENTPDDVVMCVLPLTFGYGLSQILTGARVGFTVVLERSFAFPAETLARMVKHRITGLPGVPTFFSTLLGMEALKTADLSSLRYLTNAAAPLPTAHIDRLRERFPDAAFYSMYGMTECCTRICYLDPRDLGTKTASVGRAIPNCEAYVVDELGNRAAPGEVGELVVRGANVMRGYWNRPEETAKRLRSGPQGETLLYTGDLFTMDADGCLYFVSRKDDVFKCRGEKVSPKEVENALYELEAVVEAAVLGVPDSADGMAVKAYLVVRPGATLTEMAIRQHCRGRLESHLVPKFIEIRDELPKTESGKIKRAMLAETA,pET30b
OleD,WP_002653825.1,Blastopirellula marina,328,984,N-term 6XHIS,Nde1/Xho1,before Xho1,MRALVTGGGGFLGRYIVEQLLARGDQVRVLGRRDYPDLAAIGVNCLRGDVADAQIVSQACADQDVVFHTAAIAGIWGRWEDFYQANVVGTQNILAGCREHGVGKLVYTSSPSVTFDGTDQNGVDESVPYPTRWLAHYPRSKAIAEQQVLAANQPGKLLTCALRPHLIWGPRDQHLIPRLLQRAKSGKLRIVGDGKNRVDMIYVENAAVAHLQAAAALVAGGAVCGNAYFLSQGEPVVCWDWINELLELAKIPKLERKISYRAAFAIGRLLETAYKIARKYDTEPRMTRFLAAQLATNHYFDLSAARRDFGYQPQINMKEGMRRLAETL,pET22b
OleC,WP_002653827.1,Blastopirellula marina,562,1686,C-term 6XHIS,Nde1/Xho1,after C_terminal_His_tag,MTTAASSTSKNVGLLLAQVAAERGDAVAIATPGRRDADGRRVYQTITFAQLEADSTRLAAGLAALGVTPGTRLALLVKPSIDFVSLVFALFKVGAVSVLIDPGMGRKNLLRCLDQVEPEGFVAISIVQAVRVLMGRRYGQAKMNVTVGRRWFWGGPTIDDLRKTDASHFQPVAAAADDPAAIIFTTGSTGPPKGVLFRHEGFYEQVQQIRDRYDIQPGEIDLPGFPLFGLFNSAMGVTSVIPEMDASRPAAVNPLNIIEPIHDWQITQSFASPAVWNKVGLYCEQHEIRLPSLKRVLSAGAPVPPHVLRRMKNAIHADGDIYTPYGATEALPIASIAASEVLDGTELASAQGAGTCVGRRFSGIQWRVIRITDADIATLDQCEAVDEGEIGELIVTGPVVTHRYFTSEAATQAAKIADGERIWHRMGDVGYLDAEDRFWFCGRKAHRVRTIDGDMFTIPCEAIANNHASIFRSALVGVGEPGDQFPVMIVEPWSDKYPQSREAIDALLEEVRQLCAAHPLTETIHDFLLHPAFPVDIRHNAKIFREKLAVWAEERLNEPSQD,pET30b
OleA,WP_005885358.1,Brevibacterium mcbrellneri,371,1113,N-term 6XHIS,Nde1/Xho1,before Xho1,MLRCAHWHAPALLTANLLDARIERTLLNGRTPGNTTFRHNNAALLGIAETTAPNPVSSGSFDEKLASTLKRLHLPQGLIRRVAGVDYRRNWDNPHDFIAGAVNAGKQALERAQVDADQIGVMINTSVTRETLEPSVAVSIHHGIGLPTSAMNFDIANACLGFVNGMTVVSTMIDSGQIDYGLVVAGEDATRVQQATLNRLSQDDITRAEYLNEFASLTLGCGAAAAVLGPADRHPEGHRILGGVTRAGTWNHELCVGDHNGMFTDATGLLTNGMELVINAWNEAHEDGWDWNDMTMYVTHQVSKIHTNEMAKTASLDLDRMPVTFPELGNVGPASLPITLARNADSLKSGDRILAMGVGSGLNTAMTEIVW,pET28b
OleC,WP_005885359.1,Brevibacterium mcbrellneri,927,2781,C-term 6XHIS,Nde1/Xho1,after C_terminal_His_tag,MSHPSQAAFGAAPATTPPDLAEWDPQWSRIVTVPTFDGERSFHVLDTLPALRERGLEPTGTIVALHGNPTWSYLWRRLAQATVDAADEPGARTWRVIAPDQLEMGYSERVEHSNLPTPLGDDPTQRRIAQRVADFDAVISELTAEVSATSGADHPLVTLGHDWGGVLSLTWAARNQDRVAAVMTLNTAVWHDDNENIPAALRAALTGPVLPYSTVRTDAFLRATLALSNSIPPEVANAYRSPYQTAAQRHGIGQFVADIPATSDHPSHGELQQLARDIATIEAPALILWGPKDPVFQERYLRDLRKRLPQADIHRFERTSHLFAEDVDYASTVLQWLAATLPVDGTEAAAGGAADSARTVTGETGPDAATDSNDDLPMIFDALDARHTDPSVASVDMSKDQAISWAQLSHVVDAIALSLQEKGLKRGDRVSLLVPPGNNLTAAAYAVLKAGGVVVVADAGLGAAGMTRAIKASDPQWIIGEVPGLTLARGAGWPGRRVSVTPLNALTRRLLGVETSMTEMSRRWVKSHEKIDTPHLDDDAAVLFTSGSTGPAKGVRYTHRALGALATVLQRHFDVKPGTGLVAGFPPFALLGPGIGASSVTPNMSVTKPRTLTARALAEAVAAGSCTMVFASPAAYTNVAATADELTDEQRAACAGVEMALSAGAPVPLELMRKIKSVFPNASVHSPYGMTEGLLLADITADGVAEAMEAASDHGVCVGRPIEGVRFAIAPILPDGSSSEELIELSSPGGSDVAGSEAVGVLGEFVVSADHIKSGYDRLWLTDVESKRDTAGGHTWHRTNDIGHVDAQGRIWVEGRTQHIVTTPYGPVAPGGVEAVVDTVPGVSRSAVVGVGPHGNQALVVVLERTDEMKPGLAGLDITAQIRETVLEKCDLDVAAVLVAKDFLTDIRHNSKINRERLREWAEDQLG,pET30b
OleD,WP_005885372.1,Brevibacterium mcbrellneri,322,966,N-term 6XHIS,Nde1/Xho1,before Xho1,MRICVTGASGLLGSGVARALVEQGHHVTTLQRRPSGVDGAQDVLGSVTDPACVEGALTGAEAVIHLAAKVSMAGDSAQFDRVNIDGTRTVVEAAQAAGVNRFVHISSPSVAHTGSSIIGEGAQPANPQTARGDYARTKAQGEIIALNADSDSFPVIVLRPHLMWGPGDTQLTERVIERAKQGRIPILGSGTPLIDTLYSTNAIDAILAALEVVPHTHGEALVVTNGQPRPVGELLNRIAVAGGAEPIRLHVPAGAAKAAGSAIETVWNLTEHDDEPPLTHFLAEQLSTAHWFDQRRTREALNWTPAVSIEQGLKILAQHYGK,pET22b
OleD,WP_034630942.1,Cellulomonas cellasea,329,987,N-term 6XHIS,Nde1/Xho1,before Xho1,MKVLVTGASGLLGRAVADALHAAGHDVRTFQRRPSGLAHAQDVLGSVTVPAEVDRAVAGVDAVVHLAAKVSLAGDPAQFHEVNVRGTGNVLAALARHGVERLVHVSSPSVAHTGASIVGDGALPADPARARGDYARTKAEAEVLALAADRPGLRVVAVRPHLVWGPGDTQLVARLAERARAGRLPLLDAGTVLVDTTYVDNAASAMVAALGRLDAPDGAVRGQAYVVTNGEPRPIAEMLGGICTAMGAPAPSRHVPAALARAAGSLVEAVWRVRPGTDEPPMTRFLAEQLSTAHWFDQRRTRADLQWAPAVTLDEGLRRLRAASGTPAG,pET22b
OleBC,WP_034630946.1,Cellulomonas cellasea,1010,3030,C-term 6XHIS,Nde1/Xho1,after C_terminal_His_tag,MTSPGAPGPTAPASLPPRGLAGLDAGFSRLVRAPETPLTAVPEHGAGRAGAGSSAGPVRTWHVLDNGGRLDELGREPVGTVLCVHGNPTWSYLWRRLVAVATEAAAAGRPAWRVVAVDQLEMGFSERTGAHRPLARRVRDLGDLTDALGLAGPVVTLGHDWGGVVSLGWAVDHPDVLAGVAVLNTAVHQPAGTPVPAPLRLALRRGVLASSTRRTTAFLDTTLALAHPPLDPAVKAGYRAPYRSAGRRGGIEGFVADIPADAAHPSAAELDRVAAGVRALDVPALVLWGAKDPVFRDRYLDDLQARLPHADVHRFETAGHLVAEDVDHATAVLDWLDDRFGEHDAGGAYRAGAGGATLGADADTHGRHAAPGHVEDAPADVAAHAAPGVDRPAHPDGVADDDPRPGRPAHVGPGHVEDVPAGHPAHAAGGTAGEWGDRHPLWYRLESLAGSAETALVELAPSAGPAPRVVSWRLLARRVREIAAGLDALGVRRGDRVSLVVPPGADLTAVLYACLRIGAVVVVADAGLGVRGLTRAVRGARPDVVIGAAPGLSAARALGWPGRRISVAPLAPALARALGVEHTLADVAELGARREPPAPPGPDDTAAVLFTSGSTGPAKGVVYTHAQLAAACRALATRYDLGPGTGLVAGFAPFALLAPGLGARTAIPAMDVTSPRTLTAAAVADAAAAVDATVLFLSPAALANVVATADGLTAEQHAGLGSVRTFLSAGAPVPVELLARAAELLPHATPHTPYGMTECLVVTDITLDEIRDAAGAPGPDVPGGVCVGRPAAGAVVRISALDDDGAATGTPSTEPDVTGEIVVSAPHLKQGYDRLHLTDRASTLGTATSSGSDTGPRAGTGTGTAPGPGPGPERWHRTGDVGHLDAEGRLWVEGRLAHVVVTADGVVTPVGVEQRVDGVPGVARSALVGVGPRGAAVLVAVVETGPAARRPGLAAPDLAAAVRAAAGRPLAAVLVVPRMPTDVRHNSKIDRTRLAAWAEGVLAGRRARRP,pET30b
OleA,WP_034630949.1,Cellulomonas cellasea,340,1020,N-term 6XHIS,Nde1/Xho1,before Xho1,MSGNATSRHRNAALLALASTTPDRVTTSADIDRRLAPALKRLRLPRGLLQRVAGVHERRNWADGQTFDGAAIAAAEKALAESGIDRREVGLLVNTSVTRKHLEPSVAVRIHHGLGLPSSAVNFDIANACLGFVNGMNLAAQLIDAGQIKYAVVVAGEDADDIQNNTIERLIGDDITRADFMQEFASLTLGSGAAAAVVGPADAHPEGHRILGGVTRAATQFHDVCVGSVEGMYTDTRALLEGGMELVLAAWTEARHEWDWAAMDRYILHQVSDVHTKAIVKAAGLDRSRIPTTYGRYGNVGPASIPITLAHEASSLEPGDRLLLMGVGSGLNTAMMEIAW,pET28b
OleA,WP_015490789.1,Clavibacter michiganensis,343,1029,N-term 6XHIS,Nde1/Xho1,before Xho1,MLLNGNATFRHRNTSLLGLASVLAPHTVTSVEIDDRLKPVLSRLRLPTGLLQRVAGVLERRNWDTSMSFDAAATEAGRTALAQAGVQPSQIGLLINTSVTRAHLEPSVAVSIHNGLGLPSSALNFDIANACLGFVNAMTLAGHLIDSGQIDYAMIVDGEDAGEIRHNTVARLLRPETTRADFLSEFPSLTLGAGAAAAVLGRTSDHPEGHRILGGVTRAATQHHELCIGDVDGMFTDTKELLRGGMELVVDAWKEAAQDDWEWSDMDRYILHQVSDVHTNAIVKAAKLDKSRVPLTYPRYGNVGPASIPITLADQADSLSRGDRVLCMGVGSGLNTAMTEILW,pET28b
OleBC,WP_015490788.1,Clavibacter michiganensis,888,2664,C-term 6XHIS,Nde1/Xho1,after C_terminal_His_tag,MSASAAVDAATVPAAGPDGLPLPGLDPAWSRVVRAGGHGWHLLDTGERLAATGAPVAGTILCVHGNPTWSYLWRRIAAESLARAERDPSRPAWRVVAVDQLDMGFSERTGTARTLPTRLDDLQALTDELGLSGSAARAPVVTLGHDWGGVVSLGWALRNRDVLAGVMALNTAVHQEEGVPIPWPLRLALATGIHDAATRGTPGFLATTLALAHPPLDPAVRRAFAAPYRGADRRAGIRGFVADIPVGPAHPSHATLTSIAEGLRDLDVPALFVWGPRDPIFSDVYLSDLLERLPHAEVHRVEGAGHLVAEDHDYASAALDWLADRIAPGSDRSPAPARAAAPVRPLGALLEELRDSDDPVLVEMAPRGGGGPRTVSWRLLSRRVREIAAGLHARGLRAGDRVSLLVPPGADLTALLYACLRIGAIVVVADAGLGVKGLGRAVAGSRPDMVVGIPAGLALARALGWPGERISVTTLAPPVARALGVAASLPEIARDGRAQVLPPEPAADDDAAILFTSGSTGPAKGVVYTHRQLAALRDTLGSRFDVGVGTGLVAGFAPFALLGPALGATSVTPDMDVTRPRDLTASALAAAARAADATVVFASPAALANVVATADALTDADRAALGRVRSLLSAGAPLSEALLTRAAALVPAAQVHTPYGMTEGLLLTDVTLEGIRDAARRGDAGVCVGVPVDPVDIRISRLDADGAATGALTSEPGVTGEIVAAAPHVHDRYDRLHVTDRAARRDSADGIRRHRTGDVGHLDAQGALWVEGRLPHVITTADGVLTPVGPEQRAESAPGVGRAAAVGVGPAGVQQLVLVVETVPAARRVGLAGADLAGVVRAAVGDPVAAVIVVPVLPTDVRHNSKVDRARLGRWAAGILAGGRVTAP,pET30b
OleD,WP_015490787.1,Clavibacter michiganensis,333,999,N-term 6XHIS,Nde1/Xho1,before Xho1,MIVLVTGASGMLGRAVAERLAAAGRAVRTFQRQPSGLAASGTQPVPGSVVDLRGSVTDPAAIVRAVDGVDAVIHLAAKVSLAGDPADFRAVNVEGTRSLLEAARAAGVTRFVHVSSPSVAHTGLSITGDGAGPADPVRARGDYARTKAEGELIALAADDPAMRVLAVRPHLVWGPGDTQLVARIVDRAARGRLPLLGHGAALIDTVYRDNAADAIVAALAAADTAHGRAYVVTNGEPRPVAELLAGMCRAAGVPVPRIRVPAALARAAGGAVERVWAVRPGSDEPPMTRFLAEQLSTAHWFDQRETRRALGWTPAVSLDEGFERLRLAYAAAR,pET22b
OleD,WP_028327378.1,Dermatophilus congolensis,333,999,N-term 6XHIS,Nde1/Xho1,before Xho1,MKVLVTGASGMLGGGVAEALMQRGDEVTVLQRRVSNIPGVREVLGDITVPGDVDRAMAGQEAVVHLAAKVNITGRWEEYLRINAGGTLNMLDAARRHGICRFVHTSSPSVAHAGTSIVGEGAGPASPEHARGNYARSKAISERMALEEDLRSQQAGSGPAVVVLRPHIVWGPRDTQLVARVIRRAQAGRLPVVGNGAALIDTLYIDNAVDAFVAAVDRCIDVRGESFVVTNGEPRPVSEIFVSWARAGGVDPAPKVLPKRPALWVGSAVDVVTGLRERFGVLNEADPPLTRFLVEQLSTAHWFDQRRTQQALRWTPKVSLDEGFARVAEYYCR,pET22b
OleBC,WP_051277576.1,Dermatophilus congolensis,899,2697,C-term 6XHIS,Nde1/Xho1,after C_terminal_His_tag,MVTPVEIRSQLTGLPGIDPAWSRTVTAVDADGIDRTWHILDTHAPNGSDKETEPTHGTLLCVHGNPTWSYLWRHILAAPAPGWRVIAVDQLGMGFSENPRGSMAQPRTLAQRIKDLAGLTQALNLTGRVVAAGHDWGGMVATGWALEHRELLAGLVLANTTVHHDFDAGLPTALKFSLTPRTLRAATVDTPAFVRGTTAVSSPRPSRDVQNAYALPYRTRSDRSFVGQFVADIPTTSGHPTRATMRNLADGLSALGSETAPVPVLLLRGPKDSVFSEAHLRDLQARLPHADVHRYEGASHLVLEDAPRITEDIARWIETRVDQHGACINSDPAAHAGRPPQAPFAVGTPAQPWSGLTDLAHRDPEALCVAEVATGRRITFGQIDTDIEHVALGLRDAGLRPGDRVALLVEPGIDLTVAAYAAWRAGGVIVVADAGLGLSGMGRALRGAGVHHVIAMSKAMPALPALRVPGTRFLVGDLPRLARKALGVRASFDDLRARGRALAAGGHTLPASRKPEDDAAVLFTSGATGPSKGVVYTLDQIRAQVGGFGHIYRLTPGDRLVAAFAPFALYGPALGVAGVVPDMKVTAPATLTAAALADAVTAARGTTVFASPAALRNVLATSEQLQPSQRRALAGVKIVMSAGAPVPLTLLRRLSDTVFPHAEMHTPYGMTECLPVSDITLDELEQVYAPERMQDGVCVGRAIESVQIMVAPLPAVPDGPDGDLTAEAGVVGEICVRAPHMKDRYDQLWGVDDASKSPRGWHRTGDVGHLDGDGRLWVEGRRVHVIHTAEGPLTPVGLEQRVESLNGVANAAVVGVGPRGLQQLVVVLTPDERGLARAAGGVLADQALHTAVRAAADRPVAAVLVRDSMPVDIRHQSKIDRTALACWAEDVLAGNGGRR,pET30b
OleA,WP_028327376.1,Dermatophilus congolensis,341,1023,N-term 6XHIS,Nde1/Xho1,before Xho1,MSGNASYHLSNCSILAVTTVEAPEIVTSAELDTALAPAYTETRTVAGQLERLAGVKQRRWFPADEDFTDGAVEAGRRALHTAGISPEQVGLVINASVTRPHLEPGISAKVHAELGLPRNCMDFDVTNACLGVVNGMQIAGTMIDAGQIRYGLIVASESSRQMQEATIKRLNAGGATKSDVKQAFATMTLGSGAVAILIGPTDAHPEGHRLLGGITRAGTEHHRLCVGSMDGMRTEASKLFREGIDLALDAYTESAEDGWDWKDMDWYVAHQTSTAHIATLAQRLGKPLEKFPTTISEYGNIGPAAMPYTLGTFQDQFATGDRLLLMGIGSGLNASFVEVQW,pET28b
OleD,WP_012948567.1,Geodermatophilus obscurus,344,1032,N-term 6XHIS,Nde1/Xho1,before Xho1,MRVLVTGASGMLGRATATGLLERGDEVTVLQRRPSGLPCAEVLGDVADPAVVGRAVRGQDAVLHLAAKVDVTGPWAEYVTANVDGTRTVVDACRTADVGRLVHVSSPSVAHAGTALAGVGAGPADPARARGRYARSKAMAELDVLAADSPSLAVLAVRPHLVWGPGDTQLVGRIVERARAGRLPVIGSGAALIDTTYVDNAAAALVAAVDACGPVHGEALVVSNGEPRPVAEVLGRLCRAAGVPVPRRRVPFGAAYAVGAAVEGIWAVTGRRQVPPITRFLAEQLATAHWFDQRRTRTALGWRPRVGLDEGFSRLRTWYLRTPRSADTAPAQRPPTPSPAAPAP,pET22b
OleBC,WP_012948568.1,Geodermatophilus obscurus,861,2583,C-term 6XHIS,Nde1/Xho1,after C_terminal_His_tag,MTAPDTTAEEAARLPPALPGLDPAWSRLVAVADSTGVKHTWHVLDNGVPDPVGTLLCVHGNPTWSYLWRRLLAAAPPGWRVVAPDHLGMGFSDRLPGPRPLRQRVADLGDLTAALGVTGPVVTVGHDWGGVLSLGWALAHRQDLRGVVLANTAVAMPEGDLGPALIRMASAPGVRATVTVGTPVFVRATTALSRPALPAGVRSAFAAPYRSPARRRSVGDFVADIPFSPGHPSRPAQEAIAEGIRTLDVPALLLWGPRDPVFGERYLADLRSRLPQARLHRYEGASHLLPEDAPRYAEAVAQWVTDLGTGTTEPPDRPAGHAARRLWTALDERSGDDAPAVVEVGGTTVSWSALARRVRNLAAGLAASGVRPGHRVALLVEPSADLTTAVYAVWRAGATVVVADKGLGLGGMRRALRSASVDAVIGSRPGLAAARLMGLPGSRFAAGRAGRAALRALGAAATLDELEARGRSAPVPAEGPVDDDCAVLFTSGATGPAKGVVYTHRQAAAQLDLVRSTYGLTADDRLVAAFAPFAILGPALGIGSAVPDVDVTAPGSLTAAALADAAAAVDATVVFASPAALRRVGATAGDLSSGQRRALARVRLLMSAGAPVPASLLRSLREALPAADAHTPYGMTEVLPVTDVSLAGIEAAGEGEGVCVGAPLPGVTVRVSPLSPEGTADGPLTDRPGVVGEVCVRAAHVKDRYDALWALERAASRDPGFHRTGDVGHLDPDGRLWIEGRLQHVIATASGPVTPVGIEQRVERVDGVTAAAAVGIGPPGTQVVVLVVVPSEGSSGRRRQRLGLAGPDLADAVRAAAGVDVAAVLTTSALPVDIRHQSKVDRGEVARRAARVLAGARAPRP,pET30b
OleA,WP_012948569.1,Geodermatophilus obscurus,341,1023,N-term 6XHIS,Nde1/Xho1,before Xho1,MSGNATHRFGNTAVLALQTTDATRVVTSDALDDALADTYRRVGLRPGLLERLAGIRERRWWGEGVTFVDGAAEAGAKAISESGVDPAGIGVMINTSVSRRWLEPSTAVAVHHALGLPRSCQNFDVTNACLGFVNGMELAAAMIDAGLVEHALVVNGEDAQPVQERTLDRLNQPGTGSKDVIAQFATLTLGSGAAAMVLGRADRHPEGHRLVASVSRAGTEHHELCVGDNDLMRTDLKGLLDAGLALSEDMWADAAAEVDWAGGMSRYIVHQVSKVHTQAMCDRFSIDPALVPTTFPTRGNLGPASVPYTLAGEQDSLVDGDRVLLMGIGSGLNVSCLELAW,pET28b
OleD,WP_002649034.1,Gimesia maris,333,999,N-term 6XHIS,Nde1/Xho1,before Xho1,MNVLVTGGGGFLGLYIVEQLVAAGETVRVLCRGEYQRLKELGVETVQGDIRDATTVERACEGIETVYHTAAVSGIWGHWDYFYSINTRGTLNVIASCQSQGVTRLVYTSSPSVVYDGSAHENATESLPYSEHFLCHYPHTKMLAERAVLQANGENGLATVALRPHLIWGPRDNHLIPRLIQRARSGRLRQVGEGTNLISMSYVENAAAAHLQAAARLFPDSPVGGQAYFINEPEPVLMWEWINQLLVEAGLQPVKKQISTKAAKRIGSVLEFVFRVLHLPGEPPMTRFLASQLSSSHYYDVSRARHDFGYEPCVSFEEAMRRMKPELQRLAAH,pET22b
OleC,WP_002649035.1,Gimesia maris,554,1662,C-term 6XHIS,Nde1/Xho1,after C_terminal_His_tag,MSDSQRNIADRLKQSAQAWPFQKAVVFPAGQDKQGRYTYSSLTFQQLDQESDRLARGLIQLGVQPGTRMALMVRPSLEFIALTFALFKAGAVIILIDPGMGRKNIMRCLAEVEPEGFVAIPLAQLIRKLKHRSFPKAHLNVTVGKPVLTSGIDYEWLLGGEWEPFEIVQRSVTDPAAVIFTSGSTGPPKGVAYEHGMFWSQVDLLRDYYQIQPGEVDLPGFPLFALFNSAMGVTTVVPDMDPTKPAQVDPEKIIRQINDQGVTQAFGSPAMWNRIGRYCEQHQIQLPSLKRVLSAGAPVPVHVIQRMRQTFTNSETDINTPYGATESLPVASICGRDVLEKTSEQTQSGAGTCVGTPFPGVQVKIIQIHNEPIRSIEHAVELPVGEIGEIIVQGPMATREYFQRPEATQLAKIPDGDRFWHRMGDVGYRDAEGKLWFCGRKAHMLETSLGAMFTICCEAIFNQHPRVYRSALVGVGSKPNQKPVIIVEPEQGDYPENQAVRDQFTHELLTLGRANALTESIETVLFHRSLPVDIRHNVKIFREKLTPWAEKQVK,pET30b
OleBC,WP_088919873.1,Granulosicoccus antarcticus,896,2688,C-term 6XHIS,Nde1/Xho1,after C_terminal_His_tag,MSNRPTAPASLPPAGIVGLEPEWSRLVHTPKIDAVGRTWHILDSWADRSDDATPALTLLCVHGNPSWSFLWRRLLAQVMEAHGDRIRLIAVDQLDMGFSERTGVKRPLAQRIDDLCQLTDTLRIKGPVVTVAHDWGGPISLGWALQHLPKANPDVSESSDSVQLAGVVLTNTAVHQPQGSPAPAVIRLIRSPLVLRNATVNTRAFIQGAIEMSRPALDARVRAGFHAPYLKRSQRSAIADFVADIPLDAKHESASTLDAIATGLTELAQIPALLLWGPRDKVFSDLYLHDLEQRLPHADVHRFPGAAHFVSEDADVAGAVIAWIDQYQLAVNDPAKASTHTAVSPDVPAQPDRRALSDFSVATATNDAIVEIAPVHRSISFGELTERVDHLAAGMNSFGINAGDRVAVMVTPGIDLCLAVYGCWRLGATLVLVDSGLGRTGMQRALRSANPAYLIGIDKALIAAKLLRWPGKRIAVGKRSSVMNKALSIASDMATLTERGRDQATPPWPAPETLAALAFTSGSTGPSKGVIYRHHQIQAQRDALMSLYQITQNDRLVAAFAPFALYGPTMGITSIVPDMDVTSPGTLNAQALADAVKLVNATLVFASPAALVNVIASKSKLTEPQQAACSDVRLVLSAGAPVRAKLLTQATSIFTCADVHTPYGMTEALPIADIALSELQQIGKEAASDNLHAGGVCVGHPLPGVLVHIDPLDPQGEPMGQLSGEPGKLGEIMVQAAHTRDSYDRLWLTNYRASQPAGWHRTGDVGQLDATGRLWVGGRLGHIITTPKGVLAPVASEQRIESLYDITAAAVVGVGPVGTQVVVAVVELLLTLTPRGGASMELTEKVRKVVGEEVDIAAVLVVKKLPVDRRHNSKVDRTAVALWASRTLSGDSVASL,pET30b
OleD,WP_088919874.1,Granulosicoccus antarcticus,349,1047,N-term 6XHIS,Nde1/Xho1,before Xho1,MKVLVTGATSLIGRHVVSRLLERGDQVTVLQRRPSGITGVSEVCCDIASSHDTATHSSGPGTESESANGKTTEDLLANAMESRDAVIHLAAKVSISGRWDAFEAINIKGTERLINTAKRCGVARFVHVSTPSVAHAGRSLIGAPAGQANPEQVHGHYARSKAIGEKIALAANGQAMKVVALRPHIVWGPGDTQLIKRIVDRARAGRLLLVGSALALIDTTYIDNAADAIVAGLDNTDRAAGHALVISNGQPRTVSEIMQRILIASGIDIPLRHVPAGVAITAGTVIEHIWQALNRQDDPPMTRFLAEQLATAHWFDQRETHRLLNWQPSIGIEEGFERLAAFEQAESNS,pET22b
OleC,WP_014243240.1,Halobacteriovorax marinus,777,2331,C-term 6XHIS,Nde1/Xho1,after C_terminal_His_tag,MIKAIVYHGSPGTEEDFKFLEGYLENVVMASRGKSYDGDIYIGYSFGSYFAIKDFVNNPKASKLILISPYLFSEPLGSLKKLLLSNSLSANFLISKLKDKIIDELIEKSAHPKSASNEYREIAARYNNVNILQRAALEKEIPASEIEDLCKKCKDREVVIIWGDQDQSTDLGHIQRIRKLITAKEITLTGAGHAIPWTHREEVMKYILENSKERIGYHSGESAGNNVATFLREHVRENPEKSVLTWVDLQKISGWKGDLNTPLPHESISVKELDHLVSKISGGLLKLGIKKGDRVIIFIPMSLQLYAAMFALQKIGAVAVFLDSWARRDQLGVSAQTAEPKAILSLEKAFMYLKGVQEIEDIELKISVGPVEGKYDSSLEELMQSEPNDEITPVEKEHTALITFTTGSSGKPKGADRSHRFLSAQHYALNRHIPYIESDVDLPVFPIFSLNNLAAGVTTVIPAIDVGAPNERDPLILIAQFLTMKVTCTTLSPSLLNAVSAFCLKNNLKLNGLKRIVTGGAPVSRDDVQRIKEAAPNAEILVLYGSTEVEPMAHIEAKDMLAQVGDDDPEIVEPGVNVGKFDSGLEVKYIKIINDPITINSESEWQDIEVAKGSAGEIIVSGEHVCRNYYNNEEAFKKTKIVDNQNRVWHRTGDLGFEDEKGDLWLVGRVHNAINRGGEYCFPVRAEIVMKRVSGLLHAAYLGIPDDRLTEKPIAVFSVKEGEDASLVRSEIERMLTKNEIIFDDIIHVESIPMDPRHHSKVEYHVLRDSLKNEGKI,pET30b
OleC,WP_013563922.1,Isosphaera pallida,565,1695,C-term 6XHIS,Nde1/Xho1,after C_terminal_His_tag,MNVILASNRPTVSTGSISTDPLVALPDFPASWNSLGGALWSVSKRAATRVAMWDSTGASLTYSELLVRACVLWRALSRRLTAAENVGILMPPLVPSAVANLALNLGGRVPVNLNYTAGAEAVNSAIRQAGITHVVTARKATDRLGFVPDAEPIWLEDLPATITTIDKAWGFFVSKLGAGLASWFLPGLRGNRLDRLATIIFTSGSTGDPKGVMLSHRNILSNVMAVGCHLDFHDDDKLLGVLPFFHSMGTTICLWMALVLGIPVVFHSDPRDARVIGDLIERHELTILLGTPTFMRMYLTRCKPPQLKSLRYLILGAEKLKPELERDIREKLGITPLEGYGCTELSPVVSVNTPFEVTAPDGRTIPGNRVGTVGRPIPGTAVRTIHPETGEPLPPGTEGLVLVKGPQVMMGYLNKPEETAAVLKEGWYNTGDLGLLDADGFLKINDRLSRFSKIAGEMVPHVKVESAIMAVTGRNEQQVAVTGVLDHKRGEKLVVLYVPASDDAEHPVPPLEPEVVVKAIREAGLPNLWVPDPADFFEIDHLPTLGSGKIDLKALKQIARSKAGI,pET30b
OleD,WP_013563926.1,Isosphaera pallida,378,1134,N-term 6XHIS,Nde1/Xho1,before Xho1,MNVAVTGVTGFLGSAIADLLRMRGYRVRGLSRSAGSELRGRGIEPYAVDLSDRDRLTAVFHGCDAVIHTAAKTGIWGAECDYYRVNVLGTAQVVAACRAAGVTRLIVTSSPSVVHHGGDLDGVNESIPYPRRFLAPYPKTKAEAEQLALAANGPGLAVVALRPHLVWGANDPHLIPRLVQGRLRGTLRRIGHDDKLVDSTYIDNAAYAHWLALERLSNYDSPPAGRAYFIAQGEPTPLWSLIDRFLESAGAPRLDQTKMIGYRAALTLATLLETVYKLPGFKSEPPLTRFVVHQLATAHWFDLTAARRDLGYKPIVTLDQGLERLRAARCESTRASARFDLPLESSIHAAETNRCRAEGNPPLRLGDVHHLADQASAS,pET22b
OleC,WP_081458927.1,Isosphaera pallida,596,1788,C-term 6XHIS,Nde1/Xho1,after C_terminal_His_tag,MMCAMILDVPRTGTPTTSAPFSYPSHNIAETLAARARECPEAIAVIDRTQSRSTRTGERVGIVVSTFAELETLASRAAVRWRALGIGQGTKTVVMVPPGRRLFATLFGLFKLGAVPVLIDPGMGVRSLGRCLSEARPQAFLGVARAQWARRLLGWARDSIRITATVSRTVEPHQAPCDFESVSPVAVNEQDLAAILFTSGSTGPPKGVEYTHGQFQAQLELVRKALGIEPGQVELATFPLFALFGPALGMTLVLPRMDYTRPARVDPEEILDALRRHQAVSMFASPALLRRVATSWLAQGTRPPTSLKRIATAGAPIAPAILEEFDRLIAPDAVILTPYGATEALPVAVLDHRTILSETRGGTERGRGVCVGSPIPGVTVDVIAVSHDPIAVWSDSLRLPQGQVGEIVVAGPTVTRAYHNNDEATRLAKIADPSATEGVRHRMGDLGCFDEQGRLWFQGRKAHRLVTAQGPRDTAPVEGVACSHPGVARAALVGIPGTTRLELVVWIEPKPSIRPRDWPTLTREVAGLLAERLPETPVDQVWALKRFPVDIRHNAKIGYEELTARAARRRGDRVSFEDERGLRTRAIGVQGINRTE,pET30b
OleC,WP_084433636.1,Kibdelosporangium aridum,496,1488,C-term 6XHIS,Nde1/Xho1,after C_terminal_His_tag,MAVVNLAANLARTAAQYPDRVAIRLDDTMLTYSELDDATKRAAGLLAEHGVQPGDRVGIMLPNVPQFAVLYYATLRAGAVVVPMNPLFKEREVAYYLSDSGAKVLFVWEDFQPGAKAGAKLADTACVVVDGSLTAAPPIDHVVDRADEDTAVIFYTSGTTGRPKGAEFTHANLMRNVEIAVRDLIQATAEDVVFGALPLFHVFGQTVGLNVVVAVGGCLTLMSRFDAAKALKVLQRDKVTVFEGVPTMYVALANHPDRANHDLSSLRVCLAGGAPLPAEVITAFEQAFGCVIMEGYGLSETSPIASFNVPGKRRPGSIGTPVSGVRFRIVDDHGEDVPPGEIGEITIKGHNVMKGYRGKPEQTAKAIRDGWFHSGDLGRQDEDGFYYIVDRKKDMIIRGGYNVYPREIEEVLYEHPAVGEAAVIGVPHTELGEEVAAVVALKPPATATADELRDFVKGKVAAYKYPRTVRIVGELPKNATGKILKRELRISHDRLD,pET30b
OleA,WP_006592558.1,Kineosphaera limosa,340,1020,N-term 6XHIS,Nde1/Xho1,before Xho1,MSENATYRLANTTILSVSALEAPQVVSSAELDESLAPAYARHGVKAGQIERLAGVVQRRWYPPEADYTDGAVDVGRAAMADAGVEAGEIGLVINASVTRPYLEPGISARVHHELGLPRRAIAFDLTNACLGVANAMHVAGTMIDAGQIDNALIVASEGSRQMQESSIKYLLSDDSTREDVKEAFATMTLGSGAVGLVLGRSDARPDGHRVIGGVTRAGSEHHTLCVGGMDGMRTDSSRLFREGLTLATEAWKDARGDFDWDDMDWYVAHQTSTIHIEALCKTLGLPQERFPMTLPTYGNIGPVAMPYTLAFHQDNIERGQRVLLMGIGSGLNTSMTEVAW,pET28b
OleBC,WP_006592559.1,Kineosphaera limosa,962,2886,C-term 6XHIS,Nde1/Xho1,after C_terminal_His_tag,MTAAATDRAGDAQPMPASTTARATKPMPGPEAVSRPEAIRRRLTGMPGLDPAWSRVVRAPDADGVPRAWHVLDTGAAQPARAESAHAESERAAPAAGGTILAVHGNPTWSYLWRHLLAAPPPGWRVVAVDQLGMGFSEDPRGDLTHPRTLRQRIDDLTALTEALDLGPSVVVAGHDWGGLVAAGWALAHRERLSGLVLANTTVQHDFSQGLPLPLRFATRPGLLRAACVSTPAFVAAATAISSPRPEADVRAAYAAPYPDAQSRSFVGQFVADIPARPGHPTGVTFLELADGLGSLDVPALLLRGPKDPVFSEAHLRDLRARLPHADVHRYEGASHLVLEDAPRSAQDIAAWIRTRVEGHANGSTRDDTTDDSTKDVEGRASAAESTRPELPPWAVGTSTHPWAELTRAAREDPDRLCVAEVATGRQATYAQVEDDVQAVALGLAQEGVRPGQRVGVLVEPGIDLTVVIYAAWRLGAVVVVADAGLGAAAMGRALRGAGTDHIIGIPKGIAALPALRIPGARFLAGELPAPARRALTVRATLDELRACGARLRSQGATLPEVVTGDADAAVLFTSGATGPSKGVVYRVDQLRAQIGGFGHIYGLTAGDRLVAAFAPFALYGPALGIGAVVPDMKVTAPSTLTAAALAEAVLAADATSVFASPAALRNVQRTRDDLTQQQRAALAGVRVVMSAGAPVPAALLRALLELFPQADLHTPYGMTECLPVSDITLAQIETLIEGEGVCVGAPLAGVELAVAPLPDDVGAPDGALTSEPEVTGEICVRAAHVKDRYDQLWATQHASADQPPGWHRTGDVGHLDGQGRLWVQGRRAHVVHTAEGPFTPVGLEQRVEALPQVDSAAVTGVGPAGTQGVVVVIVPNPDDDQRGSSTPGRRLPRIGTQQRAMPVLADPEVAAAVRACTARPVAAVLQVAAMPVDIRHQSKIDRTRLGRWAEMVLSGGAVGTP,pET30b
OleD,WP_012802188.1,Kytococcus sedentarius,329,987,N-term 6XHIS,Nde1/Xho1,before Xho1,MTRVLVTGASGMLGGAVARALAARGDEVTVMQRRRSASGLREVLGSVDDPAAVARAVAGQDAVVHLAAKVDVVGPAAEFERTNIQGTQLLLDAAQRAGVGRFVHTSSPSVAHAGAALVGVGAEPASPEHARGHYARTKAVAELDALARDTEGLAVTAVRPHLVWGPGDTQLVGRLVQRAHAGRLPWVGDGAALVDSTYVDNARDALVAALDALAGPRNAGSAHGRAFVVTNDEPRPVGELIGSILRASGAPLPRLRIGTGAAGAAGHAVDGAVLASQRVHPITEPPLTHFLVEQLTTAHWFSQAETHAALGWRPAVSLDDGLERLREAA,pET22b
OleBC,WP_081439756.1,Kytococcus sedentarius,930,2790,C-term 6XHIS,Nde1/Xho1,after C_terminal_His_tag,MPHTSRPRMTPLAQLPQVDPRWQHHLTLPARGDLPGARMAVLDTHSPAMVEAGARPQDVRHVLVCVHGNPTWSYLWRRVLEQAPADWRVIAVDHIGMGHSERTSTIRRLADRTDDLDEALTQLGVLGGDHGELPVSVMVHDWGGVIGLGWASRHPDRITSAVITNTALWQPDDRVPPGIRAARAAGLHRAATVGTPTFVHAAAWVGQPGPDREAAAALASPYARRDQRQAVGEFVADIPLESDHPSRHALEAAAAGATALDVPALVLWGANDPVFTDRYLRDVLDRFETTDVHRFGDASHLVLEDRPEGVGYAWDWLTSRTDDDSTDTTQDPAAAGQPGQPAPEQPAAGSGGVIWSRLTERAQREPDAVAIVELADAGRRTVTFAELESRVAELASGFRQHGVCPGTRVAVLVPPGIDLTAVVYAVWRAGGSIVVADAGLGVRPMAGALRSADPDLVVGIPAGLAAARALGVEGDRIVVRPTAPGAVASLAEGVADADLSLESVQAAGAASPVALAAPATEAEAAVLFTSGATGPPKGVVYRHRQLLAQRDVIESALELRAGESLVAAFAPFALYGPALGMTSAVPDMDVTSPDTLTAAALADAVDAVGADVVFASPAALRNVVATHDPAAPTLEGVRMVMSAGAPVPVELLERVRRVTPHAATVTPYGMTEALPLTAIDPRTVDAADLAVHAGVCVGQPVRGVELRIAPLDDGGEPGDDARLTTEPGTRGEVVARAAHVKSHYDRLWGTQRATAHPVGWHRTGDIGHLDDRGRLWIEGRGVHTVTTDQGPVAPGGIESRVERLEGVQQAAVVGVGPAGGQRVVVVVRPTEGIDLRLHAASPVASVEFSAAVREAASQGPGAAPVAAVLVRDSLPVDIRHASKIDRTALAGWAAQTLAGDGGSSLGDRAGRLLGAPRRLLGRLDRVGFRP,pET30b
OleA,WP_012802190.1,Kytococcus sedentarius,340,1020,N-term 6XHIS,Nde1/Xho1,before Xho1,MPGNATFRHSNTSVLSVTALPAPEVHTSAEFDARIMDTLRRNKLVPGVLSRLVGIKERRWWPEDVHFTEAAAEAGRRALVDAGIKPEQVGLMVNTSVSRDHLEPSTAVRIHDTLGLPRSASNFDVTNACLGFVNGMQIAAAMIDSGQIEYALIVNAETTRHTHETTLKRLESEDATADDVLQQLATLTLGSGAAAMVLGRTDKHPEGHRFVGGVSRAGTEHHELCVGDFDRMTTDSVGLQEAGIALSEELWAEAAEEFDWQHLDRYVIHQVSTVHTEQICDRLGLDGAKVPRTFPTYGNMGPAAVPFTLALEAPHLERGDRVLLMGIGSGLNACCAEIEW,pET28b
OleA,WP_058441655.1,Legionella brunensis,345,1035,N-term 6XHIS,Nde1/Xho1,before Xho1,MRYQRVFINKIAYELPKEKVATSFLEEQLTDVYQELGIPLGQVEALTKIHQRRYWPVDHQLSDHAALAAKKAIKESGINSKKIQVLIYAGVGRAQLEPATACAVAHQLAIASDASVYDVSNACLGVLNGIIQIANAIELGQIHAGLVVSAESCREIIDTMVAEMKIQRNIEHFALSLATLTGGSGAVAVLLSDNALDSSHQLLGAVARQKSQWHQLCRWGSKTGILGNACNIMHTDSVSVLKYGVELGVETYKDFLQELLWQDSFPDKYICHQVGEANQLAIRRALNIPKERDFTTYETLANTGTVALPMTAAIADQVGFLKTGDKVAFLGIGSGLNCMMLGIKW,pET28b
OleD,WP_058441478.1,Legionella brunensis,333,999,N-term 6XHIS,Nde1/Xho1,before Xho1,MKVLVTGGTGFLGKVIVQQLLDRGDKVRVYCRGNYPDLMTEGVEMVYGDMKDSQRLFKATQGIDAVIHTASKVGVWGAYEDYYQCNVIGTESLISACKKQRVSFLVYTSSPSTVFDGHEVRGADEGLPYPTKFLNAYGATKAKAEQLVMNANSDALKTVALRPHLIWGPHDNQLIPRLIERARRGVLKLINNHNALVDTVYVDNAAQAHLLALEHLKETSTCAGKVYFISQDEPVEINAFINRILMAADLPAVQKTISPKLAYGAGAILEFFYKLLGIRAEPMLTRFVAKQLTVTCWYDISAAKRDIGYRPEISIEEGLRRVSSWLRQNERNK,pET22b
OleC,WP_058441479.1,Legionella brunensis,552,1656,C-term 6XHIS,Nde1/Xho1,after C_terminal_His_tag,MSEPSPIVNISGFLSILAQRKPDKVALYVQTKTGQYLSYTYQELNQASHWIAKGLLIHGLKPKDRVVLMVKPGLMFFSLVFGLFKAGIVPVIIDPGLEKAKLKHALDQVEPIGFIGIPLAQIARILLKWGKKSIQQIITVGPRLFWGGTTLEQICQQGKETQSPLDLPVTHGNDIAAILFTSGSTGIPKGAVYKHSNFLAQVELIKKSFQIQPGEVDVPTFPLFALFDPALEMTSVIPNMDFSKPAKANPDTIIQLVHEFNATNLFASPALLDRLSRYAATKKLKMPTLKRTISAGAALHPKIVQQFKDTLNPNSELFTAYGATESLPVSLMGGNDILQDTQIKTHQGFGICVGKTVPPSDVKIIQIDDRPLREWNKQFVLPPGEIGEIVVRGPQVTESYFQMERETLLAKIPIDNHRDFYHRMGDVGYFDESGRLWYCGRKSQRVITKDQTYFTEVCEGIFNQHPMVFRSALVGVHVQGSIVPVICIELESNTKARFTSIQLELRQLAQKFPQTQRISYFLHHKKLPVDIRHNAKIIREQVAKWAAKEINK,pET30b
OleB,WP_065235438.1,Legionella brunensis,308,924,N-term 6XHIS,Nde1/Xho1,before Xho1,MPEINADFCLYLRQFAYDFKNNFLSIDGKKMHFIDEGCGEPIIMLHGNPSWSFYYRYLVHALKNQYHVIVPDHIGCGLSEKPSRNEYSYTVQQRVHDLNVLLEQLRMKNNLTLVLHDWGGFIGMAYAVQHPESIARIIVLNTSVFHLPKQKRFPWLLRLARSTIGKYLVVQHNFFARGTAWIGCQAVRMPKLLREAYCCPYDSPSHRIALWEFVHDIPVKPNDYSYSFLSSVQKQLPLLEKVPMLICWGMKDFVFDKHILEQWQRCFPNALIHRFPRHGHYVLEDAKEEVIPLVKQFLIDHPLRKKNE,pET28b
OleD,WP_074870999.1,Lysobacter enzymogenes,328,984,N-term 6XHIS,Nde1/Xho1,before Xho1,MKILVTGGGGFLGQALCRGLVARGHEVVSFNRGHYPALDPLGVTQIQGDLADRDAVVAAAQGCEAIFHNAAKAGAWGSYESYHQANVVGTENVLAACRAHGIGKLVYTSTPSVTHRATNPVEGGSAETVPYGDGFKAAYATTKTIAEKAVLAANSPQLATVALRPRLIWGVGDNQLLPRLVQRANSGRLRFVGTGENRIDTTYIDNAAQAHFDAFEHLAPGAACAGKAYFISNGDPRTVRETLNGLLGAVGAPTVDKTLPFRAAYVVGAICEGLWTLLPLKGEPPMTRFLAEQLSTTHWYDMGPAKRDFGYVPQVSFDEGLARVKAAQ,pET22b
OleC,WP_074871001.1,Lysobacter enzymogenes,553,1659,C-term 6XHIS,Nde1/Xho1,after C_terminal_His_tag,MDASDAVCNIAASLPRLAAQSPQRVAMRCPGTRGPDGLARYDVELTYAELDRRSDAIAAGLAKRGIVRGTRTAVMVRPSPEFFLLMFALFKAGAVPVLIDPGIDKRALRQCLDEAAPEAFIGIPLAHIARVVLGWAKSARIRITTGARAFLADDTLARVERAGEGAGSQLADTKAEEVAAIVFTSGSTGVPKGVVFRHRHFVAQIEMMGEAFGIAPGGVDLPTFPPFALFDPALGLTSVIPDMDPTRPAQADPAKLHDALRRFGCDQLFGSPALMKVLADYGQPLPTLRRVTSAGAPVPPDTVAKLRELMHEDAQFWTPYGATECLPVAVIEGRELQSTRAATEAGAGTCVGRAVARNQVRIVRISDEAIEQWSDELLVPAGTVGEITVAGPTATDAYFNRDGMTRLAKIRERTAQGERIVHRMGDVGYLDEQGRLWFCGRKGHRVETANGPLYTEQVEPVFNTHPKVRRTALVGTGAQGQQRPLLWVELHQPRVGNRERERILAELREIGAGHAHTAGIERFRFHPGFPVDIRHNAKIGREKLALQARAIGD,pET30b
OleB,WP_074871003.1,Lysobacter enzymogenes,300,900,N-term 6XHIS,Nde1/Xho1,before Xho1,MTSSPRFPDYPFQPQRFEVRPGIGLSYLDQGPRDGEVVVMLHGNPSWSYYWRKLVLGLHDRYRCIVPDHVGMGLSDKPGDERYEYTLQSRVDDVEKLLQHLGISGPMTLAVHDWGGGIGFGWGLKHSDQIKRLVITNTGAFPLPAAKPLPKRLRLGRDSAIGTGLIRGLNAFAGGAARLGVSKAMPAEVRRAYVAPYDSWANRIATSRFVQDIPLGEGDKAWPLVQAMGRKLPEYADRPAFIGWGLGDFVFDHHFLKGFTDALPQAEVHAFQDAGHYVLEDKAAELVPAIRAFLDRNPLG,pET28b
OleC,WP_013453768.1,Marivirga tractuosa,511,1533,C-term 6XHIS,Nde1/Xho1,after C_terminal_His_tag,MEAGQFNIVSLFTESAKHFPDRIAIIEKETQITYSELAKEIDITAAYFQQKGISKGDRVLVFVPMGIDLYRIVLALFKIGATAVFLDEWVSFKRLNLCCKIADCTAFIGILKARILTFFSSEIRKIPVKLGINYKEVKNSYQYITTDLDDIALITFTTGSSGTPKAAKRTHGFLRAQFEVLEKKIDPEISKIDMPVLPIVLMINLGKGLTSVIADFKASKPESLKADKIIAQIEKHQVESIASSPYFVLNLAKYALENDHPIKNIKRIFTGGAAVFPEEAQSYVDGFPNSTSKILYGSTEAEPISSVNAKELAHRNLTKDKGLFVGPIDASATVLIMPIEDRALEFNSLNDLQNFSLDDGEIGEIIVSGPHVLKEYVNNPDAMKRQKIWVEGRCWHRTGDSGFRIGNELFLTGPCNALIQNEAGFLSPFLYEEILKSNNGVKAGTIIRIRNKNYAVVEIETKADSNAITKELLRIYAIDDVHFMEKIPRDPRHFSKIEYKKLKLILKQKLK,pET30b
OleA,WP_013865923.1,Microlunatus phosphovorus,341,1023,N-term 6XHIS,Nde1/Xho1,before Xho1,MSGNATYRLSNTTILAACAVEAPIVATSAAFDERLAETYRRVGTRPGLLVRLAGVQERRWWPEDVTFADAAAMAGAKALAEAGIRPEQVGVVINTSVCRSHLEPSVAVAVHHQLGLPTNCLNFDVANACLGFVNAIQLAGTLIDSGQLDYALIVDAEGSRQIHELTLDRLSSPTATAAEFKEQFASLTIGSGSAAFVLGRADRHPEGHRVIGGASRTGSEHHDLCVGSLDMMRTDSKKLFDHGIALAVATWEDAKDEFDWDGAVDWFIAHQTSTVHLRAMAKAVGVSSAHFPTTVEKYGNMGPAAVPFTLAHHADRMRAGDRIVLIGIGSGLNTSFAEIVW,pET28b
OleBC,WP_013865924.1,Microlunatus phosphovorus,914,2742,C-term 6XHIS,Nde1/Xho1,after C_terminal_His_tag,MNSARTAAAPLLDGLPGIDPTWSRRVDVPDADQIVRTWHLLERPANSESPIGTMICLHGNPTWSYLWRRFLQLAPDGWRVIAPDQLSMGWSEQLEQPRSLAQRIDDLARLTEALGVTGPVVAVAHDWGGPVLLGWAERHRDQLAGIVLTNTGVAIPAGTTLPPLIRIARSAPMLESVCVRTPAFVRGATAISRPRLPKEIRDAYASPYAIAGRRRAVRDFVADIPLESDHPSRAALDQVVDGLANLADVPTLLAWGPRDPVFSIRYLHDLRRRLPQADIQLYPAASHLVVEDAPTAAADIWEWVQQAPLSADPHRALRHPADPESEITTEVRPLWAGLLERADDPATAIAELGPRGVVPISFAALERRVADLTIGLVRAGVGPGQRVAVLVRPGIDLTVAVYACWRAGAAIVVADAGLGLRNLGRALRSADPDHLIAIPAGLTAAHALRVPGHRIVAGDLPPIMRARMRVSHTLAELEELGRHARQLDQRAGIPELTPPAELTELAAIPPSPGPDAEAAVLFTSGATGPSKGVVYRHRQLRAQIDLFGRVGDLRPGARLVAAFAPFALYAAALGAAAAVPDMDVTKPGTLTAKALAEAVAAVSATVVFASPAALRNVVATADGLTDDLRAQLGSVRILLSAGAPVPLPLLRRVQALLPNAELHTPYGMTEALPATDVTMAEIEQAVAEVGSRANGVCVGRPVPGVRIGIAPLGPDAVPAGEPVDVTDRTDLTDCTGEICISATHVKDHYDRLWLTQQRSVAAGQQQAGQRRTGWHRTGDVGHVDARQRLWVEGRLVHVITSPAGPITPVGIEQRVEALPGVELAAAVGVGPAGTQQTVVVLVPTGGATARRPLAPAALAASVRQAAGSPIAAVLVTDRLPVDIRHASKIDRSRVARWAEQVLAGDSLLHRDRRP,pET30b
OleD,WP_013865925.1,Microlunatus phosphovorus,334,1002,N-term 6XHIS,Nde1/Xho1,before Xho1,MRVLLTGGRSMLGAAVARQLADRGDQVTLLQRRPAGLGLPEVLADLADPAAGSAVRRAVDGQDAVLHLAAKVGISGSWPEFVATNVTGTATIVAACRELGIPRLVYVSSPSVAHSGSALIGVGATPADPDQASGHYARSKAMAEQLALAADQPDLRVLAIRPHVVWGPGDTQLVARIVDRARRGSLPVLGTGAALVDSTYVDNAVDATVAALDRVDQVHGCALVITNGEPRPIAELIAGFAIAGGAPAPHRHLPAAVGRAAGGVVEAVWGARRLLGRPAADDPPMTRFLAEQLSTAHWFDQRQTRDLLRWQPRIDLDTGFARLAAAYAFRLTCR,Pet22b
OleD,WP_091632184.1,Micromonospora peucetia,340,1020,N-term 6XHIS,Nde1/Xho1,before Xho1,MKILVTGASGMLGAAVATALRMRGDEVRVLQRRPSGLVGVDERRGDITDPEAVRAAAEGVDAVVHLAAKVSMTGPWQQFEHTNIGGTATLLAAARAAGVTRFVHVSSPSVAHHGAGLVGVGAGAADPDRARGHYARSKASAELLALDADSPDFAVVAVRPHLVWGPGDTQLVGRIVERARASRLALVGQGTALIDTTYVSNAADALVAALDRAPEVGVHGQVFVVTNGEPRTMHELIDRICVAAETAPPRLRVPVAVAKAGGAAVECLWSALRRTEEPPMTRFLAEQLSTAHWFDQRRTREALCWSPQVTLEEGFVRLALAYRQGPRPRGRRGAGTSSPS,pET22b
OleBC,WP_091632187.1,Micromonospora peucetia,875,2625,C-term 6XHIS,Nde1/Xho1,after C_terminal_His_tag,MHGGRLRPEHVRPGGRVVSNRNALPPLGLPGLDSAWSRWVTAVDSQGVQRTWHVLDTAATDSGGPIRHIGTLLCVHGNPTWSYLWRHLLARFERADAPPWRVVAVDHLDMGFSERTGTVRGLAQRIDDLTTVTDALGLTGPVVTVGHDWGGSISLGWALRHRDQLRGVVLTNTAVHQPSGSPAPTLIRLARLPGVLPAVTVRTPTFLQATLALANPWLPEPVREGYSAPYRTVDRRAAIGGFVADIPLSPDHPSWPALQEVAQGLHTLAETPTLLLWGPRDPVFGEVHLRDLRNRLPHAQLHRFEGAGHLLAEDADVAGAVAQWLVDLDRRPADPIATPEPAAPWRPLWAALAERAEDRSVALVELANNGRQVSWSLLWQRIREIGAGLSASGVRRGDRVALLVPPGADLTAAVYACLRIGAVIVVADPGLGLAGMNRALRSADPSYLVAIGRGLVVARALRWPGRRFGAGPGAAVLGALTLGRLARLGAGVRELPAMPDPDDDAAVLFTSGSTGPAKGVVYTHRQLAAMRDALFELGVNADAGIVAAFAPFALFGPALGAPSAIPDMRVTAPRTLTATALAEATAAVDASAVFASPAALRNVVDTRDALDDRQRTALEGVTLLLSAGAPVPAVLLTQTRALMPKAQPHTPYGMTEVLPVTDITLDEIVDTEPGDGVCVGRPLPGVQVAIAALDPTGTPSEQPGCAPGLTGEILVRAGHAKDRYDALWLTERDSSRNPGWHRTGDVGYLDPDGRLWVQGRLAHILVTSDGVLSPVGIEQQVESLPQIARAAVVGVGPPGVAQVVVIAETLPGARRARLASRELADAVRTAAAPPVAAVLVVPSLPTDIRHNSKIDRTRLRRWAERVLAGGRVSGL,pET30b
OleA,WP_091632192.1,Micromonospora peucetia,340,1020,N-term 6XHIS,Nde1/Xho1,before Xho1,MTHGNAEYRYTNTAILSVAALEAPVIVTSDQFDEQLSETFRRLRLRRGMLQRIAGIQERRWWPEGFGFADAAAMAGAKALSEAGVDARDVGLLINTSVSRAHLEPSTAVAIHHSLELPPSALNFDIANACLGFVNGIQVAANMIDAGQIRYALIVAGESSREAQQATIERLRSFDSTLDDVREQFATLTLGSGAAAMVLATADAHKQGHRLVGGVGRAATQHHDLCVGDNTRMRTDAKGLLDAGLDLAEATWAHAGSWDWQNMDLYVMHQVSVAHTHGVVNRLGLDTRKVPETFPLLGNVGPASLPLTLAHHAESLNSGDRVLCMGVGSGLNTCALEVVW,pET28b
OleD,WP_082043623.1,Mobilicoccus massiliensis,335,1005,N-term 6XHIS,Nde1/Xho1,before Xho1,MKVLVTGASGMLGGGVARALASRGDEVTVLQRRTSGLAQQIGVHEVLADVADADAVSRAVSGQEAVIHLAAKVNVTGAWPDYVRANVVGTRTIVEACVRHDVPRLVHTSSPSVAHAGASIVGEGAGPADPERARGSYARSKAISERIALAADARARRDGRGPAVTVVRPHLVWGPGDTQLVARVIRRAQAGRLPVIGSGAALVDTTYVDNAVDAFVAALDRCEQVRGEAFVVTNGEPRPVSEIFAAWARAGGADAEPRRIPTRLALVAGSAVDVLTAVRDRFGLGDDDDPPLTRFLVEQVTTAHWFDQRRTRDALGWTPRVSLDEGFARLAAAGG,pET22b
OleBC,WP_040156583.1,Mobilicoccus massiliensis,893,2679,C-term 6XHIS,Nde1/Xho1,after C_terminal_His_tag,MPGIDPSWSRLVEAPDADGIRRTWHLLDTHAETEDAGERPRGTLLAIHGNPTWSYLWRRLLAAAPPGWRVVAVDQLGMGFSDRPHGSMSAPRTLAHRIEDLSRLTDALDLGDRVVVAGHDWGGMVASGWALRHRDRLAGLVLANTTVWHDFQAGLPLPLRFAVVAGLLRAATVDTPTFVRGATAVSSPRPPRVVRRAYAAPYRSRAEREFVGQFVADIPADPADATRTTMAELAEGLAALGAEPAETRVPALLLRGPKDPVFSEDHLRDLRRRLPHADVHRYEGASHLVLEDAPRTATDIATWVRTRVDGEVSDGDPRAASERPPAAWAVGTSGCPWAGLTQMAREQPNALCVAEIRGGETVASVTFGQLEETVEHLALGLREAGVRPGDRVGLLVEPGIDLTTAAYACWRAGAVLVVADAGLGLPAMGRALRGAGTDHIIGIPKAITALPALRVPGARFLAGEMPGAVRRMLGVQSSLRELIARGRDLAGHGERLGDLGALGRAGSSDAAVLFTSGATGPSKGVVYTVDQIRAQIGGFGHIYRLRPGDRLGAAFAPFALYGAALGVAGIVPDMQVTAPSTLTAAALADAIRAADATTVFASPAALRNVLRTAADVDEAQRTALSRVGIVMSAGAPVPLTLLQELRSVFPVAEMHTPYGMTECLPVSDVTLAELEQIAESGETQEGVCVGVPLDGVSIAIAPLAREHGDGDGPLTTEPGVTGEICVRAAHMKDRYDQLWAVDHAAADHPRGWHRSGDVGHLDDAGRLWVEGRRVHVVHTPRGPVTPVGIEQRVETSSQVGSAAVVGVGPAGVQQIVVVVTVGDEEAVTQRESDPRRVLAGDELADEVRALAGVPVAAVLVRAAMPVDIRHQSKIDRAELAAWAESVLAGRSER,pET30b
OleB,WP_069433351.1,Mycobacterium gordonae,266,798,N-term 6XHIS,Nde1/Xho1,before Xho1,MSHFVTAGGQRIRVEVRPGSGVPLVLCNGIGASLKVLDPLVEQMTRPVMRFDVPGTGGSRISPLPYGIPYLAWVLGRVLTKLDFGVVDILGLSWGGALAQQFAFQNPRRCRRLVLVATGTGALMVPAHPRVLAKMATPRRFSDPDYAARIAGELYGGTVRAHGDDVARLFFKQLHAGSRIGYLHQLLAGSVWTSLFALPAVRQQTLIVAGTDDPIIPVVNAHIMHRLLPHSRLHLHPGGHIDVVHNAAELAPVIEGFLTAKPGSRR,pET28b
OleC,WP_069433349.1,Mycobacterium gordonae,506,1518,C-term 6XHIS,Nde1/Xho1,after C_terminal_His_tag,MEQIVNALSANLIASKDRHADRIALRCDDIELTYAELDAAASRVATLLERAGIGPGDRVGVMLPNTPAFAIAFYGILYRGAIAVPMNPLLKSREVAYYLSNSGAQALFGTTLFADEATAGAQETGARCWLVDDAGLAQLTEDLPAQDEPVARADDDVAVILHTSGTTGKPKGAMLTHGNLSRNADISVRTLIKTGPDDVVMGCLPLFHVFGLTCGLNGSILAGATLTLIPRFDPRKALEVIGRDAVTVFQGVPTMYSALLSLAGDVAPEAIASLRTCVSGGASLPVQVLSDFENAYGCAILEGYGLSETSPVASFNHPDRPRKAGSIGTPVHGVEMRVVDPHGAEVAQGEPGEIQIRGHNVMKGYWNLPDATAAAVSADGWFSTGDVGRVDEDGYFYIVDRTKDMIIRGGYNVYPREIEEVLYEHPAVAEAAVVGVPHPELGEDVGAAVALKNNASVDPDELREYVRARVAAYKYPRQIWLVDALPKGPTGKILKREISVPANEST,pET30b
OleC,WP_074958408.1,Myxococcus fulvus,531,1593,C-term 6XHIS,Nde1/Xho1,after C_terminal_His_tag,MGQTPEAVYKHISRVSLGDVIRRSALRWPERTALIDGELELSYAELDRRANAFAHHLLGQGLAPGARVAMLCGNSAQMVTAFFGIYKAGLVWVPINTGLSVEAIGYILEHAEVSRVVIDLELLAKPELRAMLDARGLGLIVCVPEGQAAPGGGAVAFLDTLKGQHGTPPAVDIESTQLAQIMYTSGTTGQQKGVMHSHASIHSALSGNLFELELRPSDVTLCVLPMFHCAQHAVSVSFLMAGATVIVRRVFEPGAMLATIERRGVTFLLGLPIMYGAMLAHPARPTTKLSSLRMCLYVMAPMARTMLVELLEKFCPGGFALASGQTEMYPATTMFKPEQQLKRFGSYWGDSVVTNETAIMDDEGRLLGRGEVGEIVHRGPNVMLGYYKDPEATERARAFGWHHTGDLGMFDADGQLLFVDRKKDMIKTGGENVPSIKVEEVLLRHPAVLQVAVVGLPHPRWAEAVTGFVVLKPGASATAPDLITHCRQHLGGFEVPKSVVLLEAMPQTSTGKAQKFVLRQRFEQHYQDGAA,pET30b
OleA,WP_015749354.1,Nakamurella multipartita,340,1020,N-term 6XHIS,Nde1/Xho1,before Xho1,MTGNSDFRFHDVAILSLDAGPAPLVVTSADVDRRLAPFYARTRSMSGLVTSLAGDFERRQWPAEVSFIQAAARAGEAAIAAAGIDRARIGVVIDTSVSRARLEPSSAVSVHHLLDLPPNCLNFDVSNACLGFVTGLHLAGALIDSGQIDYALIVDGEGTREIYDRTIDRLNERGEGLPDLLANFATFTLGSGAAAMVLGRHSAHPEGHQLLDGFFRAETRHHELCIGTIDGGVTDSRALLEAGIELAGAAWAQAGATAAWGSRDRYIFHQVSEVHTKAMIRTLGVDPAKVPTTFARYGNIGPAAIPITLATVADELSPGDIVLCMGIGSGLNVGVIELRW,pET28b
OleBC,WP_015749355.1,Nakamurella multipartita,875,2625,C-term 6XHIS,Nde1/Xho1,after C_terminal_His_tag,MVAPTVPPAPARRPPADLDGLDPAWSRLVRVPGTDGVGRTWHLLDNRTADPALTLLCVHGNPSWSYLFRSLLRQAPPRVRVIAVDQLDMGFSERTGRLRRAGDRIDELTELTDELRLTGPVVTVGHDWGGAISLGWALRHRDRLAGVVLTNTAVSGTRGPAVIRLVRSRWLLPTLTVRSTAFIDGALAMSHPRLRGPVRRAFRAPYRSADRRAAIEDFVADIPIETDHPSAAVLDGIAGGLDALSRVPVLMMWGAADPVFSDTYLHDLERRLPHADVHRYARAGHLLPEDADVAGVVVDWISTLGRRRPDRAAAEPVHAAVTHEPATDELITDEPSTLPDPHGELGDRPAILELGAPGRPAGARSVTFGEFADLVGRTAAGLGHTGVRPGDRVALMIPPGIDLAVTLYACWRIGAVAVLIDSGLGPAGMSAAIRAAAPAYLVGIPKALVAARALRWPGRRISTRTLRAPGLLDVVGDLPTLRTATAPLPPPPTTADEAAVVFTSGATGPSKGVRYTHGRLTAQRDVLAGLYDVTPDDRLVAAFAPFALYGPAAGIPSVVPDMDVARPGTLTATALGDAAVAVDATLVFASPAALANVVATRDALTEAHRAAFARVRLLLSAGAPVRPSLLAAAAELFPNAAAHTPYGMTECLPVATISLAEIRAATGGDGVCVGSPAPGVAVRIRRLDERGRPTGDLLEQPDVLGEVVVRAAHARAGYDRLWHTEFLASQPAGWHATGDVGRLDRAGRLWIGGRLGHVITTPDGPVAPVGLEQAVEDLPGVRAAAVVGVGPVGAQQLVVLLTVDPDGRFDPPSRPRLAGLDRLDQVRAVAGDRDVVAVFELPRLPVDRRHNSKIDRTRLAGWAARALQGRRPRTP,pET30b
OleD,WP_015749356.1,Nakamurella multipartita,324,972,N-term 6XHIS,Nde1/Xho1,before Xho1,MKVLVTGATSLVGRVTVRRLVDRGDEVTTLQRGTTDLPGRALRGSLTDPDAVERACAGQDAVIHLAARVGAAGPWSEFERVNVTGTANLLAAARRAGAGAFVHVSSPSVAHAGRSLVGAEADPANPATARGAYARSKALGERAALAASSPAMPVVVLRPHLIWGPGDTQLVGRVVDRARRGRLALVGPGTALVDTLYVDNAADALVAALDQAPRLGGRVFVLSNGQPRTAAELTARVLAAAGLTVTPRHVPRWLAVAGGSLVEQVWARTGRTDDPPMTRFLAEQLATAHWFRQAPAQAALHWRPAVGLDEGFARLADWFRSGRV,pET22b
OleD,WP_015749358.1,Nakamurella multipartita,287,861,N-term 6XHIS,Nde1/Xho1,before Xho1,MKIIITGGTGFIGSAVLDRLLARDHDVIALVRSDQAAAAVAGRGATAVIGDLTDPDWLTGHLAHGDGAIHAAAAGDGTDADLDAGVVKAVGHAFGGTGRPYLHTGGIWLYGANRHITEQSPVDPPAIVAWRVPVEQSLLGADVAATVVVPGIVYGHGRGIPALVAGGPRTEDGALTLIGDGRQHWVTVHVDDLAELYVQLLEQGSGFGHVVAAAPGNPTVRELAAAVAGPAGVAAQDVAGTRARLGASFADALLIDQGADAARARALGWAPRRPSLLDEFTRGSYAG,pET22b
OleB,WP_079726380.1,Okibacterium fritillariae,278,834,N-term 6XHIS,Nde1/Xho1,before Xho1,MTEITAHHGLLKDINLHVDDTGGNGRPVVLIHGWPLSGESWAHQVAAFEAAGHRVVTYDRRGFGRSDKPLTGYSYDTLTEDLHAVLEALDLNDVTLVGFSMGGGEVARYFTKYGAERLRSVVFAAAVPPYLLKTPGNPDGPLEATEAAKMTAGLTANQDTFYDDFTKNFFSVDGQLVVSEEERQTALTLAHQAFKPAALEAMASFANTDFREDLEKVTVPTLVIHGDGDAVVPFEGSGARTHAAIAGSELHVIAGGPHGINASHPEEFNRVILEFLAR,pET28b
OleA,WP_079726385.1,Okibacterium fritillariae,340,1020,N-term 6XHIS,Nde1/Xho1,before Xho1,MDGNATTTHSNVALLSVATTIAPRITTSEDIDSRLQPVLKKLKLPQGLLQRVAGVLERRNWDEGQNFDDAAVEAGKKALAEAGIEPSQIGLIINTSVTRKHLEPSVAVRIHNGLGLPSSAINFDIANACLGFVNGMSLAAQLIESGQIKYAMIVDGEDADEIQVNTIERLSKGGIGRKEFMSEFASLTLGSGAAAAVIGPADLHPEGHRILGGVTRAATQFNELCVGSVDGMFTDAKALLKGGMELVVSAWKEAKRDWNWSSMDRYILHQVSEVHTNAIVKAAHIDRSKVPVTYPHYGNVGPASIPITLEAEKETLKKGDRVLLMGVGSGLNTAMMEIAW,pET28b
OleBC?,WP_079726386.1,Okibacterium fritillariae,940,2820,C-term 6XHIS,Nde1/Xho1,after C_terminal_His_tag,MPGAARTPAPASMPPQGLPGLDSRFSRIALVPDSGDAIGTTRGWHALDNGAELDRLGVTPVGTILCVHGNPTWSYLWRELVQQATDVAATGSGDAWRVIAVDQLDMGFSERTGVHRPLAQRVRDLADFTLAIGLEGPVVTLGHDWGGVVSMGWAVDHPELLSGLMLLNTAIHQPSDAPIPAPLRLALARGVFGQATVATPAFLETTLALGHPAVSRAVKDAYRAPYRGAARRGGIGGFVADIPVDASHQSFAELSRISSALRRLTVPAVMLWGPRDPIFSDRYLDDLIDRLPHADVHRFEGAGHLIAEDVDYADALLTWLGDNAARVTTGAARSEQPTEDYADTVATGSKAALVEKASDDAGTGAAASDRPLWHYLDELSDSGETALVEMNPGNGAEPRVVSWKLLSRRVREIAAGLAGVGVKKGDRVSLLVQPGADLTAVLYACLRLGAVVVVADAGLGLPGLTRAVRGAQADHVIGAAPGLAAARALGWPGQKISVTTFPRAVARALGISHTLAELVRDGRGATLPEAPAPSDTAAILFTSGSTGPAKGVVYSHAQLGAIRDTLAAQYGVGVGTGLVAGFAPFALLGPALGARSVTPDMDVTSPKTLTATAVAQAAAAVDATVVFLSPAAVTNVVATADALTDAQRHALAGVQTFLSAGAPVSESLLAAAADLMPNASAHTPYGMTEGLLMTDISLDGIRAAAASRAVGGVCVGTPAASVQVRISALDDLGQPTGEPTTEAGVTGEIVVSAPHLKSNYDRLWMTDRASRVGTDSAFADRRDAGDASPGAVSAAAAAASTRTRWHRTGDVGHLDEAGRLWVEGRLPHVIATPDGVVTPVAPEQRVESLDRVARAAVVGVGPRGTQQIVVIVETASPARRVALADRELTSSIRGVAGVPVAAVLEVPRLPTDIRHNSKIDRSGLSRWAADVLAGGRMRQP,pET30b
OleD,WP_079726387.1,Okibacterium fritillariae,324,972,N-term 6XHIS,Nde1/Xho1,before Xho1,MKVLVTGASGLLGGATARAIAAQGHAVRTFQRRPSGLAGEPGFEDHLGSVTDAAATARAVDGVDAIVHLAAKVSLAGDPADFRRVNVGGTGMLLNAARIAGVERFVFVSSPSVAHSGSSIVGDDARPADPERAHGDYARTKAEAELLALSRDSDALRVVVVRPHLVWGPGDTQLIERVVDRARSGRLPILDNGAALIDSVYVDNAASAIAAALRRVDAVHGNSYVVTNGEPRPVADILASICEAAGAPVPAWRVPASVARAAGSAVEALWSVKPGVDEPPMTRFLAEQLSTAHWFDQRRTRRDLEWTPEVSLDEGFRRLAAYYR,pET22b
OleC,WP_083558809.1,Pelobacter acetylenicus,587,1761,C-term 6XHIS,Nde1/Xho1,after C_terminal_His_tag,MERQGHRVTVAGDRHRTGLSPRVSKGHTRAYARGESITPDERPSWQGIPGIHLVLSESAMNIIQMLQLQTMRRPTAAAIIEPAGRLKDRIATFASLEESSARGAAFLKECGLRSGDVVLVFQPMSIDLYILLLALFRGGMIAMFLDPSAGLKHLETCCSILPPQGFVGPPKAHLLRLASPALRSIPLHLVIGRSLPGARSWKNAEDFAPLREDPPDSPHAPALITFTSGSTGAPKGVVRSHGFLREQHRILEQTLAMNAGDRDLTTLPVFVLANLASGVTSIIPDADLRRPGFIDAAPVLRQINRLGPVRTVASPAFLECLCIAQFRNGGPVHGFRQVFTGGAPVFPQTLQRFAHIFENADIIAVYGSTEAEPIATIRWADVTAQDKGKMVSGAGLLAGIPVPGLRVGILDNRRIVARGVWKSAQFSDFLLPAGETGEIIVTGEHVLKSYLHGHGDSETKILMDGDVWHRTGDSGYFDQRGRLWLMGRTSAVIQDHRGTLHPFAVECAATQYPGVCRSALLQHGRKRLLLVQPRDAAGCVSLKGLSETLSWAGIDEVRCLKRIPCDKRHNAKVDYPALIRMVEKHRR,pET30b
OleC,WP_049585118.1,Photorhabdus luminescens,528,1584,C-term 6XHIS,Nde1/Xho1,after C_terminal_His_tag,MTNICQPIVDAAQKHPEHLALQAPHSRDHGRGLSFQEFFSHASHFQHQLTQAGFVAGDRLLVIIQPGLVLYPLLIAILGLGLVPVMLERGLSKKQLREILRRSKLSAVITQPTLGKFWFLIPELWRMRRFVIGQRIWGMKALEAPSQHLPLNNFICRDLPPDTTGLITFTSGSTGIPKGANRTHDSLLAQLYAITALFSEGKSEIDLHSFPVMVLHSLCCGNSSILPDFDFAHPATVDPQKLVRQVQDKGVTCLSGAPAYMGKVTGYAKSKGLSFPNVRTVIVGGAPANKALLENCLTVFPHARHLVVYGSTEVEPISTVEMTTQLNHWATHDGYLVGKPVTQAEICIREITANPQQITPLAAGNAGEVLVAGPHVLKDYIDNPQATKENKLPRKQGGIWHCTGDVGYLDTTGQLWLLGRVKDKVVLDDGRIIHPYVLEKRINELPEVTQNAFVPHPLGGAALILESATLPTDLPAILDELALTLVTRIYYVNPIPVDIRHNSKINRIALINMLAKGQLSSIPHKEKL,pET30b
OleC,WP_012912112.1,Pirellula staleyi,562,1686,C-term 6XHIS,Nde1/Xho1,after C_terminal_His_tag,MTSEVVNVAARLTLCAQQRPDDLAVIMPGGRRSDGKAKYKTISFADLDRDSSTIASGLLSHGLRPGMRVVLMVPPCIDFITLVFATFKAGLVTVLIDPGMGRWNLIQCLEESRPEAFIGIPLAHAVRCLFSRRFPLLKHLVTVGRRWFWGGATLDDIRRKAAADFAIAPTQASDAAAIIFTTGSTGPPKGVLYRHGNFDRQATEIRDFYGIEPGGVDLSGFPLFALFNAAMGMTTLIPEMDATKPALVDPRKIIEAVRDWKVNQAFGSPALWNRVGRYCETSGEKLPTLRRVLSAGAPVPVHVLQRLKKVIHPEGDIHTPYGATEALPVASIAASEVLRETGALSAEGKGTCVGRKFPGIEWKVIAISDGPIDSIEQATMLADGEIGELIVRGPVVTSEYVTRTDCNPLHKVRDGNSFWHRMGDVGYLAEDPQHAGEKRFWFCGRKSHRVLTPDGTLYTIPCEAIFNQHARIYRSALVGIGKPGEQRPVMIVEPWPEQFPTSSKDKRQLIEELKSLGQTYDHTRAISDILVMRAMPVDIRHNAKIFREKLAPWAAKQLGIRT,pET30b
OleB,WP_085914076.1,Pseudonocardia autotrophica,650,1950,N-term 6XHIS,Nde1/Xho1,before Xho1,MSAVVPLLEIVLPFVVGLAVVLLPGRFRTVHLLLLAGGTVVATVVPWVLLPERSIVGLVELQLVWAAPMAFWCGVAVLIVNRRPRRERGPRSRVVRRAVRFGLLFGAGIGISALSALFPFTLFLGPREITWPVRSMVRPAEIVELALPALTSFHGHLDGWAWNRALLLLAGLLLWAVAGRRARRVADGAGVGSPAPARPVGAVGALLVLAAAAVTVSVGWPSPAGEWRWGWAESRIDVPVDAAAPDGPTIEISYLVHPARDTTTPHGVVVAAVGGPSPGSQSRDQLVGVLDPIAGTHDVVVSDYRGFGRSTPLACPDVDLGGADASAVSACYARLGPMAGTLGAQSAAGDLEAVRRALGVDRWSLYGQSYGTLFAQAYAEQYPRAVRSVVLDSALPLVSTPDFTFTTSQLTPPADTNAWQDAIDRARAAGPGAPRVTDLATIQLFSTWSEVAAGRDAALRLPPERRSAELTRVADDLNAQLSAMRNDPLAGLVPPQPTALYACNDYPMPFAFDAAPAEREATTRRYAEDRFTTAVAPFTWQEVDEALRAANGLRVHGFRYEACLYGQGRPHSVDPSALPTVPVLVISGSEDYTTTPAMADSIGAQWGATVLKIDGADHFVLLDNHCARRATAAFLDDPRSSDLPRCAAEG,pET28b
OleC,WP_085914079.1,Pseudonocardia autotrophica,550,1650,C-term 6XHIS,Nde1/Xho1,after C_terminal_His_tag,MSVYDERPWLARYDPGQPADVEPEFGDALAMFAATVARAPEADAIRYFDGRIGFAELDRLTDAFAAGLVAEGFAAGERVAIFTQNVPQFVIAQIGTWKAGGIAVPVNPMYKGRELAGLLADSGASVLVCLQSLHRDVAAGVLPGSAVRTVLTTSELDLHSGTATDVLAGVTRIDCPGTIDLLEFLHRHRGATPPAATTGPDDVAFLTYTSGTTGPPKGAMATHRNVVFNARTYRDWIGLDAGDVVLGVAPLFHITGLVGHVAVTLLTGAPLVLMYRLDPALALRTAERERATFTVGSITVFIALMNAPGAQRSQLATLRKIYSGGAPIPPSTVHAFRETFGHYIHNIYGLTETTSPSHAVPLHAEAPVDDASGALSVGVPVYGTVVRIIDEDGADLAPGEVGELVTAGPQVVAGYWEKPEETARALPGGVLHTGDVGYMDADGWFYIVDRKKDQINAGGYKIWPREVEDVLYEHPAVREAAVVGVPDEYRGETVKAFVSLRADATATPAELIAFAGERMAAYKYPRQVEILDEIPKTASGKVLRRELRGR,pET30b
OleC,WP_073456619.1,Pseudonocardia thermophila,551,1653,C-term 6XHIS,Nde1/Xho1,after C_terminal_His_tag,MSVYDEKPWLARYDQGQPAEITPEYPNMLELFRATVARNGSGDAIRYFDRKISFAELDELTDAFAAGLIAEGFQRGDRVALFMQNVPQFVIAQLGTWKAGGIAVSINPMNKERELTELLKDSEATVLVALQSLHRDVASKVVPGSTVRTVITTSELDFQTRNEPAVFSGVERIDCPGTIDMLELLEKHKGSKPPAVDLKPEDVAFLTYTSGTTGPPKGAMTTHRNVVFNAQSYRDWIGIGPDDVVLGVAPLFHITGLVGHIAISLLAGAPLVLMYRLDPALTIETIAAEKATFTVGSITVFIALMNAKNAEKDKLASLTKIYSGGAPIPPSTVEAFRSTFGHYIHNIYGLTETTSPSHAVPLSAEAPVDPASGALSVGVPIYNTVVRIVDEDGKELPPGEVGELVTEGPQVVAGYWNKPAETEKALPGGRLHTGDVGYMDENGWFYIVDRKKDQINAGGYKIWPREVEDVLYEHPAVREAAVVGVPDEYRGETVKAFVSLKEGASVTPEEIIAFTKERMAAYKYPRLVEIIDEVPKNASGKILRRELRARG,pET30b
OleC,WP_059384451.1,Rhodococcus rhodochrous,552,1656,C-term 6XHIS,Nde1/Xho1,after C_terminal_His_tag,MTIYDDKVWLSQYDAAQRQPRTIEFDDALAMFRATVERDPDADIIRYFDGRITAGELDELSDAFAAGILDAGFRPGERVAIYAQNVPQFVIAQLGTWKAGGIAVSANPMYRERELEEILRDSGATVLVALQSLYTDVAAKVVESTDVRTVITTSELEYQSANSGTLAGVERIECAGTTDMAEMLTAFRGRTVPPAEIGPETVAFLTYTSGTTGPPKGAMTTHRNVAFNAQTYRDWIDIGPDDVVLGVAPLFHITGLVGHIALSLLTGAPLVLMYRMDPADTIDTIEKQRATFTVGSITVFIALMNAPNASKEALASLTKIYSGGAPIPPSTIAAFEERFGHYIHNIYGLTETTSPSHGVPLGRRAPVDELTGATSVGVPVYDTVVRIVDDNGNDLPPGEVGELVTAGPQVVAGYWNNPEATANSIPNGVLHTGDVGYMDSDGWFYIIDRKKDQINASGYKVWPREVEDVLYEHDAVREAAVVGVPDEYRGETVKAFVSLRPGATVTPDELIAFTKKRLAAYKCPRFVEIISDIPQTATGKLLRRELRTATQS,pET30b
OleD,WP_013399239.1,Rothia,382,1146,N-term 6XHIS,Nde1/Xho1,before Xho1,MATPAPLAARYTDPAPRSLRPVDESYFAARSGERVLITGASGMLGRETAIALLRAGYDVRVFQRSDAGIAALLPDTIRPRFEQIRGSLNNAEVIEQALVGVDGIVHAAAKVSVSGDWEDYERTNIVGTQALLDAAIERSISKFLYVSSPSVAHAGTALIGEGNGAASPEHARGNYARSKATAELTVLAANGTKLASGSTMRVGALRPHLIWGPGDTQLVERVLDRARSGRLPLLSGGTGLIDTLYIDNAADALVRGYERLESIAGRALVVTNGQPRTIAELLSGFCTAVGVPAPRFSVPAPAAAFAGRLIEKVWGRLPKSVTAGDEPPMTEFLAEQLSTAHWFDQRLTRELLQWEPAVTIDEGYRRLGLFYGDKYSRSSSAV,pET22b
OleA,WP_004004880.1,Rothia,357,1071,N-term 6XHIS,Nde1/Xho1,before Xho1,MSEHTAAATSDADKPGVNSDIRHRNAALLSIAHELPPRVVTSSYFDEQLSNTYKRLKMPKGLLERLAGISERRGWAEGQTFEDGAVAAAEKALQAAKVDRDQVGLLINASVTRDNFEPAVSVGIHDRLNLPRHALNFDITNACLGFVNAMTVASTMIDSGAIDYALVVAGEDPSPWHRTALRILSQPHTSREDVLAQFATLTLGSGAAAAVLGKADAHPEGHRIIGSVSRAGTEHRNLCIGGEADQGMNTDAAGLLEHGLQLVAQAWEQAHEDGWEWTDMDSYVTHQISNAHTNAIIEAVGIKRDRIPLTFPVWGNVAAAALPMTLAECAPTYKKGDRILCMGVGSGLNTALMEIDW,pET28b
OleC,WP_041321808.1,Rothia dentocariosa,976,2928,C-term 6XHIS,Nde1/Xho1,after C_terminal_His_tag,MRHLNFPKTQPPYNPHEWTGVDPRYSHMLEVPTTAPIEVRAAQAQARRWHYLDNTPALQEHGLDPIGTILCVHGNPTWSYLWRTVLDAGVNSTAPWRVIAVDQLDMGYSERTHLDLEDERRSLEDRIADLSDFTRELGLDKTDKPVVTLAHDWGGLISLGWAIEHQNILSGVMLTNTAVHHDGVERIPAALRLALGVHELGTRDSTAFLDVTLGLAQNQGRAPSEGEPGSSERALAGPQESQPRALYPSKLHEGIRRTYRAPYVHPAWREGIRNFVGDIPTGTDIPSYAHMVRIAEGVRDLKVPAFFQWGTKDPVFQRRYLFDLMDRFPQAKVHRYEKASHLVAEDEDIAAPIFAWLGQNFGALVEGYLEKPVNAEAQHREARRALDERIRNLKTSEEEAHEEFRPMIAALNERAQDTSLAIVDMDSAGDGTQVAAQLTWQQLATHVDAAVARLHALGVRPGDRVNLMVPPGSRLTTLIYACLKLGAVIVVADTGLGLTGLTRALKGANPQFIVGIPAALAAARSLLWPGHRISVEPLGKFQDRVLGVEGSVFEPAHKRSARSKTSENTLSAPIATPAVIEFPDPDPDADAAVLYTSGSTGPAKGVVYTQRQLAGMRDAIVNTYGFKSGSGLVAGFAPFALLGPALGATSVTPKMDVTKPKTLTATALASATEAIGASTVFASPAALVNVVASASELTDSQRAALAEVTTVLSAGAPIPVPLLDELSKLVPHASLHTPYGMTEGLPVTDVSLDMIRQALAEGTPNAEGDILDPFARDGVCVGYAVYGAAVAIAPLQEDGTVASEMTHEPGVTGEILVSAPHVKDRYDTLWVTEEQSISTPGWHHTGDVGHLDAAGRLWVEGRLAHVLLTAQGVLTPVAAEQSAETLDAVRRAALVSVGPAGTAAPVLVIETANRKLKQGQAPFDLSRQIRERVQEDTGIELASVLVIKEHPTDIRHNSKIDRPALGEWASKVLAGA,pET30b
OleD,WP_005508110.1,Rothia mucilaginosa,413,1239,N-term 6XHIS,Nde1/Xho1,before Xho1,MSPHSSRESSSHEPAPRLSGHRLSTAHAVTSPTARFRKPAQPLAARYTDPAPRSLRPVEEPDFAPRIGERILFTGASGLLGRESVLALLRAGYDVRVFQRGDSGIAALLPDSIRPRFEQVRGDITNAQAVDLALTGVNGVVHAAAKVSVSGEWADYERINIEGTRTLLQAALNHSVGSFLYISSPSVAHAGAAIVGDGAGVASPEHARGNYARSKAAAELLALEANGTPLPGGGVLRVGALRPHLMWGPGDTQLVERILERSAAGRLPLLSGGTGLIDTLYIDNAADAVVRGYQRLDAFAGKALVVTNGQPRTIAELLGGFCEAVGVPAPRFSVPAKVAALAGKVIERVWERLPKNVTAGDEPPMTEFLAEQLSTAHWFDQRRTRELLQWEPAVSIEEGYERLGLFYGDRYKR,pET22b
OleBC,WP_005508111.1,Rothia mucilaginosa,1001,3003,C-term 6XHIS,Nde1/Xho1,after C_terminal_His_tag,MRHLNFPKAQPPYNPEEWAGVNPRYSHLLEVPTSAPIEQRAQQAGARRWHYLDNLPVLVEQGLEPIGTILCVHGNPTWSYLWRTVLDAGVNERAPWRVVAVDQIDMGYSERTHLDLEGERRSLTDRIADLGDFTKALGLDETDKPVVTLAHDWGGLVSFGWALEHREILSGVMLTNTAVYHDGIENIPAALRLALGVHEWGTHDSTAFIDVTLGLAQNEGRLPAPGSAGAGALDGALPQPVGQQPKRLYPSPLNEAIYRTYRAPYAHSAWREGVRNFVGDIPTGTDIPSYTPMQRIAEQIRDLDVPAFFQWGTKDPVFQRRYLFDLMERMPQAKVHRYEKASHLVIEDYDIATPMISWLAQTFGTREDGALVPPHNVEAEHRAARARRHGLTTGEGTAAEGAEGAVPAAFRPMLAALTERANDTSTAVVDMDPKGDGTSVSVTLTWAELNQQVNAAATRLHALGVRPGDRVNLMVPPGARLTTLIYACMKLGAVIVVADTGLGIPGLTRALKGANPSFLVGIPTALSAARTLLWPGVRISVEPLGSVQEKLLGVAGSVFTAPAADGTPGAPVPTPTVVEFPSPVPDADAAVLYTSGSTGPAKGVVYTQRQLAGMRDAIANTYGFAPGSGLVAGFAPFALLGPALGATSVTPTMDVTRPKTLTASALASAAAAIDASVVFASPAALVNVVATADELSGEQRAALAKVQTVLSAGAPIPVPLLEALSALVPNASLHTPYGMTEGLPVTDVSFEMIRQAIAEGTPNAAGEVLDPFARDGVCVGFAVYGAAVAIAPLLQDGSVADELTHEPGVTGEILVSAPHVKDRYDTLWVTEEQSISTPGWHHTGDVGHLDASGRLWVEGRLAHVLLTSQGVLTPVAAEQSAESLPEVRRAALVAVGPAGTAAPVLVIEASANTATLEARQSASGLKRALLDRVPGARRFPIAEGVAPFELSQLVRQKVAEDTGVELAAVLVVHEHPTDIRHNSKIDRPALGEWASKVLAGA,pET30b
OleA,WP_005508112.1,Rothia mucilaginosa,351,1053,N-term 6XHIS,Nde1/Xho1,before Xho1,MLNASADKVGTNSDIRHANAALLSITHELPPDVVTSDYFDEQLAQTYKRLRMPKGLLERLAGISTRRGWAEGQTFEDGVVAAAEKAIAEAGIDRSQIGLLINASVTRDNFEPAVSVGVHDRLELPRHALNFDITNACLGFVNAMTVASTMIDAGAIDYALIVAGEDPSPWHRTAVRILNNPDSTREDVLAQFATLTLGSGAAAAVIGRADRHPEGHRIVGSVSRAGTEHRNLCIGGEADQGMNTDAEGLLKHGLELVAQAWEQAHQDGWEWNDMTSYVTHQISNAHTNAIIEAVGIERERIPLTFPKWGNVAAAALPMTLAECAPTYTEGDRILCMGVGSGLNTALLEIQW,pET28b
OleC,WP_029720995.1,Saccharopolyspora rectivirgula,554,1662,C-term 6XHIS,Nde1/Xho1,after C_terminal_His_tag,MSAYSSKPWLARYAPGQPAEITPEFANALEMFTASVRRNPDGDIIRYFDGRITLRELDELTDAFAAGITDAGFSPGERVAIYAQNVPQFLIAQIGTWKAGGIAVSVNPMNRQRELELILQDSGASVLVCLESLHRDVAREVLPRTQVRTVITTSELEYQTRNDERLFAGVERIPCDGTVDMGEMLREHRGRAAPPVSLAPDDVALLTYTSGTTGPPKGAMTTHRNIVFNAQTYRDWIGLSGDDVILGVAPLFHITGLIGHAALAMLTGAPLVLMYRLHPSVTIETIQAEQATFTVGAITVFIALMNAPNASKEALTSLTKIYSGGAPIPPSTVRAFQEAFGHYIHNIYGLTETTSPTHAVPLGADAPVDPASGALSVGVPVFNTVVRVVDDDGQDLPPGEIGELVTSGPQIVAGYWNKPEETAEAISNGWFRTGDVGYMDSEGWFYLVDRKKDQINASGYKVWPREVEDVLYEHEAVREAAVVGVPDPYRGETVKAFVSLRPGKTAQPEELITFCKQRMAAYKYPREVEVLDELPKTVTGKLLRRELRARHQQS,pET30b
OleD,WP_012868613.1,Sanguibacter keddieii,330,990,N-term 6XHIS,Nde1/Xho1,before Xho1,MTGHDVQPPSTVLVTGASGFLGRAVVRELLDQGHEVRTLQRTPSRTAGATDVLGSVTDPDVVARAVDGVDAVVHLAAKVSLAGDPADFERVNVGGTRTLLDAAEAAGVRRVVHVSSPSVAHHGDSIVGDDAGPADPALARGDYARTKASAELLALGRDGSALHVVAVRPHLVWGPGDTQLVARVVERARAGRLPVLGHGAALIDSTYVDNAAGAIVAALAVVDEVHGQAYVVTNGEPRPVAELLAGICRAAGVEPPRWSVPAGVARAAGSAVEAGWKVRPGADEPPMTRFLAEQLSTAHWFDQRRTRRDLRWQPTVTVDEGLRRLAESYR,pET22b
OleBC,WP_012868614.1,Sanguibacter keddieii,922,2766,C-term 6XHIS,Nde1/Xho1,after C_terminal_His_tag,MNPTLPAAASTTAAATLPPALDGLDPGWSRLVEAPDSEGTTRTWHVLDNAARLEQVGAVPVGTILCVHGNPTWSYLWRGLLAAATEQAQAGGAAWRVVAVDQLDMGFSERTGQPRRLPQRVRDLDRLTTALGIDGPVVTLGHDWGGVVSLGWAVDHPDRLVAATVLNTAVHQPETDPIPAPLRLTLQGPVLGPATVSTPGFLATTLALARPALSPEVRDGFRAPYLSADRRGGIGAFVADIPVDETHPSHAELDRVAEGLRGLTVPALALWGPRDPIFSDRYLDDLTDRLPHLDVHRFEGAGHMIAEEVDYAGAVLTWLDDLPSRTAAAAQDRAQDRAQARAEAGVEAGADRDARPSTAAAAGWTTAPLWQQLEEHRDSDGTVLVEMAPSTGVGPRSVSWRLLSRRVDEIAAGLLALGVQRGDRVSLLVPPGADLTAVLYACLRVGAVVVVADAGLGLRGLTRAVRGARPSYVVGALPGLSAARALGWPGLKISTTALPAATARALGVSHSLLDVAGLGAQRLEGTTLGALTGTPGPDDTAAVLFTSGSTGPAKGVVYTHGQLAAVRDALASRFGIGPGSGLVAGFAPFALLGPALGARSVTPDMDVTSPSTLTARATAAAVAAADATTLFLSPAAIANVVATADELTPEDHEALARVQTFLSAGAPVSGSLLAAAERLMPHASAHTPYGMTEGLLLTDVTADEIRAAEASGGRGVCVGRPVATATVRVVALDELGRATGDLTDAADVTGEIVVAAPHVKDRYDRLWLTEHSSRAVDGPAAPDGLRWHRTGDVGHLDADGRLWVEGRLAHVVVTAHGVVTPVAPEQAVESSRLVARAGVVGVGPVGTQQLVAVVETVDRARRPGLAPHEVAADVRALSPEPLAAVLVVPDLPTDVRHNSKIDRSRLSAWAEGVLSGGRMTTP,pET30b
OleA,WP_012868615.1,Sanguibacter keddieii,340,1020,N-term 6XHIS,Nde1/Xho1,before Xho1,MNGNATSKHQNVALLSVATVVPDVVTTSDEMDNRLADTLKRLRMPRGLLQRVAGVHERRRWAADQSFESAAIAAGEKALAEAGISASDIGLIINTSVTRPHLEPSVAVRMHHGLGLPSSAMNFDIANACLGFINGMNVAAHMIDSGQIRYAMIIDGEDADEVNDNTIDRLNRPETKRSDFMNEFASLTLGSGAAAAILGPADSHPSGHRILGGVTRAATQFHDVCVGSVNGMYTDTKALLKGGMELVVAAWQEAKESWSWTAMDRYVMHQVSDVHTSAIVKAAKLDRSKVPTTYPRYGNVGPASIPITLAEQSSTLAPGDRVLLMGVGSGLNTSMMEITW,pET28b
OleC,WP_012861403.1,Sebaldella termitidis,525,1575,C-term 6XHIS,Nde1/Xho1,after C_terminal_His_tag,MNISDILKELAVKIPNKTAVIDTKTSSRISFNYLEKNSSKIANMFKKAGLQEGDGVLIFVPMSVELYSILAAVFKMKLVAVFIDPYADSKHIKNCCQIYTSKALIISGKKAGLLCYMNSEIRKIPNKYIINGKMPGFRKFSEYEDQSFDFACTETAPDTKALVTFTSGSTGKPKGLVRTHGFLAAQQKVLEKSLEISENSKVLTAFPVFILSNMYSGLTSIIPNTDLRKIGETDGGTISGQIMSESIDTILAPPSFFDNLVEIHKNTGRSIHSIKKIITGGVPVFPEIMENLKKSFPYAEIKVVYGSSEAEPMSELCYNELNENDIQKMKNGNGLLAGTIVEDINLKIIENDQKLSQGDQIKMLEQGEKGEIIVSGGHVLDTYLEAEENSKIKITADNENWHRTGDLGYIDASGRLWLLGRAKAEISRGSEKIYPFSIETMLSFEKDIKRTAIISKKGKILLFIEIFYTEDKEKQLQIQDKLEEKIKELKITVDKVIFADKIPVDKRHNGKIDYGSLERLSEKYI,pET30b
OleB,WP_011789932.1,Shewanella,303,909,N-term 6XHIS,Nde1/Xho1,before Xho1,MLDTLLPFQRHFFNRNGNKLHYINEGHGEPVVMVHGNPSWSFYYRNLVSALKDSHQCIVPDHIGCGLSDKPDDSGYDYTLKRRIDDLEALLDSLNIKENITLVVHDWGGMIGMGYAARYPERIKRLVILNTGAFHLPESKPFPWPLWICRNTLLGTVLVRGFNAFSSIASYVGVKRQPMAKYIREAYVAPFNSWSNRISTLRFVQDIPLREGDRNYQLVSDIAASLPKFAKVPTLICWGLKDFVFDKHFLAKWRQHMPHATVHEFADCGHYILEDASDEVIAHIKGFMADEQVASASAERAAG,pET28b
OleD,WP_061782731.1,Shewanella putrefaciens,375,1125,N-term 6XHIS,Nde1/Xho1,before Xho1,MMNDPSKSTTLIQFHTVEQIALTQLALKVQHAFVTGAGGFLGKAICLRLLAAGIKVTGFARGHYPELEALGVAMKQGDLVNKEQLQQAMQGCDIVFHVASKAGVWGDRDSYFCPNVKGAANVIAVCKALKINKLVYTSTPSVTFTGQDESGIDESTPYASTFLNYYAHSKAIAEKMMLDANQFGEVPLEHTDATQMITPYALKTVALRPHLIWGPGDPHLVPRVLERGRLGKLKLVGREDKLVDTIYIDNAAYAHVLAALELCQPKPKCQGKAYFLSNDEPITMVKMLNLILACDGLPPVTRRVPRTVAYIAGAALESLYFLLKKKEEPLMTRFVARQLSCSHYFDISAAKRDLGYCALVSIDEGMARLRTSLLG,pET22b
OleC,WP_082785907.1,Shewanella putrefaciens,604,1812,C-term 6XHIS,Nde1/Xho1,after C_terminal_His_tag,MPLVTETPFSTGTSQSAIASDANICRHLKQAAHDIPHHLAVAVQSAKGASVANLRYSELDFLSLDRQSDVIAFALNAHGITRGMKAVLMVTPSLDFFALTFALFKAGIIPILVDPGMGIKNLKQCFAEAAPDAFIGIPKAHIARRLFGWGKGTIKILLNVDGGKTGFAAKLNCMATGAMSLSTLLQNTSAQSSGAQSSAQKSPYPMVLLKPNEMAAILFTSGSTGTPKGVVYSHAMFEAQIQALKNDYGICHGERDLATFPLFSLFGPALGMASIVPEMDASKPITANPEFLFAAIEQYQCSNIFVNPALLERLGRAGEQKQHTLPSVKRVISAGAPATIASIARFSKMLSDGVPVLNSYGATESLPISMIASDALFATTEMTDNGAGICVGHAIDGVSIGIIGISEAVIPEWDDALLLKNGEIGEIIVQGPMVSQSYYQYDSQRDNQRDSATAMAKIWDPVANCVRHRMGDLGYLDDQGRLWMCGRKAHRVDATHKGKFAKRYYSIPCERIFNTHPNVKRSALVGVKVANEITPLICIELDTSLVCNKSQQLYQELTTLAEQFHQTQGIKRFLIHPDFPVDVRHNAKIFREKLAVWAQSQTKG,pET30b
OleA,WP_061782733.1,Shewanella putrefaciens,349,1047,N-term 6XHIS,Nde1/Xho1,before Xho1,MKYSRVFINSLAYELALVVVSSSELESRLAPLYQKFRIPMGQLAALTGITERRWWPKGHQLSDGAINAARKAIAETGINVADLGVVVYTGVCRDQHEPATACRIAAELGVSKDTAIYDISNACLGVLSGILDIANRIELGQIKAGMVVSCESARDIVDVTIDNMLASPTMQNFAQSLATLAGGSGAVAVILTDGSLPLTNVRKHQLLGASHLSAPEHHQLCQWGLQEVGHNLYREFMRTDAVTLLKEGVELAKHTWEHFLEQRNWLVEQVDKVICHQVGASNRKQVLSALNIPPEKEFPTYQLLGNMGTVSLPVTAAMAHDEGFLQAGDQVSFLGIGSGLNCMMLGIKW,pET28b
OleA,CVN04163.1,Streptococcus pneumoniae,356,1068,N-term 6XHIS,Nde1/Xho1,before Xho1,MSAPSPTPRRLVLVTNVSGNASYEYSRAALLAVTEVEAPVEVTSQDLDDQLAEVLTRLRLPGSLLERVAGVRSRRNWDETEDFQEAAARAGVAALEQAGVPRERVGLLVNTSVTRATLEPSVAVRIHHLMGLPTSATNFDITNACLGFVNGLMLASTLVDAGQIDYAVVVAAEDASKVQAATVANLHAETTHRGNFMEQFASLTLGSGAAAAVVGRIEDHPDAHRIVRGITRAGTDHHGLCVGDHHGMYTDSTALLKDGLELVMDAWHDVPAEWAWPEADRFITHQVSQMHTDAIAESAHLDPARIPTTFPTLGNVGPASLPITLVREMDALEDGDTVVCLGVGSGLNTAMLEIEW,pET28b
OleC,CVN04195.1,Streptococcus pneumoniae,501,1503,C-term 6XHIS,Nde1/Xho1,after C_terminal_His_tag,MLRVGAVAVVADQGLGVKGMTRAMKSARPRWIIGRTPGLTLARAQSWPGTRISVTEPGAAQRRLLDVSDSLYAMVDRHRDPAAGDAVDEHGTVLPEPALDADAAVLFTSGSTGPAKGVVYTHERLGRLVALISRTLGIRPGGSLLAGFAPFALLGPALGAASVSPDMDVTQPATLTAQKLADAAIAGQSSVLFASPAALANVVATADGLDAPRREALDAVRLVLSAGAPVHPQLMRQVSDLMPNARVHTPWGMTEGLLLTDIDGAEVQRLRAADDEGVCVGSALPTVSLAIAPLLEDGSAEDVILDPARGHGVLGEIVVSAPHLKDRYDALWHTDQQSKRDGLWRRDGRVWHRTADVGHFDAEGRVWLEGRLQHVITTPEGPVGPGGPEKTVDALGPVRRSAVVGVGPRGTQAVVVVVEAAVPATRPARRPGHHRDGRPKQGLAPTALASAVRAALEPLPVAAVLVADEIPTDIRHNSKIDRARVADWAEAVLAGGKVGAL,pET30b
OleD,WP_063796806.1,Streptomyces ambofaciens,346,1038,N-term 6XHIS,Nde1/Xho1,before Xho1,MKVLVTGGSGFLGLEICRRLSARGDVASSLHRRPSGALQQLGVHQHLGDLTDADAVSRAVAGCDAVIHNAALAGVSGPPRPYWATNVLGTRHVIEQCRAHGVRTLLYTSTASVVFRPGGLEGATESLPTAPRHLAAYPATKARAEALVLAAHGPELATVSLRPHIIWGPGDPHFAPVLARAVRAGRLLMPGDGANLIDTTHVRTAAHAHLLALDSLRRSPQTAGGRAYFIGQGDPRPLREITRHFLRAAGIDARWCAVPPRLATIGAAVGDTILRAARSTRTHALSRFLVAELLHPHYFDLTAARRDLDFAPPVGFDAGIAELSLSIPNDSEETPCRTPTTPSAPS,pET22b
OleC,WP_053141833.1,Streptomyces ambofaciens,525,1575,C-term 6XHIS,Nde1/Xho1,after C_terminal_His_tag,MTTTAADFAGRLAERPDAVALVESRKGISRTTRRGELVRHCRRIAQDLREAGVRPGHKAVVMTRDAHDLTAVSYALVMLGAVPVLIEPRAEVGRCLQDIAPDVFIGEPLAHLGRRVLGWGRPHVRTALVTGSAPLSPGRRLVTRTPADDASPPQVREPDGDEPALIAFTSGSTGRPKGAEYRHSTLAGQLDALATLMDPRSEDVLLAGFLPVALLGPLLGLATVAPAVNHLAPARTSPQEVVGPLREHRASIVLASPAVLALIARHCARHDLTLPSVRQILSFGAPLRVGLADALRKAVPDDAEILSVYGATECLPVSAIGDHDLRASRTAPPAGHAGTCLGRPLPGIRARILEADATGLGEIAVTGPTVSPTYHARPVADTFTKSDTDHGVLHRTGDLGRLDDEDRLWFLGRKAHLITGTGFTLTTEDVEAAADTAPGIRRTALVGVGTAVCQLPVLCVEPMPSTPRARALEAVRAVLKDHPDGYRVGAVLIHTAFPTDPRHNSKIDRMRLAGWAAKRLRGRVR,pET30b
OleB,WP_053141835.1,Streptomyces ambofaciens,314,942,N-term 6XHIS,Nde1/Xho1,before Xho1,MVTARAGHAPAPDRAALERLMPGYPAPRHWRRVPVTGQHYLDLGSGRPVLFLHGNPSWSYVWRKLLHRLAPHARCLAPDLPGFGLSRRLRPADGVPDPYEAQLEGLDSLHRHLVRNEGLPERGWTFVLHDWGGPLGTAWALRNPGVVARLVVCNTVAFPFPEGFRLPFYLRWIRDHRPVATFVHATNAFARVAVRAGVHHPMLPAERRAYLRPYARRAERRAVTDAVRAIPRGPADPVWHLLEPPGAVAGLADLPLLVGWGMRDPVFTPDLLQEWARLYPQAVIHRFPDAGHFVMEDAAAELSDHIRDFLQGAP,pET28b
OleA,WP_053141838.1,Streptomyces ambofaciens,342,1026,N-term 6XHIS,Nde1/Xho1,before Xho1,MSEAIRARIAAVCAHLPSRYRTLDETRAKITETGGYAPPPGLLEDLTGVRGVHVHEDGENSSDLAVAAARSALEQAGLKIRDVDLLLFASTSQDLIEPATAHLVATKLGASCPVFDVKNACNSFLNGMEVAASFIETGRYRTVLIACGEPATLATRWHLPTREDLLRALPGYTASDAGAAMVLTAGPAGDGDPGILSLRFVSNSPAWEACTVAGGGSMHHLSVHDDHTTLRLNGDLWQSALDVLPRIMDTAGEEFRAAQAGAVSFIAFHQIAMPQYREVIDLFSLPEDRCMPAVAEHGNCAAASLPLQLAKAREADRIEGGDLVAMIGLASGFSFGLALVRW,pET28b
OleC,WP_059196603.1,Streptomyces antibioticus,555,1665,C-term 6XHIS,Nde1/Xho1,after C_terminal_His_tag,MTDSLYAAKPWVALLSDAQRAPIDPADSLVHALREAASDVPDRPFLAYFDGRLSYREVDELSDSVAGHLAARGLERGDRVAVLLQNSPHFLLALLGAWKAGATVVPVNPMYKAGEVTHVLRDGEVAALICSDRAWESYLRETAADSPVRIVLTGCELDFQTRNDARVLSFERLPQPADAEDLTTVARAGLKAPGGRDPEPSDIALISYTSGTSGTPKGATNTHANIMYNAERQRTGLELPDPPVYFALAPLFHITGMVCQLGACLNSAGTLVLAYRFEAGVVLDAFAEHGPHYTVGPSTAFMALAAHPDVTRDHFASFRMISSGGAPLPPALVEKFRAAFGPYIRNGYGLTECTAPCASVPPTLEAPVDPVSGTLAVGLPGPDTVVRIVDDQGAEVPFGEQGEILVRGPQVVPGYWRRPDATAETFPGGELRTGDIGFVDEQGWLYVVDRKKDMINASGFKVWPREVEDVLYTHPAVREAAVVGVPDGYRGETVKAYISLRPGADTDPDELAVYCKERLAAYKYPRQVEILSDLPKTATGKILRRELRSRGQGER,pET30b
OleA,WP_010983715.1,Streptomyces avermitilis,339,1017,N-term 6XHIS,Nde1/Xho1,before Xho1,MRFENDLYIASTASWLPDLVPMEEAIAAGLVDDEHRNLGYESIAVADGVAGPEMAVRAGRLALERAVGIERDEVGLVLHSSCGFQGHEMWPAAAYVANETVGRAAPGFDLQQRCNAGLGSLCLAAGYIDAGFTSAVLLTTGDNFAPPWVDRWNVQLNLVFADGGTALVLSGRKGFARVVSATLGADNSLERWNRGTTPFATAPGLEMPLRLRERGLQHAATPEAEGSWERIEAALMDTTRRALAEAQVSVEDISRVVTPLIHRGVWPENYDVLGFTEKQSTWDLGRLVGHIGAGDQFLGLEHLVKERAVGPGDLVLLVAAGAGFSLSAAVVEILDVPPW,pET28b
OleC,WP_010983718.1,Streptomyces avermitilis,534,1602,C-term 6XHIS,Nde1/Xho1,after C_terminal_His_tag,MTTTANGSWTLTHTSRAHAGSRPHHAAIVCEGRITTYGKLHRESNRAAHALRVSGVQRGDRVAYLGRESENYYLVILACAKAGAVLVPVNWRLTPDEVDHILRDSGATLVFVDDEFWATATKVRPHLPEFHTMIRIDGTDAEGEPARGAGLPAWYADQPDADLEPGTGPDDAVVQIYTSGTTGLPKGAVLAHRSFFTLPQAMRDHDVAWIDWLPDDVALISLPGFGIAGIGWFMHTFNAGGTSVIMPQFDPQEAVRLIRTHRVTTTFAAPAMLQMMAGERTAGPDAFVSLRKICYGAAPMSETLLKQCLETFDCEFAQIYASTETGSVAVCLPPEAHHPGSTVLESVGKPCPGNEVKVVGPDGAELPPGAIGQICVRAPSRMLGYWNLPEATGRTLVGEWLHMGDAGYLDEDGYIYLCDRMNDTIIVAGQNIYPAEVEKALAAHPAVADSAVVGLPDPRWGEAVHAAVVLRPGAQASPRELLLSLRGHLADYKIPGAYHFVDTLPRNPSGKILRRAVRERLSAPARDPLTSAVQ,pET30b
OleC,WP_065302598.1,Vibrio natriegens,513,1539,C-term 6XHIS,Nde1/Xho1,after C_terminal_His_tag,MMNLAAALQRNAASKPDKTALICGDLEISYSQFDAIAGKIATSLINSGVKPGDRVALSCPNLPFFAFIYFAVQKAGAVAVPLNVLLKAREIKYHLEDSNAKFFFCFEGTPELPMAREGVKAFKEVETCENMIVMTQSQADLEWGGVPTLNAFIRDVEPLADYVPRNADDTCVVLYTSGTTGMPKGAELTQQNIVMNAIVGQNIMAAQGDDVHLVTLPLFHTFGQTVHLNASVLSGATLVLVPRFEPSHVLELIEKHKVTIFAGVPTMYIGMLHADADYDISSLRVAASGGSSLPTEVFRAFEEKFNVPILEGYGLSETSPIACFNHLDQERIPGSVGQPIQGVEVKLVDLEGNQVPVGEEGEIIVRGHNVMKGYLGRPEVTESVLKNGWFHTGDVGRFDEAGNLYIVDRIKDLIIRGGFNVYPREIEEVFMTHPAVAMVAVIGIPHQEYGEEIKAYVVLKPDQDLEAADLQAWGREHLAAFKYPRFVEIRDQLPMSATGKILKRELKSELKVA,pET30b
OleC,WP_029804406.1,Vibrio parahaemolyticus,513,1539,C-term 6XHIS,Nde1/Xho1,after C_terminal_His_tag,MMNLAAALQRNAASKPNKTALICGDKKFTYAEFDAIAGKIATSMIKAGVKPGDRVALSCPNLPFFPFVYFAVQKAGAVTVPLNVLLKSREIKYHLEDSKAKFYFCFEGTPELPMAKEGMKAFKEVDACETMIVMTQDQTQKEYQGLPTLTYFIEDIEPLADYVARDADDTCVILYTSGTTGLPKGAELTQQNIVMNALVAQNIMASQADDVHLVTLPLFHTFGQTVHLNASVQSGATLVLVPRFDPKHVLELIEKHRVTLFAGVPTMYIGLLHVEHNCDISSLRVAVSGGSSLPTEVFKTFEARFNVPILEGYGLSETSPIACFNHLDQERVPGSVGQPIQGVEVKVVDLDGHALPVGEEGEIIVRGHNVMKGYLDRPEVTESVLQSGWFHTGDVGRFDESGNLFIVDRMKDLIIRGGFNVYPREIEEVFMTHPAVAMVAVIGIPHQEYGEEIKAYVVLKPNQFVEADELQLWGREQLANFKYPRFVEIREQLPMSATGKILKRELKSELEVA,pET30b
OleC,WP_004088270.1,Xylella fastidiosa,548,1644,C-term 6XHIS,Nde1/Xho1,after C_terminal_His_tag,MKEPCNIAAALPRLASERPEQIAIRCPGRPGSGGMAAYDLTLSYRELDSRSDAIAAGFIAYGIGRGVRTVVMVRPSPEFFLLMFALFKVGAVPVLVDPGIDRSALKQCLSEAEPQAFIGVFLAQLARRLLRWAPSVTRVVSVGTRWAWCGTTLAHLERAGIGASAQLADTTADEVAAILFTSGSTGVPKGVVYRHRHFVGQIALLRETLGIVPGGVDLPTFPPFALFNPALGLTSIIPDMDPRCPARADPRKLHDAIARFGVNHLFGSPALLRVLAEYGKPLPTLRCVTSAGAPVPPYVVAQIRALLSDEAQFLTPYGATECLPIAVIESRELETTRAATERGAGTCVGHVIAPNLVRIIAIDDEGIAEWGGAREVDLGEIGEVTVVGPSTTDAYYNRTAATRLAKIRERLADGSERIVHRMGDLGYFDAQRRLWFCGRKTHRVETVQGPLYTEQVEPVFNVIDGVRRTALVGIGTLGAQRPVLCYEALPGVDVAALEQRLRATARAFIHTVGIVDVLGHPGFPVDIRHNAKIGRERLAVWAAQRLRC,pET30b
OleD,WP_004088268.1,Xylella fastidiosa,323,969,N-term 6XHIS,Nde1/Xho1,before Xho1,MTVLVTGAAGFIGAHVCRALAARNDTVVGLDNYNAYYDPQLKRDRVTALCPDVYIRTLDLTDRERCAALFNEVQPDQVVHLAAQAGVRYSIENPHAYVDSNLVGFLNVLELCRHCRVQHLVYASSSSVYGDSAIPPFSEQQRVDQPRSLYGATKVANEVMAYSYAQLYGLRATGLRFFTVYGPWGRPDMAPLIFSRAVMEGRPIEVFNHGRMERDFTFINDIVAGVIGALDAPGEQAVPHRLFNLGNHTPVSLEHFIKVIEQAAGRPADKHYKPMQPGDMMATMADIAAARAAFGFEPVTSIEIGMPQVVEWCRHYFDTRAST,pET22b
OleC,C6W5A4_DYAFD_Acyl-CoA synthetase (AMP-forming)/AMP-acid ligase II-like protein,Dyadobacter fermentans (strain ATCC 700827 / DSM 18053 / NS114),355,1065,C-term 6XHIS,Nde1/Xho1,after C_terminal_His_tag,MIWTTGKTLCKTQKRPRNPYFAQAYDFMEKWLGGAREFVLHTSGSTGMPKPITVTRAQLAASAAMTGKALSLGPGTRALVCLNVGYIAGLMMLVRGMELDWELTVTEPTANPLAGLDHADFDFVAMVPMQLQSILENSATSGQVDRLGKVLLGGAPVNHALAMQISDLAMPVYQSYGMTETVSHVALKALNGPEASELYVFLPGIQYGVDERGCLHISGAVTNGQTVQTNDLVEIHGNAFQWIGRADNVINSGGVKIVLDQIDQRIAAVFHHLNIGNAFFCWWEPDAKLGQKLVLVIENAMPEALTERLTAEIRSRVSTYENPKHIYFAKAFAKTQTDKIDKRATFQKLSDSSNG,pET30b+
OleC,A9MB96_BRUC2_AMP-dependent synthetase and ligase,Brucella canis (strain ATCC 23365 / NCTC 10854),556,1668,C-term 6XHIS,Nde1/Xho1,after C_terminal_His_tag,MTESPASARLDRYDDAVAQFDIAKAIALLAGNPDTGINACIECCDRYTGENRVALRAISIDNTLTELTFEDLRDMSARVGNMLADAGISAGDVVAGLLPRTPELVATILGAWRIGAIYQPLFTAFGPKAIEQRFGTSGAKLVVTNLANRSKLAEVENCPRVATILAPGESLPEGDIDFRAAVAAASTECEPVMRKGSDLFMMMSTSGTAGLPKGVPVPLRALMAFGAYMRDAVGLRSDDIFWNIADPGWAYGLYYAVTGPLLLGVPTILNEGGFTAENTYDIIERLGVTSLAGSPTAFRLLIAAGPESAARVKGRLRVVSSAGEPLNPEVIRWFDACLGAPIHDHYGQTELGMVVNNHHGLEHPVRQGSAGYAMPGYRVAVLDEAGKEVGPNEPGVLAIDIDNSPLLWFTGYYKKDTPSISGGYYRTGDTVEFEPDGSISFIGRADDVITSSGYRIGPFDVESALLKHPAVNEAAVVGVPDPQRTEIVKAFVILAPGFEGTPELAEELALHVKKQLSAHAYPRQIDFVAELPKTPSGKIQRFLLRKAEVEKQQQQN,pET30b+
