Organism,Vector,MCS1 insert,MCS2 insert,Combination type,MCS1 tags,MCS2 tags,MCS1 Cut sites,MCS2 cut sites,MCS1 insert primary amino acid seq,MCS2 insert primary amino acid seq
Agreia bicolorata ,PCDF-Duet1,WP_044441907.1,WP_044441591.1,OleBC + OleD,C-term 6xHIS tag,None,NcoI/HindIII,NdeI/XhoI,MDARFSRLVTVADGDSGRSATWHLLDNGPVLDELGVTPVGTLLCVHGNPTWSYLWRGLVAAATDAATTAA ETGSGLVSSGVWRVVAVDQLEMGFSERTGTERGLERRVADLSALTDALELTGPVVTVGHDWGGVVSMGWA VDHSELLAGVVLLNTAIHQPEDRAIPWPLRLTLQRGMLGRATVATPAFLETTLALAHPALAADVKNGYRA PYRSADRRGGIGAFVADIPVDEQHRSWNELERIAAGVRELGVPSLMLWGPRDPIFSDTYLDDLAERMPQA DIHRFEGAGHMIAEDVEYAPVVLGWLEARSLSLSKGTDSVDELPVDKLREQKASKRPLWSVLDELRGSTD IALVDMKPYRAVSWRLLSRRVRQLAAGLVRAGVKPGDRVSLLIPPSADLTAVLYACLRIGAVVVVADAGL GLPGLTRAVRGARPDHVIGALPGLTVARAFSWPGQKISTATLPLPTALALGVRHSLGEIARLGADESLPE PPAASAVAAVLFTSGSTGPAKGVVYTHAQLEAVRDALSSQYDIGVGTGLVAGFAPFALLGPALGARSVTP DMNVTSPRTLTAKATAEAAAAVDASVVFLSPAALANVVATSDALGLADTAALAGVKTFLSAGAPVPESLL AAAGRLMPNATPHTPYGMTEGLLMTDITLEGIRAAADDAAALPDGEHAGGVCVGAPAGSVRVRIAALDEN GMPGGEPSEQPGVTGEIVLSAPHLKQSYDRLWATNRVADADSVPASAGDQGERWHRTGDVGHLDSAGRLW VEGRLPHVIVTAAGVITPVGPEQKIESLLGVNRAALAGIGPRGTQQLVAVLETEPAASRPAALGDSELAA AVRHATGLDIAAVLVVAALPTDIRHNSKIDRSALSRWAEGVLSGAKLSAP ,MRVLVTGASGFLGGAVAREIAVAGHEVRTFQRRPSGVDGVDDVLGSLTSTADVARAVEGMDAVVHLAAKV SLAGDPAEFEAVNVEGTRALLASMRDAGVGRLVFVSSPSVAHAGASIVGDDAQPADPRHARGEYARTKAL AELLALGSDSGSLRVVAVRPHLVWGPGDTQLVERIVERARAGRLPLLDRGAALIDSTYIDNAASAIAAAL ERVDEVHGNAYVITNGEPRPVAELLGGICAAAGVAAPAWSVPAGVARAAGSLIEVVWRVKPGADEPPMTR FLAEQLSTAHWFDQRRTRSELQWRPAVSLDEGLRRLAGHYSATPR 
Arthrobacter globiformis ,PCDF-Duet1 (T7-lac promoter IPTG inducible),WP_003805731.1,WP_003805732.1,OleBC + OleD,C-term 6xHIS tag,None,NcoI/HindIII,NdeI/XhoI,MVTADWHGVDPAWSREIAVASTSAADEPGTVRRWHLLDNGAELSRRGLAPAGTLLCVHGNPTWSYLWRTL LAAGSDPAHPWRVVAVDQLDMGFSERTGRFRRLADRINDLGDLTDALGLDGPVVTVGHDWGGVISLGWAL AHPQHVSGVVLTNTAVHQPSGAAIPPALRLALHPAVHRWGTTTSDTFLRVTHSLANPPLPADIRKAYMVP YRGAPRRAGVGNFVADIPADASHPSFPALSRVAEGLRGLKVPALMLWGPRDPIFSDRYLKDLISRLPHAD VHRFEGAGHLVAEDRNIAAPVFQWLAGHRGTSGAGSPAAEAAATGGQGLKGAEERGRAGFRPLWELLGEL AAGPAKGATAVAEMGPDGRVSRSLSWQQLDGNILDLAAGLREAGVRSGSRVSLMVPPGVDLTVALYACLR LGAVVVVADAGLGTSGLSRAVKGATADFLIGIDKALAAASVLGWPGRRISVQDLPAARRRIVGVETSLAA LAGRGAGRGARRPTHTVDPAAPAAVLFTSGSTGPAKGVLYTHRQLAAMRDTVAETFGIRPGARLVAGFAP FALLGPALGTVSVTPAMDVTAPRTLTARALADAAAAIEATVVFASPAALRNVLATRDAVGGAGHKALESI ELLLSAGAPVPEPLLAEVQRLMPRASLHTPYGMTEALPVTDISLEQIQAADAETAAGTVAGAGNGVCVGR PVHGARVAVVPLAADGTAPGSHLVTEAGVTGEILVSAAHVKEAYDRLWLTQRASTSLPGWHRTGDVGHFD AAGRLWVEGRLDHVVTAPGAAVTPVGAEQAIERLDCVRLAAIAGVGPAGTQAVVAVVETVPPARKAGPAA PELSGRVRRAAREAGVNVSAVLAVPALPTDIRHNAKIDRTRLSRWASRVLAGGRPGEP,MRVLVTGASGLLGREVARLLVRQGHAVATFQRRPSGIDGAADFCGSLTDDAALRRAIEGSDGIIHLAAKV SFTGRAVEFDEVNVEGTRRLLHSARAAGVRDVVFVSSPSVANSGAAIVGVGAEPADPQHAHGDYSRTKAE AELLALAADAPECRVAAVRPHIVWGPGDTQLVERVLARASRSRLPLLDAGAALIDTTYVDNAASAIVAAL HRMEHVHGRAVVVSNGEPRPVGELLAGICAAGGVPAPSWTVPGGVARAAGAVVEKLWTWAGRKEEPPMTR FLAEQLSTAHWFDQRQTRELLNWTPAVSLDEGLARLAEHYSCGSAAPRR
Micrococcus luteus,PCDF-Duet1 (T7-lac promoter IPTG inducible),WP_010078536.1 ,WP_010078535.1,OleBC + OleD,C-term 6xHIS tag,None,NcoI/HindIII,NdeI/XhoI,MPQIPAAPAALPPADRLPGWDPAWSRLVEIRSAADPEGTVRTLHVADTGPVLAAAGAEIVGTIVAVHGNP TWSWLWRSLLAETVRRARRGMAAWRVVAPDQLDMGFSERLAHAGSPSAASMGRAGDTYRTLGGRIADLDA LLTALGLRDLAATGHPLITLGHDWGGVVSLGWAARHPELVAGVATLNTAVHQPEGAPIPAPLQAALAGPV LPASTVTTDAFLSVTTSLATPALDRETRAAYHLPYDTAARRGGVGGFVADIPADPGHGSHPELQRVGEDL AALGRTDVPALILWGADDPVFLDRYLDDLRDRLPHARVHRYERAGHLLVDDRDITAPLLQWAQLLRGGQL SDPASGLPGPVPHATADAAADPGLEVDLGEDPGAREPGVVRLWDHLRDWGAPGSDHREYTALVDMAGAQA GRSLVGTARRPVAVTWGELQEMVSAIATGLWAAGMRPGDRVAMLVPPGRDLSAALYAVLRVGAVAVVADQ GLGVKGMTRAMKSARPRWIIGRTPGLTLARAQSWPGTRISVTEPGAAQRRLLDVSDSLYAMVDRHRDPAA GDAVDEHGTVLPEPALDADAAVLFTSGSTGPAKGVVYTHERLGRLVALISRTLGIRPGGSLLAGFAPFAL LGPALGAASVSPDMDVTQPATLTAQKLADAAIAGQSSVLFASPAALANVVATADGLDAPQREALDAVRLV LSAGAPVHPQLMRQVSDLMPNARVHTPWGMTEGLLLTDIDGDEVQRLRTADDAGVCVGSALPTVSLAIAP LLEDGSAEDVILDPARGHGVLGEIVVSAPHLKDRYDALWHTDQQSKRDGLWRRDGRVWHRTADVGHFDAE GRVWLEGRLQHVITTPEGPVGPGGPEKTVDALGPVRRSAVVGVGPRGTQAVVVVVEAAVPATRPARRPGH HRDGRPKQGLAPTALASAVRAALEPLPVAAVLVADEIPTDIRHNSKIDRARVADWAEAVLAGGKVGAL,MSGFGYDVGLDAAGMPDLVERLASRRVLVTGASGLLGAGVARVLADAGNDVTTLQRRPSGVPGARDVRGS VTDPAAVEEALTGADTVVHVAAKVSVSGPEHEYEAVNVEGTRILLHAAQRHGVRRFVHVSSPSVAHAGDS IVGEGAGAASPEHARGPYARTKAAGERLALAADRDDFRVLVLRPHLMWGPGDLQLTDRIVQRARAGRMPV LGTGAPLVDTLYTANAVEAVVAAVSAADVHHGEALVVTNGEPRPVGELIRQIALAGGAAEPERRVPAGLA RRAGALIERAWERDLFGLRSRGVGSDDGEPPLTEFLAEQLSTAHWFDQRRTREVLSWTPTVSIDEGLHRV AAYYRDR
Cellulomonas cellasea ,PCDF-Duet1 (T7-lac promoter IPTG inducible),WP_034630946.1 ,WP_034630942.1,OleBC + OleD,C-term 6xHIS tag,None,NcoI/HindIII,NdeI/XhoI,MTSPGAPGPTAPASLPPRGLAGLDAGFSRLVRAPETPLTAVPEHGAGRAGAGSSAGPVRTWHVLDNGGRL DELGREPVGTVLCVHGNPTWSYLWRRLVAVATEAAAAGRPAWRVVAVDQLEMGFSERTGAHRPLARRVRD LGDLTDALGLAGPVVTLGHDWGGVVSLGWAVDHPDVLAGVAVLNTAVHQPAGTPVPAPLRLALRRGVLAS STRRTTAFLDTTLALAHPPLDPAVKAGYRAPYRSAGRRGGIEGFVADIPADAAHPSAAELDRVAAGVRAL DVPALVLWGAKDPVFRDRYLDDLQARLPHADVHRFETAGHLVAEDVDHATAVLDWLDDRFGEHDAGGAYR AGAGGATLGADADTHGRHAAPGHVEDAPADVAAHAAPGVDRPAHPDGVADDDPRPGRPAHVGPGHVEDVP AGHPAHAAGGTAGEWGDRHPLWYRLESLAGSAETALVELAPSAGPAPRVVSWRLLARRVREIAAGLDALG VRRGDRVSLVVPPGADLTAVLYACLRIGAVVVVADAGLGVRGLTRAVRGARPDVVIGAAPGLSAARALGW PGRRISVAPLAPALARALGVEHTLADVAELGARREPPAPPGPDDTAAVLFTSGSTGPAKGVVYTHAQLAA ACRALATRYDLGPGTGLVAGFAPFALLAPGLGARTAIPAMDVTSPRTLTAAAVADAAAAVDATVLFLSPA ALANVVATADGLTAEQHAGLGSVRTFLSAGAPVPVELLARAAELLPHATPHTPYGMTECLVVTDITLDEI RDAAGAPGPDVPGGVCVGRPAAGAVVRISALDDDGAATGTPSTEPDVTGEIVVSAPHLKQGYDRLHLTDR ASTLGTATSSGSDTGPRAGTGTGTAPGPGPGPERWHRTGDVGHLDAEGRLWVEGRLAHVVVTADGVVTPV GVEQRVDGVPGVARSALVGVGPRGAAVLVAVVETGPAARRPGLAAPDLAAAVRAAAGRPLAAVLVVPRMP TDVRHNSKIDRTRLAAWAEGVLAGRRARRP,MKVLVTGASGLLGRAVADALHAAGHDVRTFQRRPSGLAHAQDVLGSVTVPAEVDRAVAGVDAVVHLAAKV SLAGDPAQFHEVNVRGTGNVLAALARHGVERLVHVSSPSVAHTGASIVGDGALPADPARARGDYARTKAE AEVLALAADRPGLRVVAVRPHLVWGPGDTQLVARLAERARAGRLPLLDAGTVLVDTTYVDNAASAMVAAL GRLDAPDGAVRGQAYVVTNGEPRPIAEMLGGICTAMGAPAPSRHVPAALARAAGSLVEAVWRVRPGTDEP PMTRFLAEQLSTAHWFDQRRTRADLQWAPAVTLDEGLRRLRAASGTPAG
Clavibacter michiganensis ,PCDF-Duet1 (T7-lac promoter IPTG inducible),WP_015490788.1 ,WP_015490787.1,OleBC + OleD,C-term 6xHIS tag,None,NcoI/HindIII,NdeI/XhoI,MSASAAVDAATVPAAGPDGLPLPGLDPAWSRVVRAGGHGWHLLDTGERLAATGAPVAGTILCVHGNPTWS YLWRRIAAESLARAERDPSRPAWRVVAVDQLDMGFSERTGTARTLPTRLDDLQALTDELGLSGSAARAPV VTLGHDWGGVVSLGWALRNRDVLAGVMALNTAVHQEEGVPIPWPLRLALATGIHDAATRGTPGFLATTLA LAHPPLDPAVRRAFAAPYRGADRRAGIRGFVADIPVGPAHPSHATLTSIAEGLRDLDVPALFVWGPRDPI FSDVYLSDLLERLPHAEVHRVEGAGHLVAEDHDYASAALDWLADRIAPGSDRSPAPARAAAPVRPLGALL EELRDSDDPVLVEMAPRGGGGPRTVSWRLLSRRVREIAAGLHARGLRAGDRVSLLVPPGADLTALLYACL RIGAIVVVADAGLGVKGLGRAVAGSRPDMVVGIPAGLALARALGWPGERISVTTLAPPVARALGVAASLP EIARDGRAQVLPPEPAADDDAAILFTSGSTGPAKGVVYTHRQLAALRDTLGSRFDVGVGTGLVAGFAPFA LLGPALGATSVTPDMDVTRPRDLTASALAAAARAADATVVFASPAALANVVATADALTDADRAALGRVRS LLSAGAPLSEALLTRAAALVPAAQVHTPYGMTEGLLLTDVTLEGIRDAARRGDAGVCVGVPVDPVDIRIS RLDADGAATGALTSEPGVTGEIVAAAPHVHDRYDRLHVTDRAARRDSADGIRRHRTGDVGHLDAQGALWV EGRLPHVITTADGVLTPVGPEQRAESAPGVGRAAAVGVGPAGVQQLVLVVETVPAARRVGLAGADLAGVV RAAVGDPVAAVIVVPVLPTDVRHNSKVDRARLGRWAAGILAGGRVTAP,MIVLVTGASGMLGRAVAERLAAAGRAVRTFQRQPSGLAASGTQPVPGSVVDLRGSVTDPAAIVRAVDGVD AVIHLAAKVSLAGDPADFRAVNVEGTRSLLEAARAAGVTRFVHVSSPSVAHTGLSITGDGAGPADPVRAR GDYARTKAEGELIALAADDPAMRVLAVRPHLVWGPGDTQLVARIVDRAARGRLPLLGHGAALIDTVYRDN AADAIVAALAAADTAHGRAYVVTNGEPRPVAELLAGMCRAAGVPVPRIRVPAALARAAGGAVERVWAVRP GSDEPPMTRFLAEQLSTAHWFDQRETRRALGWTPAVSLDEGFERLRLAYAAAR
Dermatophilus congolensis ,PCDF-Duet1 (T7-lac promoter IPTG inducible),WP_051277576.1 ,WP_028327378.1,OleBC + OleD,C-term 6xHIS tag,none,NcoI/HindIII,NdeI/XhoI,MVTPVEIRSQLTGLPGIDPAWSRTVTAVDADGIDRTWHILDTHAPNGSDKETEPTHGTLLCVHGNPTWSY LWRHILAAPAPGWRVIAVDQLGMGFSENPRGSMAQPRTLAQRIKDLAGLTQALNLTGRVVAAGHDWGGMV ATGWALEHRELLAGLVLANTTVHHDFDAGLPTALKFSLTPRTLRAATVDTPAFVRGTTAVSSPRPSRDVQ NAYALPYRTRSDRSFVGQFVADIPTTSGHPTRATMRNLADGLSALGSETAPVPVLLLRGPKDSVFSEAHL RDLQARLPHADVHRYEGASHLVLEDAPRITEDIARWIETRVDQHGACINSDPAAHAGRPPQAPFAVGTPA QPWSGLTDLAHRDPEALCVAEVATGRRITFGQIDTDIEHVALGLRDAGLRPGDRVALLVEPGIDLTVAAY AAWRAGGVIVVADAGLGLSGMGRALRGAGVHHVIAMSKAMPALPALRVPGTRFLVGDLPRLARKALGVRA SFDDLRARGRALAAGGHTLPASRKPEDDAAVLFTSGATGPSKGVVYTLDQIRAQVGGFGHIYRLTPGDRL VAAFAPFALYGPALGVAGVVPDMKVTAPATLTAAALADAVTAARGTTVFASPAALRNVLATSEQLQPSQR RALAGVKIVMSAGAPVPLTLLRRLSDTVFPHAEMHTPYGMTECLPVSDITLDELEQVYAPERMQDGVCVG RAIESVQIMVAPLPAVPDGPDGDLTAEAGVVGEICVRAPHMKDRYDQLWGVDDASKSPRGWHRTGDVGHL DGDGRLWVEGRRVHVIHTAEGPLTPVGLEQRVESLNGVANAAVVGVGPRGLQQLVVVLTPDERGLARAAG GVLADQALHTAVRAAADRPVAAVLVRDSMPVDIRHQSKIDRTALACWAEDVLAGNGGRR,MKVLVTGASGMLGGGVAEALMQRGDEVTVLQRRVSNIPGVREVLGDITVPGDVDRAMAGQEAVVHLAAKV NITGRWEEYLRINAGGTLNMLDAARRHGICRFVHTSSPSVAHAGTSIVGEGAGPASPEHARGNYARSKAI SERMALEEDLRSQQAGSGPAVVVLRPHIVWGPRDTQLVARVIRRAQAGRLPVVGNGAALIDTLYIDNAVD AFVAAVDRCIDVRGESFVVTNGEPRPVSEIFVSWARAGGVDPAPKVLPKRPALWVGSAVDVVTGLRERFG VLNEADPPLTRFLVEQLSTAHWFDQRRTQQALRWTPKVSLDEGFARVAEYYCR
Geodermatophilus obscurus ,PCDF-Duet1 (T7-lac promoter IPTG inducible),WP_012948568.1,WP_012948567.1,OleBC + OleD,C-term 6xHIS tag,None,NcoI/HindIII,NdeI/XhoI,MTAPDTTAEEAARLPPALPGLDPAWSRLVAVADSTGVKHTWHVLDNGVPDPVGTLLCVHGNPTWSYLWRR LLAAAPPGWRVVAPDHLGMGFSDRLPGPRPLRQRVADLGDLTAALGVTGPVVTVGHDWGGVLSLGWALAH RQDLRGVVLANTAVAMPEGDLGPALIRMASAPGVRATVTVGTPVFVRATTALSRPALPAGVRSAFAAPYR SPARRRSVGDFVADIPFSPGHPSRPAQEAIAEGIRTLDVPALLLWGPRDPVFGERYLADLRSRLPQARLH RYEGASHLLPEDAPRYAEAVAQWVTDLGTGTTEPPDRPAGHAARRLWTALDERSGDDAPAVVEVGGTTVS WSALARRVRNLAAGLAASGVRPGHRVALLVEPSADLTTAVYAVWRAGATVVVADKGLGLGGMRRALRSAS VDAVIGSRPGLAAARLMGLPGSRFAAGRAGRAALRALGAAATLDELEARGRSAPVPAEGPVDDDCAVLFT SGATGPAKGVVYTHRQAAAQLDLVRSTYGLTADDRLVAAFAPFAILGPALGIGSAVPDVDVTAPGSLTAA ALADAAAAVDATVVFASPAALRRVGATAGDLSSGQRRALARVRLLMSAGAPVPASLLRSLREALPAADAH TPYGMTEVLPVTDVSLAGIEAAGEGEGVCVGAPLPGVTVRVSPLSPEGTADGPLTDRPGVVGEVCVRAAH VKDRYDALWALERAASRDPGFHRTGDVGHLDPDGRLWIEGRLQHVIATASGPVTPVGIEQRVERVDGVTA AAAVGIGPPGTQVVVLVVVPSEGSSGRRRQRLGLAGPDLADAVRAAAGVDVAAVLTTSALPVDIRHQSKV DRGEVARRAARVLAGARAPRP,MRVLVTGASGMLGRATATGLLERGDEVTVLQRRPSGLPCAEVLGDVADPAVVGRAVRGQDAVLHLAAKVD VTGPWAEYVTANVDGTRTVVDACRTADVGRLVHVSSPSVAHAGTALAGVGAGPADPARARGRYARSKAMA ELDVLAADSPSLAVLAVRPHLVWGPGDTQLVGRIVERARAGRLPVIGSGAALIDTTYVDNAAAALVAAVD ACGPVHGEALVVSNGEPRPVAEVLGRLCRAAGVPVPRRRVPFGAAYAVGAAVEGIWAVTGRRQVPPITRF LAEQLATAHWFDQRRTRTALGWRPRVGLDEGFSRLRTWYLRTPRSADTAPAQRPPTPSPAAPAP
Granulosicoccus antarcticus ,PCDF-Duet1 (T7-lac promoter IPTG inducible),WP_088919873.1,WP_088919874.1,OleBC + OleD,C-term 6xHIS tag,None,NcoI/HindIII,NdeI/XhoI,MSNRPTAPASLPPAGIVGLEPEWSRLVHTPKIDAVGRTWHILDSWADRSDDATPALTLLCVHGNPSWSFL WRRLLAQVMEAHGDRIRLIAVDQLDMGFSERTGVKRPLAQRIDDLCQLTDTLRIKGPVVTVAHDWGGPIS LGWALQHLPKANPDVSESSDSVQLAGVVLTNTAVHQPQGSPAPAVIRLIRSPLVLRNATVNTRAFIQGAI EMSRPALDARVRAGFHAPYLKRSQRSAIADFVADIPLDAKHESASTLDAIATGLTELAQIPALLLWGPRD KVFSDLYLHDLEQRLPHADVHRFPGAAHFVSEDADVAGAVIAWIDQYQLAVNDPAKASTHTAVSPDVPAQ PDRRALSDFSVATATNDAIVEIAPVHRSISFGELTERVDHLAAGMNSFGINAGDRVAVMVTPGIDLCLAV YGCWRLGATLVLVDSGLGRTGMQRALRSANPAYLIGIDKALIAAKLLRWPGKRIAVGKRSSVMNKALSIA SDMATLTERGRDQATPPWPAPETLAALAFTSGSTGPSKGVIYRHHQIQAQRDALMSLYQITQNDRLVAAF APFALYGPTMGITSIVPDMDVTSPGTLNAQALADAVKLVNATLVFASPAALVNVIASKSKLTEPQQAACS DVRLVLSAGAPVRAKLLTQATSIFTCADVHTPYGMTEALPIADIALSELQQIGKEAASDNLHAGGVCVGH PLPGVLVHIDPLDPQGEPMGQLSGEPGKLGEIMVQAAHTRDSYDRLWLTNYRASQPAGWHRTGDVGQLDA TGRLWVGGRLGHIITTPKGVLAPVASEQRIESLYDITAAAVVGVGPVGTQVVVAVVELLLTLTPRGGASM ELTEKVRKVVGEEVDIAAVLVVKKLPVDRRHNSKVDRTAVALWASRTLSGDSVASL,MKVLVTGATSLIGRHVVSRLLERGDQVTVLQRRPSGITGVSEVCCDIASSHDTATHSSGPGTESESANGK TTEDLLANAMESRDAVIHLAAKVSISGRWDAFEAINIKGTERLINTAKRCGVARFVHVSTPSVAHAGRSL IGAPAGQANPEQVHGHYARSKAIGEKIALAANGQAMKVVALRPHIVWGPGDTQLIKRIVDRARAGRLLLV GSALALIDTTYIDNAADAIVAGLDNTDRAAGHALVISNGQPRTVSEIMQRILIASGIDIPLRHVPAGVAI TAGTVIEHIWQALNRQDDPPMTRFLAEQLATAHWFDQRETHRLLNWQPSIGIEEGFERLAAFEQAESNS 
Legionella brunensis ,"Pcola-Duet1 (kan resist, T7 IPTG inducible promoter)",WP_058441655.1,WP_065235438.1,OleA + OleB,None,None,NcoI/HindIII,NdeI/XhoI,MRYQRVFINKIAYELPKEKVATSFLEEQLTDVYQELGIPLGQVEALTKIHQRRYWPVDHQLSDHAALAAK KAIKESGINSKKIQVLIYAGVGRAQLEPATACAVAHQLAIASDASVYDVSNACLGVLNGIIQIANAIELG QIHAGLVVSAESCREIIDTMVAEMKIQRNIEHFALSLATLTGGSGAVAVLLSDNALDSSHQLLGAVARQK SQWHQLCRWGSKTGILGNACNIMHTDSVSVLKYGVELGVETYKDFLQELLWQDSFPDKYICHQVGEANQL AIRRALNIPKERDFTTYETLANTGTVALPMTAAIADQVGFLKTGDKVAFLGIGSGLNCMMLGIKW ,MPEINADFCLYLRQFAYDFKNNFLSIDGKKMHFIDEGCGEPIIMLHGNPSWSFYYRYLVHALKNQYHVIV PDHIGCGLSEKPSRNEYSYTVQQRVHDLNVLLEQLRMKNNLTLVLHDWGGFIGMAYAVQHPESIARIIVL NTSVFHLPKQKRFPWLLRLARSTIGKYLVVQHNFFARGTAWIGCQAVRMPKLLREAYCCPYDSPSHRIAL WEFVHDIPVKPNDYSYSFLSSVQKQLPLLEKVPMLICWGMKDFVFDKHILEQWQRCFPNALIHRFPRHGH YVLEDAKEEVIPLVKQFLIDHPLRKKNE 
Legionella brunensis,PCDF-Duet1 (T7-lac promoter IPTG inducible),WP_058441479.1,WP_058441478.1,OleC + OleD,C-term 6xHIS tag,None,NcoI/HindIII,NdeI/XhoI,MSEPSPIVNISGFLSILAQRKPDKVALYVQTKTGQYLSYTYQELNQASHWIAKGLLIHGLKPKDRVVLMV KPGLMFFSLVFGLFKAGIVPVIIDPGLEKAKLKHALDQVEPIGFIGIPLAQIARILLKWGKKSIQQIITV GPRLFWGGTTLEQICQQGKETQSPLDLPVTHGNDIAAILFTSGSTGIPKGAVYKHSNFLAQVELIKKSFQ IQPGEVDVPTFPLFALFDPALEMTSVIPNMDFSKPAKANPDTIIQLVHEFNATNLFASPALLDRLSRYAA TKKLKMPTLKRTISAGAALHPKIVQQFKDTLNPNSELFTAYGATESLPVSLMGGNDILQDTQIKTHQGFG ICVGKTVPPSDVKIIQIDDRPLREWNKQFVLPPGEIGEIVVRGPQVTESYFQMERETLLAKIPIDNHRDF YHRMGDVGYFDESGRLWYCGRKSQRVITKDQTYFTEVCEGIFNQHPMVFRSALVGVHVQGSIVPVICIEL ESNTKARFTSIQLELRQLAQKFPQTQRISYFLHHKKLPVDIRHNAKIIREQVAKWAAKEINK,MKVLVTGGTGFLGKVIVQQLLDRGDKVRVYCRGNYPDLMTEGVEMVYGDMKDSQRLFKATQGIDAVIHTA SKVGVWGAYEDYYQCNVIGTESLISACKKQRVSFLVYTSSPSTVFDGHEVRGADEGLPYPTKFLNAYGAT KAKAEQLVMNANSDALKTVALRPHLIWGPHDNQLIPRLIERARRGVLKLINNHNALVDTVYVDNAAQAHL LALEHLKETSTCAGKVYFISQDEPVEINAFINRILMAADLPAVQKTISPKLAYGAGAILEFFYKLLGIRA EPMLTRFVAKQLTVTCWYDISAAKRDIGYRPEISIEEGLRRVSSWLRQNERNK
Lysobacter enzymogenes,PCDF-Duet1 (T7-lac promoter IPTG inducible),WP_074871001.1,WP_074870999.1,OleC + OleD,C-term 6xHIS tag,None,NcoI/HindIII,NdeI/XhoI,MDASDAVCNIAASLPRLAAQSPQRVAMRCPGTRGPDGLARYDVELTYAELDRRSDAIAAGLAKRGIVRGT RTAVMVRPSPEFFLLMFALFKAGAVPVLIDPGIDKRALRQCLDEAAPEAFIGIPLAHIARVVLGWAKSAR IRITTGARAFLADDTLARVERAGEGAGSQLADTKAEEVAAIVFTSGSTGVPKGVVFRHRHFVAQIEMMGE AFGIAPGGVDLPTFPPFALFDPALGLTSVIPDMDPTRPAQADPAKLHDALRRFGCDQLFGSPALMKVLAD YGQPLPTLRRVTSAGAPVPPDTVAKLRELMHEDAQFWTPYGATECLPVAVIEGRELQSTRAATEAGAGTC VGRAVARNQVRIVRISDEAIEQWSDELLVPAGTVGEITVAGPTATDAYFNRDGMTRLAKIRERTAQGERI VHRMGDVGYLDEQGRLWFCGRKGHRVETANGPLYTEQVEPVFNTHPKVRRTALVGTGAQGQQRPLLWVEL HQPRVGNRERERILAELREIGAGHAHTAGIERFRFHPGFPVDIRHNAKIGREKLALQARAIGD,MKILVTGGGGFLGQALCRGLVARGHEVVSFNRGHYPALDPLGVTQIQGDLADRDAVVAAAQGCEAIFHNA AKAGAWGSYESYHQANVVGTENVLAACRAHGIGKLVYTSTPSVTHRATNPVEGGSAETVPYGDGFKAAYA TTKTIAEKAVLAANSPQLATVALRPRLIWGVGDNQLLPRLVQRANSGRLRFVGTGENRIDTTYIDNAAQA HFDAFEHLAPGAACAGKAYFISNGDPRTVRETLNGLLGAVGAPTVDKTLPFRAAYVVGAICEGLWTLLPL KGEPPMTRFLAEQLSTTHWYDMGPAKRDFGYVPQVSFDEGLARVKAAQ 
Microlunatus phosphovorus,PCDF-Duet1 (T7-lac promoter IPTG inducible),WP_013865924.1,WP_013865925.1,OleBC + OleD,C-term 6xHIS tag,None,NcoI/HindIII,NdeI/XhoI,MNSARTAAAPLLDGLPGIDPTWSRRVDVPDADQIVRTWHLLERPANSESPIGTMICLHGNPTWSYLWRRF LQLAPDGWRVIAPDQLSMGWSEQLEQPRSLAQRIDDLARLTEALGVTGPVVAVAHDWGGPVLLGWAERHR DQLAGIVLTNTGVAIPAGTTLPPLIRIARSAPMLESVCVRTPAFVRGATAISRPRLPKEIRDAYASPYAI AGRRRAVRDFVADIPLESDHPSRAALDQVVDGLANLADVPTLLAWGPRDPVFSIRYLHDLRRRLPQADIQ LYPAASHLVVEDAPTAAADIWEWVQQAPLSADPHRALRHPADPESEITTEVRPLWAGLLERADDPATAIA ELGPRGVVPISFAALERRVADLTIGLVRAGVGPGQRVAVLVRPGIDLTVAVYACWRAGAAIVVADAGLGL RNLGRALRSADPDHLIAIPAGLTAAHALRVPGHRIVAGDLPPIMRARMRVSHTLAELEELGRHARQLDQR AGIPELTPPAELTELAAIPPSPGPDAEAAVLFTSGATGPSKGVVYRHRQLRAQIDLFGRVGDLRPGARLV AAFAPFALYAAALGAAAAVPDMDVTKPGTLTAKALAEAVAAVSATVVFASPAALRNVVATADGLTDDLRA QLGSVRILLSAGAPVPLPLLRRVQALLPNAELHTPYGMTEALPATDVTMAEIEQAVAEVGSRANGVCVGR PVPGVRIGIAPLGPDAVPAGEPVDVTDRTDLTDCTGEICISATHVKDHYDRLWLTQQRSVAAGQQQAGQR RTGWHRTGDVGHVDARQRLWVEGRLVHVITSPAGPITPVGIEQRVEALPGVELAAAVGVGPAGTQQTVVV LVPTGGATARRPLAPAALAASVRQAAGSPIAAVLVTDRLPVDIRHASKIDRSRVARWAEQVLAGDSLLHR DRRP,MRVLLTGGRSMLGAAVARQLADRGDQVTLLQRRPAGLGLPEVLADLADPAAGSAVRRAVDGQDAVLHLAA KVGISGSWPEFVATNVTGTATIVAACRELGIPRLVYVSSPSVAHSGSALIGVGATPADPDQASGHYARSK AMAEQLALAADQPDLRVLAIRPHVVWGPGDTQLVARIVDRARRGSLPVLGTGAALVDSTYVDNAVDATVA ALDRVDQVHGCALVITNGEPRPIAELIAGFAIAGGAPAPHRHLPAAVGRAAGGVVEAVWGARRLLGRPAA DDPPMTRFLAEQLSTAHWFDQRQTRDLLRWQPRIDLDTGFARLAAAYAFRLTCR
Micromonospora peucetia,PCDF-Duet1 (T7-lac promoter IPTG inducible),WP_091632187.1,WP_091632184.1,OleBC + OleD,C-term 6xHIS tag,None,NcoI/HindIII,NdeI/XhoI,MHGGRLRPEHVRPGGRVVSNRNALPPLGLPGLDSAWSRWVTAVDSQGVQRTWHVLDTAATDSGGPIRHIG TLLCVHGNPTWSYLWRHLLARFERADAPPWRVVAVDHLDMGFSERTGTVRGLAQRIDDLTTVTDALGLTG PVVTVGHDWGGSISLGWALRHRDQLRGVVLTNTAVHQPSGSPAPTLIRLARLPGVLPAVTVRTPTFLQAT LALANPWLPEPVREGYSAPYRTVDRRAAIGGFVADIPLSPDHPSWPALQEVAQGLHTLAETPTLLLWGPR DPVFGEVHLRDLRNRLPHAQLHRFEGAGHLLAEDADVAGAVAQWLVDLDRRPADPIATPEPAAPWRPLWA ALAERAEDRSVALVELANNGRQVSWSLLWQRIREIGAGLSASGVRRGDRVALLVPPGADLTAAVYACLRI GAVIVVADPGLGLAGMNRALRSADPSYLVAIGRGLVVARALRWPGRRFGAGPGAAVLGALTLGRLARLGA GVRELPAMPDPDDDAAVLFTSGSTGPAKGVVYTHRQLAAMRDALFELGVNADAGIVAAFAPFALFGPALG APSAIPDMRVTAPRTLTATALAEATAAVDASAVFASPAALRNVVDTRDALDDRQRTALEGVTLLLSAGAP VPAVLLTQTRALMPKAQPHTPYGMTEVLPVTDITLDEIVDTEPGDGVCVGRPLPGVQVAIAALDPTGTPS EQPGCAPGLTGEILVRAGHAKDRYDALWLTERDSSRNPGWHRTGDVGYLDPDGRLWVQGRLAHILVTSDG VLSPVGIEQQVESLPQIARAAVVGVGPPGVAQVVVIAETLPGARRARLASRELADAVRTAAAPPVAAVLV VPSLPTDIRHNSKIDRTRLRRWAERVLAGGRVSGL,MKILVTGASGMLGAAVATALRMRGDEVRVLQRRPSGLVGVDERRGDITDPEAVRAAAEGVDAVVHLAAKV SMTGPWQQFEHTNIGGTATLLAAARAAGVTRFVHVSSPSVAHHGAGLVGVGAGAADPDRARGHYARSKAS AELLALDADSPDFAVVAVRPHLVWGPGDTQLVGRIVERARASRLALVGQGTALIDTTYVSNAADALVAAL DRAPEVGVHGQVFVVTNGEPRTMHELIDRICVAAETAPPRLRVPVAVAKAGGAAVECLWSALRRTEEPPM TRFLAEQLSTAHWFDQRRTREALCWSPQVTLEEGFVRLALAYRQGPRPRGRRGAGTSSPS
Mobilicoccus massiliensis,PCDF-Duet1 (T7-lac promoter IPTG inducible),WP_040156583.1,WP_082043623.1,OleBC + OleD,C-term 6xHIS tag,None,NcoI/HindIII,NdeI/XhoI,MPGIDPSWSRLVEAPDADGIRRTWHLLDTHAETEDAGERPRGTLLAIHGNPTWSYLWRRLLAAAPPGWRV VAVDQLGMGFSDRPHGSMSAPRTLAHRIEDLSRLTDALDLGDRVVVAGHDWGGMVASGWALRHRDRLAGL VLANTTVWHDFQAGLPLPLRFAVVAGLLRAATVDTPTFVRGATAVSSPRPPRVVRRAYAAPYRSRAEREF VGQFVADIPADPADATRTTMAELAEGLAALGAEPAETRVPALLLRGPKDPVFSEDHLRDLRRRLPHADVH RYEGASHLVLEDAPRTATDIATWVRTRVDGEVSDGDPRAASERPPAAWAVGTSGCPWAGLTQMAREQPNA LCVAEIRGGETVASVTFGQLEETVEHLALGLREAGVRPGDRVGLLVEPGIDLTTAAYACWRAGAVLVVAD AGLGLPAMGRALRGAGTDHIIGIPKAITALPALRVPGARFLAGEMPGAVRRMLGVQSSLRELIARGRDLA GHGERLGDLGALGRAGSSDAAVLFTSGATGPSKGVVYTVDQIRAQIGGFGHIYRLRPGDRLGAAFAPFAL YGAALGVAGIVPDMQVTAPSTLTAAALADAIRAADATTVFASPAALRNVLRTAADVDEAQRTALSRVGIV MSAGAPVPLTLLQELRSVFPVAEMHTPYGMTECLPVSDVTLAELEQIAESGETQEGVCVGVPLDGVSIAI APLAREHGDGDGPLTTEPGVTGEICVRAAHMKDRYDQLWAVDHAAADHPRGWHRSGDVGHLDDAGRLWVE GRRVHVVHTPRGPVTPVGIEQRVETSSQVGSAAVVGVGPAGVQQIVVVVTVGDEEAVTQRESDPRRVLAG DELADEVRALAGVPVAAVLVRAAMPVDIRHQSKIDRAELAAWAESVLAGRSER,MKVLVTGASGMLGGGVARALASRGDEVTVLQRRTSGLAQQIGVHEVLADVADADAVSRAVSGQEAVIHLA AKVNVTGAWPDYVRANVVGTRTIVEACVRHDVPRLVHTSSPSVAHAGASIVGEGAGPADPERARGSYARS KAISERIALAADARARRDGRGPAVTVVRPHLVWGPGDTQLVARVIRRAQAGRLPVIGSGAALVDTTYVDN AVDAFVAALDRCEQVRGEAFVVTNGEPRPVSEIFAAWARAGGADAEPRRIPTRLALVAGSAVDVLTAVRD RFGLGDDDDPPLTRFLVEQVTTAHWFDQRRTRDALGWTPRVSLDEGFARLAAAGG 
Nakamurella multipartita,PCDF-Duet1 (T7-lac promoter IPTG inducible),WP_015749355.1,WP_015749356.1,OleBC + OleD,C-term 6xHIS tag,None,NcoI/HindIII,NdeI/XhoI,MVAPTVPPAPARRPPADLDGLDPAWSRLVRVPGTDGVGRTWHLLDNRTADPALTLLCVHGNPSWSYLFRS LLRQAPPRVRVIAVDQLDMGFSERTGRLRRAGDRIDELTELTDELRLTGPVVTVGHDWGGAISLGWALRH RDRLAGVVLTNTAVSGTRGPAVIRLVRSRWLLPTLTVRSTAFIDGALAMSHPRLRGPVRRAFRAPYRSAD RRAAIEDFVADIPIETDHPSAAVLDGIAGGLDALSRVPVLMMWGAADPVFSDTYLHDLERRLPHADVHRY ARAGHLLPEDADVAGVVVDWISTLGRRRPDRAAAEPVHAAVTHEPATDELITDEPSTLPDPHGELGDRPA ILELGAPGRPAGARSVTFGEFADLVGRTAAGLGHTGVRPGDRVALMIPPGIDLAVTLYACWRIGAVAVLI DSGLGPAGMSAAIRAAAPAYLVGIPKALVAARALRWPGRRISTRTLRAPGLLDVVGDLPTLRTATAPLPP PPTTADEAAVVFTSGATGPSKGVRYTHGRLTAQRDVLAGLYDVTPDDRLVAAFAPFALYGPAAGIPSVVP DMDVARPGTLTATALGDAAVAVDATLVFASPAALANVVATRDALTEAHRAAFARVRLLLSAGAPVRPSLL AAAAELFPNAAAHTPYGMTECLPVATISLAEIRAATGGDGVCVGSPAPGVAVRIRRLDERGRPTGDLLEQ PDVLGEVVVRAAHARAGYDRLWHTEFLASQPAGWHATGDVGRLDRAGRLWIGGRLGHVITTPDGPVAPVG LEQAVEDLPGVRAAAVVGVGPVGAQQLVVLLTVDPDGRFDPPSRPRLAGLDRLDQVRAVAGDRDVVAVFE LPRLPVDRRHNSKIDRTRLAGWAARALQGRRPRTP,MKVLVTGATSLVGRVTVRRLVDRGDEVTTLQRGTTDLPGRALRGSLTDPDAVERACAGQDAVIHLAARVG AAGPWSEFERVNVTGTANLLAAARRAGAGAFVHVSSPSVAHAGRSLVGAEADPANPATARGAYARSKALG ERAALAASSPAMPVVVLRPHLIWGPGDTQLVGRVVDRARRGRLALVGPGTALVDTLYVDNAADALVAALD QAPRLGGRVFVLSNGQPRTAAELTARVLAAAGLTVTPRHVPRWLAVAGGSLVEQVWARTGRTDDPPMTRF LAEQLATAHWFRQAPAQAALHWRPAVGLDEGFARLADWFRSGRV 
Okibacterium fritillariae,PCDF-Duet1 (T7-lac promoter IPTG inducible),WP_079726386.1,WP_079726387.1,OleBC + OleD,C-term 6xHIS tag,None,NcoI/HindIII,NdeI/XhoI,MPGAARTPAPASMPPQGLPGLDSRFSRIALVPDSGDAIGTTRGWHALDNGAELDRLGVTPVGTILCVHGN PTWSYLWRELVQQATDVAATGSGDAWRVIAVDQLDMGFSERTGVHRPLAQRVRDLADFTLAIGLEGPVVT LGHDWGGVVSMGWAVDHPELLSGLMLLNTAIHQPSDAPIPAPLRLALARGVFGQATVATPAFLETTLALG HPAVSRAVKDAYRAPYRGAARRGGIGGFVADIPVDASHQSFAELSRISSALRRLTVPAVMLWGPRDPIFS DRYLDDLIDRLPHADVHRFEGAGHLIAEDVDYADALLTWLGDNAARVTTGAARSEQPTEDYADTVATGSK AALVEKASDDAGTGAAASDRPLWHYLDELSDSGETALVEMNPGNGAEPRVVSWKLLSRRVREIAAGLAGV GVKKGDRVSLLVQPGADLTAVLYACLRLGAVVVVADAGLGLPGLTRAVRGAQADHVIGAAPGLAAARALG WPGQKISVTTFPRAVARALGISHTLAELVRDGRGATLPEAPAPSDTAAILFTSGSTGPAKGVVYSHAQLG AIRDTLAAQYGVGVGTGLVAGFAPFALLGPALGARSVTPDMDVTSPKTLTATAVAQAAAAVDATVVFLSP AAVTNVVATADALTDAQRHALAGVQTFLSAGAPVSESLLAAAADLMPNASAHTPYGMTEGLLMTDISLDG IRAAAASRAVGGVCVGTPAASVQVRISALDDLGQPTGEPTTEAGVTGEIVVSAPHLKSNYDRLWMTDRAS RVGTDSAFADRRDAGDASPGAVSAAAAAASTRTRWHRTGDVGHLDEAGRLWVEGRLPHVIATPDGVVTPV APEQRVESLDRVARAAVVGVGPRGTQQIVVIVETASPARRVALADRELTSSIRGVAGVPVAAVLEVPRLP TDIRHNSKIDRSGLSRWAADVLAGGRMRQP ,MKVLVTGASGLLGGATARAIAAQGHAVRTFQRRPSGLAGEPGFEDHLGSVTDAAATARAVDGVDAIVHLA AKVSLAGDPADFRRVNVGGTGMLLNAARIAGVERFVFVSSPSVAHSGSSIVGDDARPADPERAHGDYART KAEAELLALSRDSDALRVVVVRPHLVWGPGDTQLIERVVDRARSGRLPILDNGAALIDSVYVDNAASAIA AALRRVDAVHGNSYVVTNGEPRPVADILASICEAAGAPVPAWRVPASVARAAGSAVEALWSVKPGVDEPP MTRFLAEQLSTAHWFDQRRTRRDLEWTPEVSLDEGFRRLAAYYR
Rothia mucilaginosa ,PCDF-Duet1,WP_005508111.1,WP_005508110.1,OleBC + OleD,C-term 6xHIS tag,None,NcoI/HindIII,NdeI/XhoI,MRHLNFPKAQPPYNPEEWAGVNPRYSHLLEVPTSAPIEQRAQQAGARRWHYLDNLPVLVEQGLEPIGTIL CVHGNPTWSYLWRTVLDAGVNERAPWRVVAVDQIDMGYSERTHLDLEGERRSLTDRIADLGDFTKALGLD ETDKPVVTLAHDWGGLVSFGWALEHREILSGVMLTNTAVYHDGIENIPAALRLALGVHEWGTHDSTAFID VTLGLAQNEGRLPAPGSAGAGALDGALPQPVGQQPKRLYPSPLNEAIYRTYRAPYAHSAWREGVRNFVGD IPTGTDIPSYTPMQRIAEQIRDLDVPAFFQWGTKDPVFQRRYLFDLMERMPQAKVHRYEKASHLVIEDYD IATPMISWLAQTFGTREDGALVPPHNVEAEHRAARARRHGLTTGEGTAAEGAEGAVPAAFRPMLAALTER ANDTSTAVVDMDPKGDGTSVSVTLTWAELNQQVNAAATRLHALGVRPGDRVNLMVPPGARLTTLIYACMK LGAVIVVADTGLGIPGLTRALKGANPSFLVGIPTALSAARTLLWPGVRISVEPLGSVQEKLLGVAGSVFT APAADGTPGAPVPTPTVVEFPSPVPDADAAVLYTSGSTGPAKGVVYTQRQLAGMRDAIANTYGFAPGSGL VAGFAPFALLGPALGATSVTPTMDVTRPKTLTASALASAAAAIDASVVFASPAALVNVVATADELSGEQR AALAKVQTVLSAGAPIPVPLLEALSALVPNASLHTPYGMTEGLPVTDVSFEMIRQAIAEGTPNAAGEVLD PFARDGVCVGFAVYGAAVAIAPLLQDGSVADELTHEPGVTGEILVSAPHVKDRYDTLWVTEEQSISTPGW HHTGDVGHLDASGRLWVEGRLAHVLLTSQGVLTPVAAEQSAESLPEVRRAALVAVGPAGTAAPVLVIEAS ANTATLEARQSASGLKRALLDRVPGARRFPIAEGVAPFELSQLVRQKVAEDTGVELAAVLVVHEHPTDIR HNSKIDRPALGEWASKVLAGA,MSPHSSRESSSHEPAPRLSGHRLSTAHAVTSPTARFRKPAQPLAARYTDPAPRSLRPVEEPDFAPRIGER ILFTGASGLLGRESVLALLRAGYDVRVFQRGDSGIAALLPDSIRPRFEQVRGDITNAQAVDLALTGVNGV VHAAAKVSVSGEWADYERINIEGTRTLLQAALNHSVGSFLYISSPSVAHAGAAIVGDGAGVASPEHARGN YARSKAAAELLALEANGTPLPGGGVLRVGALRPHLMWGPGDTQLVERILERSAAGRLPLLSGGTGLIDTL YIDNAADAVVRGYQRLDAFAGKALVVTNGQPRTIAELLGGFCEAVGVPAPRFSVPAKVAALAGKVIERVW ERLPKNVTAGDEPPMTEFLAEQLSTAHWFDQRRTRELLQWEPAVSIEEGYERLGLFYGDRYKR 
Sanguibacter keddieii,PCDF-Duet1 (T7-lac promoter IPTG inducible),WP_012868614.1,WP_012868613.1,OleBC + OleD,C-term 6xHIS tag,None,NcoI/HindIII,NdeI/XhoI,MNPTLPAAASTTAAATLPPALDGLDPGWSRLVEAPDSEGTTRTWHVLDNAARLEQVGAVPVGTILCVHGN PTWSYLWRGLLAAATEQAQAGGAAWRVVAVDQLDMGFSERTGQPRRLPQRVRDLDRLTTALGIDGPVVTL GHDWGGVVSLGWAVDHPDRLVAATVLNTAVHQPETDPIPAPLRLTLQGPVLGPATVSTPGFLATTLALAR PALSPEVRDGFRAPYLSADRRGGIGAFVADIPVDETHPSHAELDRVAEGLRGLTVPALALWGPRDPIFSD RYLDDLTDRLPHLDVHRFEGAGHMIAEEVDYAGAVLTWLDDLPSRTAAAAQDRAQDRAQARAEAGVEAGA DRDARPSTAAAAGWTTAPLWQQLEEHRDSDGTVLVEMAPSTGVGPRSVSWRLLSRRVDEIAAGLLALGVQ RGDRVSLLVPPGADLTAVLYACLRVGAVVVVADAGLGLRGLTRAVRGARPSYVVGALPGLSAARALGWPG LKISTTALPAATARALGVSHSLLDVAGLGAQRLEGTTLGALTGTPGPDDTAAVLFTSGSTGPAKGVVYTH GQLAAVRDALASRFGIGPGSGLVAGFAPFALLGPALGARSVTPDMDVTSPSTLTARATAAAVAAADATTL FLSPAAIANVVATADELTPEDHEALARVQTFLSAGAPVSGSLLAAAERLMPHASAHTPYGMTEGLLLTDV TADEIRAAEASGGRGVCVGRPVATATVRVVALDELGRATGDLTDAADVTGEIVVAAPHVKDRYDRLWLTE HSSRAVDGPAAPDGLRWHRTGDVGHLDADGRLWVEGRLAHVVVTAHGVVTPVAPEQAVESSRLVARAGVV GVGPVGTQQLVAVVETVDRARRPGLAPHEVAADVRALSPEPLAAVLVVPDLPTDVRHNSKIDRSRLSAWA EGVLSGGRMTTP,MTGHDVQPPSTVLVTGASGFLGRAVVRELLDQGHEVRTLQRTPSRTAGATDVLGSVTDPDVVARAVDGVD AVVHLAAKVSLAGDPADFERVNVGGTRTLLDAAEAAGVRRVVHVSSPSVAHHGDSIVGDDAGPADPALAR GDYARTKASAELLALGRDGSALHVVAVRPHLVWGPGDTQLVARVVERARAGRLPVLGHGAALIDSTYVDN AAGAIVAALAVVDEVHGQAYVVTNGEPRPVAELLAGICRAAGVEPPRWSVPAGVARAAGSAVEAGWKVRP GADEPPMTRFLAEQLSTAHWFDQRRTRRDLRWQPTVTVDEGLRRLAESYR
Shewanella putrefaciens,"Pcola-Duet1 (kan resist, T7 IPTG inducible promoter)",WP_061782733.1,WP_011789932.1,OleA + OleB,None,None,NcoI/HindIII,NdeI/XhoI,MKYSRVFINSLAYELALVVVSSSELESRLAPLYQKFRIPMGQLAALTGITERRWWPKGHQLSDGAINAAR KAIAETGINVADLGVVVYTGVCRDQHEPATACRIAAELGVSKDTAIYDISNACLGVLSGILDIANRIELG QIKAGMVVSCESARDIVDVTIDNMLASPTMQNFAQSLATLAGGSGAVAVILTDGSLPLTNVRKHQLLGAS HLSAPEHHQLCQWGLQEVGHNLYREFMRTDAVTLLKEGVELAKHTWEHFLEQRNWLVEQVDKVICHQVGA SNRKQVLSALNIPPEKEFPTYQLLGNMGTVSLPVTAAMAHDEGFLQAGDQVSFLGIGSGLNCMMLGIKW,MLDTLLPFQRHFFNRNGNKLHYINEGHGEPVVMVHGNPSWSFYYRNLVSALKDSHQCIVPDHIGCGLSDK PDDSGYDYTLKRRIDDLEALLDSLNIKENITLVVHDWGGMIGMGYAARYPERIKRLVILNTGAFHLPESK PFPWPLWICRNTLLGTVLVRGFNAFSSIASYVGVKRQPMAKYIREAYVAPFNSWSNRISTLRFVQDIPLR EGDRNYQLVSDIAASLPKFAKVPTLICWGLKDFVFDKHFLAKWRQHMPHATVHEFADCGHYILEDASDEV IAHIKGFMADEQVASASAERAAG
Shewanella putrefaciens,PCDF-Duet1 (T7-lac promoter IPTG inducible),WP_082785907.1,WP_061782731.1,OleC + OleD,C-term 6xHIS tag,None,NcoI/HindIII,NdeI/XhoI,MPLVTETPFSTGTSQSAIASDANICRHLKQAAHDIPHHLAVAVQSAKGASVANLRYSELDFLSLDRQSDV IAFALNAHGITRGMKAVLMVTPSLDFFALTFALFKAGIIPILVDPGMGIKNLKQCFAEAAPDAFIGIPKA HIARRLFGWGKGTIKILLNVDGGKTGFAAKLNCMATGAMSLSTLLQNTSAQSSGAQSSAQKSPYPMVLLK PNEMAAILFTSGSTGTPKGVVYSHAMFEAQIQALKNDYGICHGERDLATFPLFSLFGPALGMASIVPEMD ASKPITANPEFLFAAIEQYQCSNIFVNPALLERLGRAGEQKQHTLPSVKRVISAGAPATIASIARFSKML SDGVPVLNSYGATESLPISMIASDALFATTEMTDNGAGICVGHAIDGVSIGIIGISEAVIPEWDDALLLK NGEIGEIIVQGPMVSQSYYQYDSQRDNQRDSATAMAKIWDPVANCVRHRMGDLGYLDDQGRLWMCGRKAH RVDATHKGKFAKRYYSIPCERIFNTHPNVKRSALVGVKVANEITPLICIELDTSLVCNKSQQLYQELTTL AEQFHQTQGIKRFLIHPDFPVDVRHNAKIFREKLAVWAQSQTKG,MMNDPSKSTTLIQFHTVEQIALTQLALKVQHAFVTGAGGFLGKAICLRLLAAGIKVTGFARGHYPELEAL GVAMKQGDLVNKEQLQQAMQGCDIVFHVASKAGVWGDRDSYFCPNVKGAANVIAVCKALKINKLVYTSTP SVTFTGQDESGIDESTPYASTFLNYYAHSKAIAEKMMLDANQFGEVPLEHTDATQMITPYALKTVALRPH LIWGPGDPHLVPRVLERGRLGKLKLVGREDKLVDTIYIDNAAYAHVLAALELCQPKPKCQGKAYFLSNDE PITMVKMLNLILACDGLPPVTRRVPRTVAYIAGAALESLYFLLKKKEEPLMTRFVARQLSCSHYFDISAA KRDLGYCALVSIDEGMARLRTSLLG
Streptomyces ambofaciens,"Pcola-Duet1 (kan resist, T7 IPTG inducible promoter)",WP_053141838.1,WP_053141835.1,OleA + OleB,None,None,NcoI/HindIII,NdeI/XhoI,MSEAIRARIAAVCAHLPSRYRTLDETRAKITETGGYAPPPGLLEDLTGVRGVHVHEDGENSSDLAVAAAR SALEQAGLKIRDVDLLLFASTSQDLIEPATAHLVATKLGASCPVFDVKNACNSFLNGMEVAASFIETGRY RTVLIACGEPATLATRWHLPTREDLLRALPGYTASDAGAAMVLTAGPAGDGDPGILSLRFVSNSPAWEAC TVAGGGSMHHLSVHDDHTTLRLNGDLWQSALDVLPRIMDTAGEEFRAAQAGAVSFIAFHQIAMPQYREVI DLFSLPEDRCMPAVAEHGNCAAASLPLQLAKAREADRIEGGDLVAMIGLASGFSFGLALVRW,MVTARAGHAPAPDRAALERLMPGYPAPRHWRRVPVTGQHYLDLGSGRPVLFLHGNPSWSYVWRKLLHRLA PHARCLAPDLPGFGLSRRLRPADGVPDPYEAQLEGLDSLHRHLVRNEGLPERGWTFVLHDWGGPLGTAWA LRNPGVVARLVVCNTVAFPFPEGFRLPFYLRWIRDHRPVATFVHATNAFARVAVRAGVHHPMLPAERRAY LRPYARRAERRAVTDAVRAIPRGPADPVWHLLEPPGAVAGLADLPLLVGWGMRDPVFTPDLLQEWARLYP QAVIHRFPDAGHFVMEDAAAELSDHIRDFLQGAP 
Streptomyces ambofaciens,PCDF-Duet1 (T7-lac promoter IPTG inducible),WP_053141833.1,WP_063796806.1,OleC + OleD,C-term 6xHIS tag,None,NcoI/HindIII,NdeI/XhoI,MTTTAADFAGRLAERPDAVALVESRKGISRTTRRGELVRHCRRIAQDLREAGVRPGHKAVVMTRDAHDLT AVSYALVMLGAVPVLIEPRAEVGRCLQDIAPDVFIGEPLAHLGRRVLGWGRPHVRTALVTGSAPLSPGRR LVTRTPADDASPPQVREPDGDEPALIAFTSGSTGRPKGAEYRHSTLAGQLDALATLMDPRSEDVLLAGFL PVALLGPLLGLATVAPAVNHLAPARTSPQEVVGPLREHRASIVLASPAVLALIARHCARHDLTLPSVRQI LSFGAPLRVGLADALRKAVPDDAEILSVYGATECLPVSAIGDHDLRASRTAPPAGHAGTCLGRPLPGIRA RILEADATGLGEIAVTGPTVSPTYHARPVADTFTKSDTDHGVLHRTGDLGRLDDEDRLWFLGRKAHLITG TGFTLTTEDVEAAADTAPGIRRTALVGVGTAVCQLPVLCVEPMPSTPRARALEAVRAVLKDHPDGYRVGA VLIHTAFPTDPRHNSKIDRMRLAGWAAKRLRGRVR,MKVLVTGGSGFLGLEICRRLSARGDVASSLHRRPSGALQQLGVHQHLGDLTDADAVSRAVAGCDAVIHNA ALAGVSGPPRPYWATNVLGTRHVIEQCRAHGVRTLLYTSTASVVFRPGGLEGATESLPTAPRHLAAYPAT KARAEALVLAAHGPELATVSLRPHIIWGPGDPHFAPVLARAVRAGRLLMPGDGANLIDTTHVRTAAHAHL LALDSLRRSPQTAGGRAYFIGQGDPRPLREITRHFLRAAGIDARWCAVPPRLATIGAAVGDTILRAARST RTHALSRFLVAELLHPHYFDLTAARRDLDFAPPVGFDAGIAELSLSIPNDSEETPCRTPTTPSAPS
Nocardia brasiliensis,"Pcola-Duet1 (kan resist, T7 IPTG inducible promoter)",WP_042260942.1,WP_042260944.1,NltA + NltB,None,None,NcoI/HindIII,NdeI/XhoI,MSHSRFESIGAYLPSNVVTTQELLARLQEPPSFDLEKITGVKERRVHDTRPESYEDSFAIAMKAAQDCLSRSRYEAAELDVIISTSITRSNHATRMYMEPSFAGSISRLIGAKKAITFDVSNACAGMLTGTYILDRMIRSGAVRNGMVVSGEAITPIADTAVAEISEKYDLQFASLSVGDSGAAVVLDQAVDDDDKIHYIELMTASEYSHLCLGMPSDKSQGVALYTDNRKMHNEDRFLLGTNSQINYLEAQGRTFADEKFDYVIHHQFGAAAIPWMNAICEREFGTPMPPDLRVIEKYGNTSTTSHFIVLHDQLSEQNIPAGSKLLMIPAASGIVTGFLSTTISSLKV,MGVRIKSTGVSRAEDTNSSVENSGRAAKQSLERAGVRPDQVGVLINAGVFRDSNTVEPAVSALIQKAAGIGLEYAKDDPRTFSFDLMNGATGVLNAVGVATSILETGSAEHVLIVSGDAHPSMTRKAATDDFPYAASGAALLLERTDEPEGFGRVHTVNGEGTPAVEAYVDTATMGSVGRGLMTVEREPDFAARLLNVAVEAALAALNEAGHDDLSGTALIASTPTAEFPLQLADALGIDEDAVRTPDLTDGDPHTAALPQAYHRAVVDETLREFGHVLFVAAGAGPSAAAVLYRLPALAGATA
Nocardia brasiliensis,PCDF-Duet1 (T7-lac promoter IPTG inducible),WP_042260945.1,WP_042260949.1,NltC + NltD,C-term 6xHIS tag,None,NcoI/HindIII,NdeI/XhoI,MSSATYWQAIDRFRAFARAEPDREAVIYPVGTDAAGLPAYRHISYRELDDWSETIAERLTASGVGSGTRTIVLVLPSPELYAILFALLKIGAVPVVIDPGMGLRKMVHCLRAVEAEAFIGIPPAHAVRVLFRRSFRKVRTTVTVGKRWFWRGAKLAAWGTTPSGGAVDRVPADPGDVLVIGFTTGSTGPAKAVELTHGNLASMIDQVHTARGEIAPETSLITLPLVGILDLLLGSRCVLPPLIPSKVGSTDPAHVAHAIETFGVRTMFASPALLIPLLRHLEQQPNELKTLASIYSGGAPVPDWCIAGLRAALTDDVQIFAGYGSTEALPMSLIESRELFDGLVERTHRGEGTCIGRPADRIDARIVAITDDPIPTWARAEELAGDLARSRGIGELVVAGPNVSTHYYWPDTANRQGKIVDGDRIWHRTGDLAWIDDAGRIWFCGRKSQRVVTADGPMFTVQVEQIFNTVAGVARTALVGVGAPGAQRPVLCIELKPDAEGAAVGAALRARGAEFDLSRPIADFLIHPGFPVDIRHNAKIGREQLAQWAGEQLGARA,MSKVLVTGASGFLGGALVRRLIRDGAHDVSILVRRTSNLADLGPDVDKVELVYGDLTDAASLVQATSGVDIVFHSAARVDERGTREQFWQENVRATELLLDAARRGGASAFVFISSPSALMDYDGGDQLDIDESVPYPRRYLNLYSETKAAAERAVLAADTTGFRTCALRPRAIWGAGDRSGPIVRLLGRTGTGKLPDISFGRDVYASLCHVDNIVDACVKAAANPATVGGKAYFIADAEKTNVWEFLGAVATRLGYEPPSRKPNPKVIDAVVGVIETIWRIPAVATRWSPPLSRYAVALMTRSATYDTGAAARDFGYQPVVDRETGLATFLAWLEKQGGAVELTRTLR